<?xml version="1.0" encoding="UTF-8" standalone="no"?>
<!DOCTYPE log SYSTEM "logger.dtd">
<log>
<record>
  <date>2026-07-21T09:01:16.366147Z</date>
  <millis>1784624476366</millis>
  <nanos>147000</nanos>
  <sequence>0</sequence>
  <level>START</level>
  <class>com.kms.katalon.core.logging.XmlKeywordLogger</class>
  <method>startSuite</method>
  <thread>1</thread>
  <message>Start Test Suite : Test Suites/Pilar 1/UAT/Showroom-Supplier/Kunjungan Showroom - CBU</message>
  <nestedLevel>0</nestedLevel>
  <escapedJava>false</escapedJava>
  <property name="rerunTestFailImmediately">false</property>
  <property name="retryCount">0</property>
  <property name="name">Kunjungan Showroom - CBU</property>
  <property name="description"></property>
  <property name="id">Test Suites/Pilar 1/UAT/Showroom-Supplier/Kunjungan Showroom - CBU</property>
</record>
<record>
  <date>2026-07-21T09:01:16.386492900Z</date>
  <millis>1784624476386</millis>
  <nanos>492900</nanos>
  <sequence>1</sequence>
  <level>RUN_DATA</level>
  <class>com.kms.katalon.core.logging.XmlKeywordLogger</class>
  <method>logMessage</method>
  <thread>1</thread>
  <message>userFullName = Syarifah Risyani</message>
  <nestedLevel>0</nestedLevel>
  <escapedJava>false</escapedJava>
  <property name="userFullName">Syarifah Risyani</property>
</record>
<record>
  <date>2026-07-21T09:01:16.387494800Z</date>
  <millis>1784624476387</millis>
  <nanos>494800</nanos>
  <sequence>2</sequence>
  <level>RUN_DATA</level>
  <class>com.kms.katalon.core.logging.XmlKeywordLogger</class>
  <method>logMessage</method>
  <thread>1</thread>
  <message>projectName = CSUL-Pilar-1</message>
  <nestedLevel>0</nestedLevel>
  <escapedJava>false</escapedJava>
  <property name="projectName">CSUL-Pilar-1</property>
</record>
<record>
  <date>2026-07-21T09:01:16.388546400Z</date>
  <millis>1784624476388</millis>
  <nanos>546400</nanos>
  <sequence>3</sequence>
  <level>RUN_DATA</level>
  <class>com.kms.katalon.core.logging.XmlKeywordLogger</class>
  <method>logMessage</method>
  <thread>1</thread>
  <message>hostName = Syarifah Risyani - Syarifah</message>
  <nestedLevel>0</nestedLevel>
  <escapedJava>false</escapedJava>
  <property name="hostName">Syarifah Risyani - Syarifah</property>
</record>
<record>
  <date>2026-07-21T09:01:16.388546400Z</date>
  <millis>1784624476388</millis>
  <nanos>546400</nanos>
  <sequence>4</sequence>
  <level>RUN_DATA</level>
  <class>com.kms.katalon.core.logging.XmlKeywordLogger</class>
  <method>logMessage</method>
  <thread>1</thread>
  <message>os = Windows 11 64bit</message>
  <nestedLevel>0</nestedLevel>
  <escapedJava>false</escapedJava>
  <property name="os">Windows 11 64bit</property>
</record>
<record>
  <date>2026-07-21T09:01:16.389824700Z</date>
  <millis>1784624476389</millis>
  <nanos>824700</nanos>
  <sequence>5</sequence>
  <level>RUN_DATA</level>
  <class>com.kms.katalon.core.logging.XmlKeywordLogger</class>
  <method>logMessage</method>
  <thread>1</thread>
  <message>hostAddress = 172.16.0.2</message>
  <nestedLevel>0</nestedLevel>
  <escapedJava>false</escapedJava>
  <property name="hostAddress">172.16.0.2</property>
</record>
<record>
  <date>2026-07-21T09:01:16.391249200Z</date>
  <millis>1784624476391</millis>
  <nanos>249200</nanos>
  <sequence>6</sequence>
  <level>RUN_DATA</level>
  <class>com.kms.katalon.core.logging.XmlKeywordLogger</class>
  <method>logMessage</method>
  <thread>1</thread>
  <message>katalonVersion = 11.1.1.0</message>
  <nestedLevel>0</nestedLevel>
  <escapedJava>false</escapedJava>
  <property name="katalonVersion">11.1.1.0</property>
</record>
<record>
  <date>2026-07-21T09:01:16.528639500Z</date>
  <millis>1784624476528</millis>
  <nanos>639500</nanos>
  <sequence>7</sequence>
  <level>START</level>
  <class>com.kms.katalon.core.logging.XmlKeywordLogger</class>
  <method>startTest</method>
  <thread>1</thread>
  <message>Start Test Case : Test Cases/Pilar 1/Showroom-Supplier/UAT/CBU/SPV-CBU-Assign-Staff</message>
  <nestedLevel>1</nestedLevel>
  <escapedJava>false</escapedJava>
  <property name="origin"></property>
  <property name="name">Test Cases/Pilar 1/Showroom-Supplier/UAT/CBU/SPV-CBU-Assign-Staff</property>
  <property name="description"></property>
  <property name="iteration"></property>
  <property name="id">Test Cases/Pilar 1/Showroom-Supplier/UAT/CBU/SPV-CBU-Assign-Staff</property>
  <property name="source">C:\Users\Syarifah Risyani\git\Pilar 1\CSUL-Pilar-1\Test Cases\Pilar 1\Showroom-Supplier\UAT\CBU\SPV-CBU-Assign-Staff.tc</property>
  <property name="tag"></property>
  <property name="isOptional">false</property>
  <property name="uuid">a191359f-ec9b-45f3-b035-e6ffa7c8bb25</property>
</record>
<record>
  <date>2026-07-21T09:01:16.583263Z</date>
  <millis>1784624476583</millis>
  <nanos>263000</nanos>
  <sequence>9</sequence>
  <level>RUN_DATA</level>
  <class>com.kms.katalon.core.logging.XmlKeywordLogger</class>
  <method>logMessage</method>
  <thread>1</thread>
  <message>executionBindingVariables = []</message>
  <nestedLevel>1</nestedLevel>
  <escapedJava>false</escapedJava>
  <property name="executionBindingVariables">[]</property>
</record>
<record>
  <date>2026-07-21T09:01:17.014375200Z</date>
  <millis>1784624477014</millis>
  <nanos>375200</nanos>
  <sequence>10</sequence>
  <level>START</level>
  <class>com.kms.katalon.core.logging.XmlKeywordLogger</class>
  <method>startKeyword</method>
  <thread>1</thread>
  <message>Start action : callTestCase(findTestCase(&amp;quot;Pilar 1/Login/UAT/SPV-CBU&amp;quot;), [:], STOP_ON_FAILURE)</message>
  <nestedLevel>1</nestedLevel>
  <escapedJava>false</escapedJava>
  <property name="startLine">20</property>
  <property name="stepIndex">1</property>
</record>
<record>
  <date>2026-07-21T09:01:17.252454600Z</date>
  <millis>1784624477252</millis>
  <nanos>454600</nanos>
  <sequence>14</sequence>
  <level>START</level>
  <class>com.kms.katalon.core.logging.XmlKeywordLogger</class>
  <method>startTest</method>
  <thread>1</thread>
  <message>Start Test Case : Test Cases/Pilar 1/Login/UAT/SPV-CBU</message>
  <nestedLevel>2</nestedLevel>
  <escapedJava>false</escapedJava>
  <property name="origin"></property>
  <property name="name">Test Cases/Pilar 1/Login/UAT/SPV-CBU</property>
  <property name="description"></property>
  <property name="iteration"></property>
  <property name="id">Test Cases/Pilar 1/Login/UAT/SPV-CBU</property>
  <property name="source">C:\Users\Syarifah Risyani\git\Pilar 1\CSUL-Pilar-1\Test Cases\Pilar 1\Login\UAT\SPV-CBU.tc</property>
  <property name="tag"></property>
  <property name="isOptional">false</property>
</record>
<record>
  <date>2026-07-21T09:01:17.275906500Z</date>
  <millis>1784624477275</millis>
  <nanos>906500</nanos>
  <sequence>16</sequence>
  <level>RUN_DATA</level>
  <class>com.kms.katalon.core.logging.XmlKeywordLogger</class>
  <method>logMessage</method>
  <thread>1</thread>
  <message>executionBindingVariables = []</message>
  <nestedLevel>2</nestedLevel>
  <escapedJava>false</escapedJava>
  <property name="executionBindingVariables">[]</property>
</record>
<record>
  <date>2026-07-21T09:01:17.345810Z</date>
  <millis>1784624477345</millis>
  <nanos>810000</nanos>
  <sequence>17</sequence>
  <level>START</level>
  <class>com.kms.katalon.core.logging.XmlKeywordLogger</class>
  <method>startKeyword</method>
  <thread>1</thread>
  <message>Start action : openBrowser(&amp;quot;https://sakti-test.csulfinance.com/CSULFoundation_Login/Login&amp;quot;)</message>
  <nestedLevel>1</nestedLevel>
  <escapedJava>false</escapedJava>
  <property name="startLine">20</property>
  <property name="stepIndex">1</property>
</record>
<record>
  <date>2026-07-21T09:01:17.560197Z</date>
  <millis>1784624477560</millis>
  <nanos>197000</nanos>
  <sequence>20</sequence>
  <level>INFO</level>
  <class>com.kms.katalon.core.logging.XmlKeywordLogger</class>
  <method>logMessage</method>
  <thread>1</thread>
  <message>Starting &amp;apos;Chrome&amp;apos; driver</message>
  <nestedLevel>2</nestedLevel>
  <escapedJava>false</escapedJava>
</record>
<record>
  <date>2026-07-21T09:01:17.617799800Z</date>
  <millis>1784624477617</millis>
  <nanos>799800</nanos>
  <sequence>21</sequence>
  <level>INFO</level>
  <class>com.kms.katalon.core.logging.XmlKeywordLogger</class>
  <method>logMessage</method>
  <thread>1</thread>
  <message>Action delay is set to 0 milliseconds</message>
  <nestedLevel>2</nestedLevel>
  <escapedJava>false</escapedJava>
</record>
<record>
  <date>2026-07-21T09:01:19.852995200Z</date>
  <millis>1784624479852</millis>
  <nanos>995200</nanos>
  <sequence>24</sequence>
  <level>RUN_DATA</level>
  <class>com.kms.katalon.core.logging.XmlKeywordLogger</class>
  <method>logMessage</method>
  <thread>1</thread>
  <message>sessionId = a34a0be64d1aabe0c686adcf8185e02d</message>
  <nestedLevel>2</nestedLevel>
  <escapedJava>false</escapedJava>
  <property name="sessionId">a34a0be64d1aabe0c686adcf8185e02d</property>
</record>
<record>
  <date>2026-07-21T09:01:19.855988900Z</date>
  <millis>1784624479855</millis>
  <nanos>988900</nanos>
  <sequence>25</sequence>
  <level>RUN_DATA</level>
  <class>com.kms.katalon.core.logging.XmlKeywordLogger</class>
  <method>logMessage</method>
  <thread>1</thread>
  <message>browser = Chrome 150.0.7871.128</message>
  <nestedLevel>2</nestedLevel>
  <escapedJava>false</escapedJava>
  <property name="browser">Chrome 150.0.7871.128</property>
</record>
<record>
  <date>2026-07-21T09:01:19.858005600Z</date>
  <millis>1784624479858</millis>
  <nanos>5600</nanos>
  <sequence>26</sequence>
  <level>RUN_DATA</level>
  <class>com.kms.katalon.core.logging.XmlKeywordLogger</class>
  <method>logMessage</method>
  <thread>1</thread>
  <message>platform = Windows 11</message>
  <nestedLevel>2</nestedLevel>
  <escapedJava>false</escapedJava>
  <property name="platform">Windows 11</property>
</record>
<record>
  <date>2026-07-21T09:01:19.860002100Z</date>
  <millis>1784624479860</millis>
  <nanos>2100</nanos>
  <sequence>27</sequence>
  <level>RUN_DATA</level>
  <class>com.kms.katalon.core.logging.XmlKeywordLogger</class>
  <method>logMessage</method>
  <thread>1</thread>
  <message>seleniumVersion = 4.39.0</message>
  <nestedLevel>2</nestedLevel>
  <escapedJava>false</escapedJava>
  <property name="seleniumVersion">4.39.0</property>
</record>
<record>
  <date>2026-07-21T09:01:19.869670800Z</date>
  <millis>1784624479869</millis>
  <nanos>670800</nanos>
  <sequence>28</sequence>
  <level>RUN_DATA</level>
  <class>com.kms.katalon.core.logging.XmlKeywordLogger</class>
  <method>logMessage</method>
  <thread>1</thread>
  <message>proxyInformation = ProxyInformation { proxyOption=NO_PROXY, proxyServerType=HTTP, username=, password=********, proxyServerAddress=, proxyServerPort=0, executionList=&amp;quot;&amp;quot;, isApplyToDesiredCapabilities=true }</message>
  <nestedLevel>2</nestedLevel>
  <escapedJava>false</escapedJava>
  <property name="proxyInformation">ProxyInformation { proxyOption=NO_PROXY, proxyServerType=HTTP, username=, password=********, proxyServerAddress=, proxyServerPort=0, executionList=&quot;&quot;, isApplyToDesiredCapabilities=true }</property>
</record>
<record>
  <date>2026-07-21T09:01:21.425153400Z</date>
  <millis>1784624481425</millis>
  <nanos>153400</nanos>
  <sequence>30</sequence>
  <level>PASSED</level>
  <class>com.kms.katalon.core.logging.XmlKeywordLogger</class>
  <method>logMessage</method>
  <thread>1</thread>
  <message>Browser is opened with url: &amp;apos;https://sakti-test.csulfinance.com/CSULFoundation_Login/Login&amp;apos;</message>
  <nestedLevel>2</nestedLevel>
  <escapedJava>false</escapedJava>
  <property name="testops-method-name">com.kms.katalon.core.webui.keyword.builtin.OpenBrowserKeyword.openBrowser</property>
  <property name="testops-execution-stacktrace"></property>
</record>
<record>
  <date>2026-07-21T09:01:21.426158600Z</date>
  <millis>1784624481426</millis>
  <nanos>158600</nanos>
  <sequence>31</sequence>
  <level>END</level>
  <class>com.kms.katalon.core.logging.XmlKeywordLogger</class>
  <method>endKeyword</method>
  <thread>1</thread>
  <message>End action : openBrowser(&amp;quot;https://sakti-test.csulfinance.com/CSULFoundation_Login/Login&amp;quot;)</message>
  <nestedLevel>1</nestedLevel>
  <escapedJava>false</escapedJava>
</record>
<record>
  <date>2026-07-21T09:01:21.428195900Z</date>
  <millis>1784624481428</millis>
  <nanos>195900</nanos>
  <sequence>32</sequence>
  <level>START</level>
  <class>com.kms.katalon.core.logging.XmlKeywordLogger</class>
  <method>startKeyword</method>
  <thread>1</thread>
  <message>Start action : maximizeWindow()</message>
  <nestedLevel>1</nestedLevel>
  <escapedJava>false</escapedJava>
  <property name="startLine">22</property>
  <property name="stepIndex">2</property>
</record>
<record>
  <date>2026-07-21T09:01:21.501876100Z</date>
  <millis>1784624481501</millis>
  <nanos>876100</nanos>
  <sequence>35</sequence>
  <level>PASSED</level>
  <class>com.kms.katalon.core.logging.XmlKeywordLogger</class>
  <method>logMessage</method>
  <thread>1</thread>
  <message>Current window maximized</message>
  <nestedLevel>2</nestedLevel>
  <escapedJava>false</escapedJava>
  <property name="testops-method-name">com.kms.katalon.core.webui.keyword.builtin.MaximizeWindowKeyword.maximizeWindow</property>
  <property name="testops-execution-stacktrace"></property>
</record>
<record>
  <date>2026-07-21T09:01:21.516254800Z</date>
  <millis>1784624481516</millis>
  <nanos>254800</nanos>
  <sequence>36</sequence>
  <level>END</level>
  <class>com.kms.katalon.core.logging.XmlKeywordLogger</class>
  <method>endKeyword</method>
  <thread>1</thread>
  <message>End action : maximizeWindow()</message>
  <nestedLevel>1</nestedLevel>
  <escapedJava>false</escapedJava>
</record>
<record>
  <date>2026-07-21T09:01:21.517727500Z</date>
  <millis>1784624481517</millis>
  <nanos>727500</nanos>
  <sequence>37</sequence>
  <level>START</level>
  <class>com.kms.katalon.core.logging.XmlKeywordLogger</class>
  <method>startKeyword</method>
  <thread>1</thread>
  <message>Start action : waitForElementVisible(findTestObject(&amp;quot;Pilar 1/Login/UAT/Page_Login/input_Username&amp;quot;), 10)</message>
  <nestedLevel>1</nestedLevel>
  <escapedJava>false</escapedJava>
  <property name="startLine">24</property>
  <property name="stepIndex">3</property>
</record>
<record>
  <date>2026-07-21T09:01:24.340387Z</date>
  <millis>1784624484340</millis>
  <nanos>387000</nanos>
  <sequence>44</sequence>
  <level>PASSED</level>
  <class>com.kms.katalon.core.logging.XmlKeywordLogger</class>
  <method>logMessage</method>
  <thread>1</thread>
  <message>Object &amp;apos;Object Repository/Pilar 1/Login/UAT/Page_Login/input_Username&amp;apos; is visible</message>
  <nestedLevel>2</nestedLevel>
  <escapedJava>false</escapedJava>
  <property name="testops-method-name">com.kms.katalon.core.webui.keyword.internal.WebUIKeywordMain.runKeywordUntilTimeout</property>
  <property name="testops-execution-stacktrace">com.kms.katalon.core.logging.KeywordLogger.logPassed(KeywordLogger.java:348)
com.kms.katalon.core.logging.KeywordLogger.logPassed(KeywordLogger.java:343)
com.kms.katalon.core.logging.KeywordLogger$logPassed$0.call(Unknown Source)
com.kms.katalon.core.webui.keyword.builtin.WaitForElementVisibleKeyword$_waitForElementVisible_closure1.doCall(WaitForElementVisibleKeyword.groovy:86)
java.base/jdk.internal.reflect.DirectMethodHandleAccessor.invoke(DirectMethodHandleAccessor.java:103)
jdk.proxy2/jdk.proxy2.$Proxy55.execute(Unknown Source)
com.kms.katalon.core.webui.model.SeleniumActionRetryController.performAction(SeleniumActionRetryController.java:96)
com.kms.katalon.core.webui.model.SeleniumActionRetryController.performAction(SeleniumActionRetryController.java:83)
com.kms.katalon.core.webui.keyword.internal.WebUIKeywordMain$_runKeywordUntilTimeout_closure2.doCall(WebUIKeywordMain.groovy:155)
com.kms.katalon.core.webui.keyword.internal.WebUIKeywordMain$_runKeywordUntilTimeout_closure2.call(WebUIKeywordMain.groovy)
com.kms.katalon.core.webui.keyword.internal.WebUIKeywordMain.runKeyword(WebUIKeywordMain.groovy:41)
com.kms.katalon.core.webui.keyword.internal.WebUIKeywordMain.runKeywordUntilTimeout(WebUIKeywordMain.groovy:152)
com.kms.katalon.core.webui.keyword.internal.WebUIKeywordMain$runKeywordUntilTimeout.call(Unknown Source)
com.kms.katalon.core.webui.keyword.builtin.WaitForElementVisibleKeyword.waitForElementVisible(WaitForElementVisibleKeyword.groovy:101)
com.kms.katalon.core.webui.keyword.builtin.WaitForElementVisibleKeyword.execute(WaitForElementVisibleKeyword.groovy:69)
com.kms.katalon.core.keyword.internal.KeywordExecutor.executeKeywordForPlatform(KeywordExecutor.groovy:95)
com.kms.katalon.core.webui.keyword.WebUiBuiltInKeywords.waitForElementVisible(WebUiBuiltInKeywords.groovy:514)
SPV-CBU.run(SPV-CBU:24)
</property>
</record>
<record>
  <date>2026-07-21T09:01:24.340387Z</date>
  <millis>1784624484340</millis>
  <nanos>387000</nanos>
  <sequence>45</sequence>
  <level>END</level>
  <class>com.kms.katalon.core.logging.XmlKeywordLogger</class>
  <method>endKeyword</method>
  <thread>1</thread>
  <message>End action : waitForElementVisible(findTestObject(&amp;quot;Pilar 1/Login/UAT/Page_Login/input_Username&amp;quot;), 10)</message>
  <nestedLevel>1</nestedLevel>
  <escapedJava>false</escapedJava>
</record>
<record>
  <date>2026-07-21T09:01:24.346172Z</date>
  <millis>1784624484346</millis>
  <nanos>172000</nanos>
  <sequence>46</sequence>
  <level>START</level>
  <class>com.kms.katalon.core.logging.XmlKeywordLogger</class>
  <method>startKeyword</method>
  <thread>1</thread>
  <message>Start action : setText(findTestObject(&amp;quot;Pilar 1/Login/UAT/Page_Login/input_Username&amp;quot;), &amp;quot;adhy.surnanto&amp;quot;)</message>
  <nestedLevel>1</nestedLevel>
  <escapedJava>false</escapedJava>
  <property name="startLine">26</property>
  <property name="stepIndex">4</property>
</record>
<record>
  <date>2026-07-21T09:01:25.737176300Z</date>
  <millis>1784624485737</millis>
  <nanos>176300</nanos>
  <sequence>60</sequence>
  <level>PASSED</level>
  <class>com.kms.katalon.core.logging.XmlKeywordLogger</class>
  <method>logMessage</method>
  <thread>1</thread>
  <message>Text &amp;apos;adhy.surnanto&amp;apos; is set on object &amp;apos;Object Repository/Pilar 1/Login/UAT/Page_Login/input_Username&amp;apos;</message>
  <nestedLevel>2</nestedLevel>
  <escapedJava>false</escapedJava>
  <property name="testops-method-name">com.kms.katalon.core.webui.keyword.internal.WebUIKeywordMain.runKeywordUntilTimeout</property>
  <property name="testops-execution-stacktrace">com.kms.katalon.core.logging.KeywordLogger.logPassed(KeywordLogger.java:348)
com.kms.katalon.core.logging.KeywordLogger.logPassed(KeywordLogger.java:343)
com.kms.katalon.core.webui.keyword.builtin.SetTextKeyword$_setText_closure1.doCall(SetTextKeyword.groovy:99)
java.base/jdk.internal.reflect.DirectMethodHandleAccessor.invoke(DirectMethodHandleAccessor.java:103)
jdk.proxy2/jdk.proxy2.$Proxy55.execute(Unknown Source)
com.kms.katalon.core.webui.model.SeleniumActionRetryController.performAction(SeleniumActionRetryController.java:96)
com.kms.katalon.core.webui.model.SeleniumActionRetryController.performAction(SeleniumActionRetryController.java:83)
com.kms.katalon.core.webui.keyword.internal.WebUIKeywordMain$_runKeywordUntilTimeout_closure1.doCall(WebUIKeywordMain.groovy:135)
com.kms.katalon.core.webui.keyword.internal.WebUIKeywordMain$_runKeywordUntilTimeout_closure1.call(WebUIKeywordMain.groovy)
com.kms.katalon.core.webui.keyword.internal.WebUIKeywordMain.runKeyword(WebUIKeywordMain.groovy:41)
com.kms.katalon.core.webui.keyword.internal.WebUIKeywordMain.runKeywordUntilTimeout(WebUIKeywordMain.groovy:133)
com.kms.katalon.core.webui.keyword.builtin.SetTextKeyword.setText(SetTextKeyword.groovy:106)
com.kms.katalon.core.webui.keyword.builtin.SetTextKeyword.execute(SetTextKeyword.groovy:49)
com.kms.katalon.core.keyword.internal.KeywordExecutor.executeKeywordForPlatform(KeywordExecutor.groovy:95)
com.kms.katalon.core.webui.keyword.WebUiBuiltInKeywords.setText(WebUiBuiltInKeywords.groovy:1081)
SPV-CBU.run(SPV-CBU:26)
</property>
</record>
<record>
  <date>2026-07-21T09:01:25.737176300Z</date>
  <millis>1784624485737</millis>
  <nanos>176300</nanos>
  <sequence>61</sequence>
  <level>END</level>
  <class>com.kms.katalon.core.logging.XmlKeywordLogger</class>
  <method>endKeyword</method>
  <thread>1</thread>
  <message>End action : setText(findTestObject(&amp;quot;Pilar 1/Login/UAT/Page_Login/input_Username&amp;quot;), &amp;quot;adhy.surnanto&amp;quot;)</message>
  <nestedLevel>1</nestedLevel>
  <escapedJava>false</escapedJava>
</record>
<record>
  <date>2026-07-21T09:01:25.739882300Z</date>
  <millis>1784624485739</millis>
  <nanos>882300</nanos>
  <sequence>62</sequence>
  <level>START</level>
  <class>com.kms.katalon.core.logging.XmlKeywordLogger</class>
  <method>startKeyword</method>
  <thread>1</thread>
  <message>Start action : setEncryptedText(findTestObject(&amp;quot;Pilar 1/Login/UAT/Page_Login/input_Password&amp;quot;), &amp;quot;DKZg8gTnVzw=&amp;quot;)</message>
  <nestedLevel>1</nestedLevel>
  <escapedJava>false</escapedJava>
  <property name="startLine">28</property>
  <property name="stepIndex">5</property>
</record>
<record>
  <date>2026-07-21T09:01:26.316125800Z</date>
  <millis>1784624486316</millis>
  <nanos>125800</nanos>
  <sequence>75</sequence>
  <level>PASSED</level>
  <class>com.kms.katalon.core.logging.XmlKeywordLogger</class>
  <method>logMessage</method>
  <thread>1</thread>
  <message>Text ****** has been set on object &amp;apos;Object Repository/Pilar 1/Login/UAT/Page_Login/input_Password&amp;apos;</message>
  <nestedLevel>2</nestedLevel>
  <escapedJava>false</escapedJava>
  <property name="testops-method-name">com.kms.katalon.core.webui.keyword.internal.WebUIKeywordMain.runKeywordUntilTimeout</property>
  <property name="testops-execution-stacktrace">com.kms.katalon.core.logging.KeywordLogger.logPassed(KeywordLogger.java:348)
com.kms.katalon.core.logging.KeywordLogger.logPassed(KeywordLogger.java:343)
com.kms.katalon.core.webui.keyword.builtin.SetEncryptedTextKeyword$_setEncryptedText_closure1.doCall(SetEncryptedTextKeyword.groovy:82)
java.base/jdk.internal.reflect.DirectMethodHandleAccessor.invoke(DirectMethodHandleAccessor.java:103)
jdk.proxy2/jdk.proxy2.$Proxy55.execute(Unknown Source)
com.kms.katalon.core.webui.model.SeleniumActionRetryController.performAction(SeleniumActionRetryController.java:96)
com.kms.katalon.core.webui.model.SeleniumActionRetryController.performAction(SeleniumActionRetryController.java:83)
com.kms.katalon.core.webui.keyword.internal.WebUIKeywordMain$_runKeywordUntilTimeout_closure1.doCall(WebUIKeywordMain.groovy:135)
com.kms.katalon.core.webui.keyword.internal.WebUIKeywordMain$_runKeywordUntilTimeout_closure1.call(WebUIKeywordMain.groovy)
com.kms.katalon.core.webui.keyword.internal.WebUIKeywordMain.runKeyword(WebUIKeywordMain.groovy:41)
com.kms.katalon.core.webui.keyword.internal.WebUIKeywordMain.runKeywordUntilTimeout(WebUIKeywordMain.groovy:133)
com.kms.katalon.core.webui.keyword.builtin.SetEncryptedTextKeyword.setEncryptedText(SetEncryptedTextKeyword.groovy:88)
com.kms.katalon.core.webui.keyword.builtin.SetEncryptedTextKeyword.execute(SetEncryptedTextKeyword.groovy:48)
com.kms.katalon.core.keyword.internal.KeywordExecutor.executeKeywordForPlatform(KeywordExecutor.groovy:95)
com.kms.katalon.core.webui.keyword.WebUiBuiltInKeywords.setEncryptedText(WebUiBuiltInKeywords.groovy:1112)
SPV-CBU.run(SPV-CBU:28)
</property>
</record>
<record>
  <date>2026-07-21T09:01:26.316125800Z</date>
  <millis>1784624486316</millis>
  <nanos>125800</nanos>
  <sequence>76</sequence>
  <level>END</level>
  <class>com.kms.katalon.core.logging.XmlKeywordLogger</class>
  <method>endKeyword</method>
  <thread>1</thread>
  <message>End action : setEncryptedText(findTestObject(&amp;quot;Pilar 1/Login/UAT/Page_Login/input_Password&amp;quot;), &amp;quot;DKZg8gTnVzw=&amp;quot;)</message>
  <nestedLevel>1</nestedLevel>
  <escapedJava>false</escapedJava>
</record>
<record>
  <date>2026-07-21T09:01:26.316125800Z</date>
  <millis>1784624486316</millis>
  <nanos>125800</nanos>
  <sequence>77</sequence>
  <level>START</level>
  <class>com.kms.katalon.core.logging.XmlKeywordLogger</class>
  <method>startKeyword</method>
  <thread>1</thread>
  <message>Start action : delay(20)</message>
  <nestedLevel>1</nestedLevel>
  <escapedJava>false</escapedJava>
  <property name="startLine">30</property>
  <property name="stepIndex">6</property>
</record>
<record>
  <date>2026-07-21T09:01:46.342062400Z</date>
  <millis>1784624506342</millis>
  <nanos>62400</nanos>
  <sequence>80</sequence>
  <level>PASSED</level>
  <class>com.kms.katalon.core.logging.XmlKeywordLogger</class>
  <method>logMessage</method>
  <thread>1</thread>
  <message>Delayed 20 second(s)</message>
  <nestedLevel>2</nestedLevel>
  <escapedJava>false</escapedJava>
  <property name="testops-method-name">com.kms.katalon.core.keyword.builtin.DelayKeyword.delay</property>
  <property name="testops-execution-stacktrace"></property>
</record>
<record>
  <date>2026-07-21T09:01:46.342062400Z</date>
  <millis>1784624506342</millis>
  <nanos>62400</nanos>
  <sequence>81</sequence>
  <level>END</level>
  <class>com.kms.katalon.core.logging.XmlKeywordLogger</class>
  <method>endKeyword</method>
  <thread>1</thread>
  <message>End action : delay(20)</message>
  <nestedLevel>1</nestedLevel>
  <escapedJava>false</escapedJava>
</record>
<record>
  <date>2026-07-21T09:01:46.342062400Z</date>
  <millis>1784624506342</millis>
  <nanos>62400</nanos>
  <sequence>82</sequence>
  <level>START</level>
  <class>com.kms.katalon.core.logging.XmlKeywordLogger</class>
  <method>startKeyword</method>
  <thread>1</thread>
  <message>Start action : click(findTestObject(&amp;quot;Pilar 1/Login/UAT/Page_Login/button_Login&amp;quot;))</message>
  <nestedLevel>1</nestedLevel>
  <escapedJava>false</escapedJava>
  <property name="startLine">32</property>
  <property name="stepIndex">7</property>
</record>
<record>
  <date>2026-07-21T09:01:46.668047300Z</date>
  <millis>1784624506668</millis>
  <nanos>47300</nanos>
  <sequence>93</sequence>
  <level>PASSED</level>
  <class>com.kms.katalon.core.logging.XmlKeywordLogger</class>
  <method>logMessage</method>
  <thread>1</thread>
  <message>Object: &amp;apos;Object Repository/Pilar 1/Login/UAT/Page_Login/button_Login&amp;apos; is clicked on</message>
  <nestedLevel>2</nestedLevel>
  <escapedJava>false</escapedJava>
  <property name="testops-method-name">com.kms.katalon.core.webui.keyword.internal.WebUIKeywordMain.runKeywordUntilTimeout</property>
  <property name="testops-execution-stacktrace">com.kms.katalon.core.logging.KeywordLogger.logPassed(KeywordLogger.java:348)
com.kms.katalon.core.logging.KeywordLogger.logPassed(KeywordLogger.java:343)
com.kms.katalon.core.webui.keyword.builtin.ClickKeyword$_click_closure1.doCall(ClickKeyword.groovy:66)
java.base/jdk.internal.reflect.DirectMethodHandleAccessor.invoke(DirectMethodHandleAccessor.java:103)
jdk.proxy2/jdk.proxy2.$Proxy55.execute(Unknown Source)
com.kms.katalon.core.webui.model.SeleniumActionRetryController.performAction(SeleniumActionRetryController.java:96)
com.kms.katalon.core.webui.model.SeleniumActionRetryController.performAction(SeleniumActionRetryController.java:83)
com.kms.katalon.core.webui.keyword.internal.WebUIKeywordMain$_runKeywordUntilTimeout_closure1.doCall(WebUIKeywordMain.groovy:135)
com.kms.katalon.core.webui.keyword.internal.WebUIKeywordMain$_runKeywordUntilTimeout_closure1.call(WebUIKeywordMain.groovy)
com.kms.katalon.core.webui.keyword.internal.WebUIKeywordMain.runKeyword(WebUIKeywordMain.groovy:41)
com.kms.katalon.core.webui.keyword.internal.WebUIKeywordMain.runKeywordUntilTimeout(WebUIKeywordMain.groovy:133)
com.kms.katalon.core.webui.keyword.builtin.ClickKeyword.click(ClickKeyword.groovy:72)
com.kms.katalon.core.webui.keyword.builtin.ClickKeyword.execute(ClickKeyword.groovy:38)
com.kms.katalon.core.keyword.internal.KeywordExecutor.executeKeywordForPlatform(KeywordExecutor.groovy:95)
com.kms.katalon.core.webui.keyword.WebUiBuiltInKeywords.click(WebUiBuiltInKeywords.groovy:721)
SPV-CBU.run(SPV-CBU:32)
</property>
</record>
<record>
  <date>2026-07-21T09:01:46.670061800Z</date>
  <millis>1784624506670</millis>
  <nanos>61800</nanos>
  <sequence>94</sequence>
  <level>END</level>
  <class>com.kms.katalon.core.logging.XmlKeywordLogger</class>
  <method>endKeyword</method>
  <thread>1</thread>
  <message>End action : click(findTestObject(&amp;quot;Pilar 1/Login/UAT/Page_Login/button_Login&amp;quot;))</message>
  <nestedLevel>1</nestedLevel>
  <escapedJava>false</escapedJava>
</record>
<record>
  <date>2026-07-21T09:01:46.671294100Z</date>
  <millis>1784624506671</millis>
  <nanos>294100</nanos>
  <sequence>95</sequence>
  <level>START</level>
  <class>com.kms.katalon.core.logging.XmlKeywordLogger</class>
  <method>startKeyword</method>
  <thread>1</thread>
  <message>Start action : delay(5)</message>
  <nestedLevel>1</nestedLevel>
  <escapedJava>false</escapedJava>
  <property name="startLine">34</property>
  <property name="stepIndex">8</property>
</record>
<record>
  <date>2026-07-21T09:01:51.681026Z</date>
  <millis>1784624511681</millis>
  <nanos>26000</nanos>
  <sequence>98</sequence>
  <level>PASSED</level>
  <class>com.kms.katalon.core.logging.XmlKeywordLogger</class>
  <method>logMessage</method>
  <thread>1</thread>
  <message>Delayed 5 second(s)</message>
  <nestedLevel>2</nestedLevel>
  <escapedJava>false</escapedJava>
  <property name="testops-method-name">com.kms.katalon.core.keyword.builtin.DelayKeyword.delay</property>
  <property name="testops-execution-stacktrace"></property>
</record>
<record>
  <date>2026-07-21T09:01:51.681026Z</date>
  <millis>1784624511681</millis>
  <nanos>26000</nanos>
  <sequence>99</sequence>
  <level>END</level>
  <class>com.kms.katalon.core.logging.XmlKeywordLogger</class>
  <method>endKeyword</method>
  <thread>1</thread>
  <message>End action : delay(5)</message>
  <nestedLevel>1</nestedLevel>
  <escapedJava>false</escapedJava>
</record>
<record>
  <date>2026-07-21T09:01:51.681026Z</date>
  <millis>1784624511681</millis>
  <nanos>26000</nanos>
  <sequence>100</sequence>
  <level>START</level>
  <class>com.kms.katalon.core.logging.XmlKeywordLogger</class>
  <method>startKeyword</method>
  <thread>1</thread>
  <message>Start action : waitForElementVisible(findTestObject(&amp;quot;Pilar 1/Login/UAT/Page_Login/Page_ApplicationsCatalog/span_Risk Control Unit Application&amp;quot;), 10)</message>
  <nestedLevel>1</nestedLevel>
  <escapedJava>false</escapedJava>
  <property name="startLine">36</property>
  <property name="stepIndex">9</property>
</record>
<record>
  <date>2026-07-21T09:01:51.938797700Z</date>
  <millis>1784624511938</millis>
  <nanos>797700</nanos>
  <sequence>107</sequence>
  <level>PASSED</level>
  <class>com.kms.katalon.core.logging.XmlKeywordLogger</class>
  <method>logMessage</method>
  <thread>1</thread>
  <message>Object &amp;apos;Object Repository/Pilar 1/Login/UAT/Page_Login/Page_ApplicationsCatalog/span_Risk Control Unit Application&amp;apos; is visible</message>
  <nestedLevel>2</nestedLevel>
  <escapedJava>false</escapedJava>
  <property name="testops-method-name">com.kms.katalon.core.webui.keyword.internal.WebUIKeywordMain.runKeywordUntilTimeout</property>
  <property name="testops-execution-stacktrace">com.kms.katalon.core.logging.KeywordLogger.logPassed(KeywordLogger.java:348)
com.kms.katalon.core.logging.KeywordLogger.logPassed(KeywordLogger.java:343)
com.kms.katalon.core.logging.KeywordLogger$logPassed$0.call(Unknown Source)
com.kms.katalon.core.webui.keyword.builtin.WaitForElementVisibleKeyword$_waitForElementVisible_closure1.doCall(WaitForElementVisibleKeyword.groovy:86)
java.base/jdk.internal.reflect.DirectMethodHandleAccessor.invoke(DirectMethodHandleAccessor.java:103)
jdk.proxy2/jdk.proxy2.$Proxy55.execute(Unknown Source)
com.kms.katalon.core.webui.model.SeleniumActionRetryController.performAction(SeleniumActionRetryController.java:96)
com.kms.katalon.core.webui.model.SeleniumActionRetryController.performAction(SeleniumActionRetryController.java:83)
com.kms.katalon.core.webui.keyword.internal.WebUIKeywordMain$_runKeywordUntilTimeout_closure2.doCall(WebUIKeywordMain.groovy:155)
com.kms.katalon.core.webui.keyword.internal.WebUIKeywordMain$_runKeywordUntilTimeout_closure2.call(WebUIKeywordMain.groovy)
com.kms.katalon.core.webui.keyword.internal.WebUIKeywordMain.runKeyword(WebUIKeywordMain.groovy:41)
com.kms.katalon.core.webui.keyword.internal.WebUIKeywordMain.runKeywordUntilTimeout(WebUIKeywordMain.groovy:152)
com.kms.katalon.core.webui.keyword.internal.WebUIKeywordMain$runKeywordUntilTimeout.call(Unknown Source)
com.kms.katalon.core.webui.keyword.builtin.WaitForElementVisibleKeyword.waitForElementVisible(WaitForElementVisibleKeyword.groovy:101)
com.kms.katalon.core.webui.keyword.builtin.WaitForElementVisibleKeyword.execute(WaitForElementVisibleKeyword.groovy:69)
com.kms.katalon.core.keyword.internal.KeywordExecutor.executeKeywordForPlatform(KeywordExecutor.groovy:95)
com.kms.katalon.core.webui.keyword.WebUiBuiltInKeywords.waitForElementVisible(WebUiBuiltInKeywords.groovy:514)
SPV-CBU.run(SPV-CBU:36)
</property>
</record>
<record>
  <date>2026-07-21T09:01:51.938797700Z</date>
  <millis>1784624511938</millis>
  <nanos>797700</nanos>
  <sequence>108</sequence>
  <level>END</level>
  <class>com.kms.katalon.core.logging.XmlKeywordLogger</class>
  <method>endKeyword</method>
  <thread>1</thread>
  <message>End action : waitForElementVisible(findTestObject(&amp;quot;Pilar 1/Login/UAT/Page_Login/Page_ApplicationsCatalog/span_Risk Control Unit Application&amp;quot;), 10)</message>
  <nestedLevel>1</nestedLevel>
  <escapedJava>false</escapedJava>
</record>
<record>
  <date>2026-07-21T09:01:51.938797700Z</date>
  <millis>1784624511938</millis>
  <nanos>797700</nanos>
  <sequence>109</sequence>
  <level>START</level>
  <class>com.kms.katalon.core.logging.XmlKeywordLogger</class>
  <method>startKeyword</method>
  <thread>1</thread>
  <message>Start action : doubleClick(findTestObject(&amp;quot;Pilar 1/Login/UAT/Page_Login/Page_ApplicationsCatalog/span_Risk Control Unit Application&amp;quot;))</message>
  <nestedLevel>1</nestedLevel>
  <escapedJava>false</escapedJava>
  <property name="startLine">39</property>
  <property name="stepIndex">10</property>
</record>
<record>
  <date>2026-07-21T09:01:52.356161Z</date>
  <millis>1784624512356</millis>
  <nanos>161000</nanos>
  <sequence>120</sequence>
  <level>PASSED</level>
  <class>com.kms.katalon.core.logging.XmlKeywordLogger</class>
  <method>logMessage</method>
  <thread>1</thread>
  <message>Object: &amp;apos;Object Repository/Pilar 1/Login/UAT/Page_Login/Page_ApplicationsCatalog/span_Risk Control Unit Application&amp;apos; is double clicked on</message>
  <nestedLevel>2</nestedLevel>
  <escapedJava>false</escapedJava>
  <property name="testops-method-name">com.kms.katalon.core.webui.keyword.internal.WebUIKeywordMain.runKeywordUntilTimeout</property>
  <property name="testops-execution-stacktrace">com.kms.katalon.core.logging.KeywordLogger.logPassed(KeywordLogger.java:348)
com.kms.katalon.core.logging.KeywordLogger.logPassed(KeywordLogger.java:343)
com.kms.katalon.core.webui.keyword.builtin.DoubleClickKeyword$_doubleClick_closure1.doCall(DoubleClickKeyword.groovy:89)
java.base/jdk.internal.reflect.DirectMethodHandleAccessor.invoke(DirectMethodHandleAccessor.java:103)
jdk.proxy2/jdk.proxy2.$Proxy55.execute(Unknown Source)
com.kms.katalon.core.webui.model.SeleniumActionRetryController.performAction(SeleniumActionRetryController.java:96)
com.kms.katalon.core.webui.model.SeleniumActionRetryController.performAction(SeleniumActionRetryController.java:83)
com.kms.katalon.core.webui.keyword.internal.WebUIKeywordMain$_runKeywordUntilTimeout_closure1.doCall(WebUIKeywordMain.groovy:135)
com.kms.katalon.core.webui.keyword.internal.WebUIKeywordMain$_runKeywordUntilTimeout_closure1.call(WebUIKeywordMain.groovy)
com.kms.katalon.core.webui.keyword.internal.WebUIKeywordMain.runKeyword(WebUIKeywordMain.groovy:41)
com.kms.katalon.core.webui.keyword.internal.WebUIKeywordMain.runKeywordUntilTimeout(WebUIKeywordMain.groovy:133)
com.kms.katalon.core.webui.keyword.builtin.DoubleClickKeyword.doubleClick(DoubleClickKeyword.groovy:95)
com.kms.katalon.core.webui.keyword.builtin.DoubleClickKeyword.execute(DoubleClickKeyword.groovy:67)
com.kms.katalon.core.keyword.internal.KeywordExecutor.executeKeywordForPlatform(KeywordExecutor.groovy:95)
com.kms.katalon.core.webui.keyword.WebUiBuiltInKeywords.doubleClick(WebUiBuiltInKeywords.groovy:828)
SPV-CBU.run(SPV-CBU:39)
</property>
</record>
<record>
  <date>2026-07-21T09:01:52.359695400Z</date>
  <millis>1784624512359</millis>
  <nanos>695400</nanos>
  <sequence>121</sequence>
  <level>END</level>
  <class>com.kms.katalon.core.logging.XmlKeywordLogger</class>
  <method>endKeyword</method>
  <thread>1</thread>
  <message>End action : doubleClick(findTestObject(&amp;quot;Pilar 1/Login/UAT/Page_Login/Page_ApplicationsCatalog/span_Risk Control Unit Application&amp;quot;))</message>
  <nestedLevel>1</nestedLevel>
  <escapedJava>false</escapedJava>
</record>
<record>
  <date>2026-07-21T09:01:52.361027600Z</date>
  <millis>1784624512361</millis>
  <nanos>27600</nanos>
  <sequence>122</sequence>
  <level>PASSED</level>
  <class>com.kms.katalon.core.logging.XmlKeywordLogger</class>
  <method>logMessage</method>
  <thread>1</thread>
  <message>Test Cases/Pilar 1/Login/UAT/SPV-CBU</message>
  <nestedLevel>2</nestedLevel>
  <escapedJava>false</escapedJava>
</record>
<record>
  <date>2026-07-21T09:01:52.361027600Z</date>
  <millis>1784624512361</millis>
  <nanos>27600</nanos>
  <sequence>123</sequence>
  <level>END</level>
  <class>com.kms.katalon.core.logging.XmlKeywordLogger</class>
  <method>endTest</method>
  <thread>1</thread>
  <message>End Test Case : Test Cases/Pilar 1/Login/UAT/SPV-CBU</message>
  <nestedLevel>1</nestedLevel>
  <escapedJava>false</escapedJava>
</record>
<record>
  <date>2026-07-21T09:01:52.369903400Z</date>
  <millis>1784624512369</millis>
  <nanos>903400</nanos>
  <sequence>124</sequence>
  <level>PASSED</level>
  <class>com.kms.katalon.core.logging.XmlKeywordLogger</class>
  <method>logMessage</method>
  <thread>1</thread>
  <message>Call Test Case &amp;apos;Test Cases/Pilar 1/Login/UAT/SPV-CBU&amp;apos; successfully</message>
  <nestedLevel>1</nestedLevel>
  <escapedJava>false</escapedJava>
  <property name="testops-method-name">com.kms.katalon.core.keyword.builtin.CallTestCaseKeyword.callTestCase</property>
  <property name="testops-execution-stacktrace"></property>
</record>
<record>
  <date>2026-07-21T09:01:52.374377500Z</date>
  <millis>1784624512374</millis>
  <nanos>377500</nanos>
  <sequence>125</sequence>
  <level>END</level>
  <class>com.kms.katalon.core.logging.XmlKeywordLogger</class>
  <method>endKeyword</method>
  <thread>1</thread>
  <message>End action : callTestCase(findTestCase(&amp;quot;Pilar 1/Login/UAT/SPV-CBU&amp;quot;), [:], STOP_ON_FAILURE)</message>
  <nestedLevel>1</nestedLevel>
  <escapedJava>false</escapedJava>
</record>
<record>
  <date>2026-07-21T09:01:52.374377500Z</date>
  <millis>1784624512374</millis>
  <nanos>377500</nanos>
  <sequence>126</sequence>
  <level>START</level>
  <class>com.kms.katalon.core.logging.XmlKeywordLogger</class>
  <method>startKeyword</method>
  <thread>1</thread>
  <message>Start action : click(findTestObject(&amp;quot;Pilar 1/Showroom-Supplier/UAT/CBU/SPV-CBU-Assign-Staff/Page_Dashboard/div_b2-l1-17_8-b3-SubMenuHeader&amp;quot;))</message>
  <nestedLevel>1</nestedLevel>
  <escapedJava>false</escapedJava>
  <property name="startLine">22</property>
  <property name="stepIndex">2</property>
</record>
<record>
  <date>2026-07-21T09:01:57.547413800Z</date>
  <millis>1784624517547</millis>
  <nanos>413800</nanos>
  <sequence>137</sequence>
  <level>PASSED</level>
  <class>com.kms.katalon.core.logging.XmlKeywordLogger</class>
  <method>logMessage</method>
  <thread>1</thread>
  <message>Object: &amp;apos;Object Repository/Pilar 1/Showroom-Supplier/UAT/CBU/SPV-CBU-Assign-Staff/Page_Dashboard/div_b2-l1-17_8-b3-SubMenuHeader&amp;apos; is clicked on</message>
  <nestedLevel>1</nestedLevel>
  <escapedJava>false</escapedJava>
  <property name="testops-method-name">com.kms.katalon.core.webui.keyword.internal.WebUIKeywordMain.runKeywordUntilTimeout</property>
  <property name="testops-execution-stacktrace">com.kms.katalon.core.logging.KeywordLogger.logPassed(KeywordLogger.java:348)
com.kms.katalon.core.logging.KeywordLogger.logPassed(KeywordLogger.java:343)
com.kms.katalon.core.webui.keyword.builtin.ClickKeyword$_click_closure1.doCall(ClickKeyword.groovy:66)
java.base/jdk.internal.reflect.DirectMethodHandleAccessor.invoke(DirectMethodHandleAccessor.java:103)
jdk.proxy2/jdk.proxy2.$Proxy55.execute(Unknown Source)
com.kms.katalon.core.webui.model.SeleniumActionRetryController.performAction(SeleniumActionRetryController.java:96)
com.kms.katalon.core.webui.model.SeleniumActionRetryController.performAction(SeleniumActionRetryController.java:83)
com.kms.katalon.core.webui.keyword.internal.WebUIKeywordMain$_runKeywordUntilTimeout_closure1.doCall(WebUIKeywordMain.groovy:135)
com.kms.katalon.core.webui.keyword.internal.WebUIKeywordMain$_runKeywordUntilTimeout_closure1.call(WebUIKeywordMain.groovy)
com.kms.katalon.core.webui.keyword.internal.WebUIKeywordMain.runKeyword(WebUIKeywordMain.groovy:41)
com.kms.katalon.core.webui.keyword.internal.WebUIKeywordMain.runKeywordUntilTimeout(WebUIKeywordMain.groovy:133)
com.kms.katalon.core.webui.keyword.builtin.ClickKeyword.click(ClickKeyword.groovy:72)
com.kms.katalon.core.webui.keyword.builtin.ClickKeyword.execute(ClickKeyword.groovy:38)
com.kms.katalon.core.keyword.internal.KeywordExecutor.executeKeywordForPlatform(KeywordExecutor.groovy:95)
com.kms.katalon.core.webui.keyword.WebUiBuiltInKeywords.click(WebUiBuiltInKeywords.groovy:721)
SPV-CBU-Assign-Staff.run(SPV-CBU-Assign-Staff:22)
</property>
</record>
<record>
  <date>2026-07-21T09:01:57.549467700Z</date>
  <millis>1784624517549</millis>
  <nanos>467700</nanos>
  <sequence>138</sequence>
  <level>END</level>
  <class>com.kms.katalon.core.logging.XmlKeywordLogger</class>
  <method>endKeyword</method>
  <thread>1</thread>
  <message>End action : click(findTestObject(&amp;quot;Pilar 1/Showroom-Supplier/UAT/CBU/SPV-CBU-Assign-Staff/Page_Dashboard/div_b2-l1-17_8-b3-SubMenuHeader&amp;quot;))</message>
  <nestedLevel>1</nestedLevel>
  <escapedJava>false</escapedJava>
</record>
<record>
  <date>2026-07-21T09:01:57.549467700Z</date>
  <millis>1784624517549</millis>
  <nanos>467700</nanos>
  <sequence>139</sequence>
  <level>START</level>
  <class>com.kms.katalon.core.logging.XmlKeywordLogger</class>
  <method>startKeyword</method>
  <thread>1</thread>
  <message>Start action : click(findTestObject(&amp;quot;Pilar 1/Showroom-Supplier/UAT/CBU/SPV-CBU-Assign-Staff/Page_Dashboard/div_b2-l1-17_8-b4-l1-26_4-b1-SubMenuHeader&amp;quot;))</message>
  <nestedLevel>1</nestedLevel>
  <escapedJava>false</escapedJava>
  <property name="startLine">24</property>
  <property name="stepIndex">3</property>
</record>
<record>
  <date>2026-07-21T09:01:58.096074500Z</date>
  <millis>1784624518096</millis>
  <nanos>74500</nanos>
  <sequence>150</sequence>
  <level>PASSED</level>
  <class>com.kms.katalon.core.logging.XmlKeywordLogger</class>
  <method>logMessage</method>
  <thread>1</thread>
  <message>Object: &amp;apos;Object Repository/Pilar 1/Showroom-Supplier/UAT/CBU/SPV-CBU-Assign-Staff/Page_Dashboard/div_b2-l1-17_8-b4-l1-26_4-b1-SubMenuHeader&amp;apos; is clicked on</message>
  <nestedLevel>1</nestedLevel>
  <escapedJava>false</escapedJava>
  <property name="testops-method-name">com.kms.katalon.core.webui.keyword.internal.WebUIKeywordMain.runKeywordUntilTimeout</property>
  <property name="testops-execution-stacktrace">com.kms.katalon.core.logging.KeywordLogger.logPassed(KeywordLogger.java:348)
com.kms.katalon.core.logging.KeywordLogger.logPassed(KeywordLogger.java:343)
com.kms.katalon.core.webui.keyword.builtin.ClickKeyword$_click_closure1.doCall(ClickKeyword.groovy:66)
java.base/jdk.internal.reflect.DirectMethodHandleAccessor.invoke(DirectMethodHandleAccessor.java:103)
jdk.proxy2/jdk.proxy2.$Proxy55.execute(Unknown Source)
com.kms.katalon.core.webui.model.SeleniumActionRetryController.performAction(SeleniumActionRetryController.java:96)
com.kms.katalon.core.webui.model.SeleniumActionRetryController.performAction(SeleniumActionRetryController.java:83)
com.kms.katalon.core.webui.keyword.internal.WebUIKeywordMain$_runKeywordUntilTimeout_closure1.doCall(WebUIKeywordMain.groovy:135)
com.kms.katalon.core.webui.keyword.internal.WebUIKeywordMain$_runKeywordUntilTimeout_closure1.call(WebUIKeywordMain.groovy)
com.kms.katalon.core.webui.keyword.internal.WebUIKeywordMain.runKeyword(WebUIKeywordMain.groovy:41)
com.kms.katalon.core.webui.keyword.internal.WebUIKeywordMain.runKeywordUntilTimeout(WebUIKeywordMain.groovy:133)
com.kms.katalon.core.webui.keyword.builtin.ClickKeyword.click(ClickKeyword.groovy:72)
com.kms.katalon.core.webui.keyword.builtin.ClickKeyword.execute(ClickKeyword.groovy:38)
com.kms.katalon.core.keyword.internal.KeywordExecutor.executeKeywordForPlatform(KeywordExecutor.groovy:95)
com.kms.katalon.core.webui.keyword.WebUiBuiltInKeywords.click(WebUiBuiltInKeywords.groovy:721)
SPV-CBU-Assign-Staff.run(SPV-CBU-Assign-Staff:24)
</property>
</record>
<record>
  <date>2026-07-21T09:01:58.098545300Z</date>
  <millis>1784624518098</millis>
  <nanos>545300</nanos>
  <sequence>151</sequence>
  <level>END</level>
  <class>com.kms.katalon.core.logging.XmlKeywordLogger</class>
  <method>endKeyword</method>
  <thread>1</thread>
  <message>End action : click(findTestObject(&amp;quot;Pilar 1/Showroom-Supplier/UAT/CBU/SPV-CBU-Assign-Staff/Page_Dashboard/div_b2-l1-17_8-b4-l1-26_4-b1-SubMenuHeader&amp;quot;))</message>
  <nestedLevel>1</nestedLevel>
  <escapedJava>false</escapedJava>
</record>
<record>
  <date>2026-07-21T09:01:58.098545300Z</date>
  <millis>1784624518098</millis>
  <nanos>545300</nanos>
  <sequence>152</sequence>
  <level>START</level>
  <class>com.kms.katalon.core.logging.XmlKeywordLogger</class>
  <method>startKeyword</method>
  <thread>1</thread>
  <message>Start action : click(findTestObject(&amp;quot;Pilar 1/Showroom-Supplier/UAT/CBU/SPV-CBU-Assign-Staff/Page_Dashboard/a_Showroom_Supplier&amp;quot;))</message>
  <nestedLevel>1</nestedLevel>
  <escapedJava>false</escapedJava>
  <property name="startLine">26</property>
  <property name="stepIndex">4</property>
</record>
<record>
  <date>2026-07-21T09:01:58.406336700Z</date>
  <millis>1784624518406</millis>
  <nanos>336700</nanos>
  <sequence>163</sequence>
  <level>PASSED</level>
  <class>com.kms.katalon.core.logging.XmlKeywordLogger</class>
  <method>logMessage</method>
  <thread>1</thread>
  <message>Object: &amp;apos;Object Repository/Pilar 1/Showroom-Supplier/UAT/CBU/SPV-CBU-Assign-Staff/Page_Dashboard/a_Showroom_Supplier&amp;apos; is clicked on</message>
  <nestedLevel>1</nestedLevel>
  <escapedJava>false</escapedJava>
  <property name="testops-method-name">com.kms.katalon.core.webui.keyword.internal.WebUIKeywordMain.runKeywordUntilTimeout</property>
  <property name="testops-execution-stacktrace">com.kms.katalon.core.logging.KeywordLogger.logPassed(KeywordLogger.java:348)
com.kms.katalon.core.logging.KeywordLogger.logPassed(KeywordLogger.java:343)
com.kms.katalon.core.webui.keyword.builtin.ClickKeyword$_click_closure1.doCall(ClickKeyword.groovy:66)
java.base/jdk.internal.reflect.DirectMethodHandleAccessor.invoke(DirectMethodHandleAccessor.java:103)
jdk.proxy2/jdk.proxy2.$Proxy55.execute(Unknown Source)
com.kms.katalon.core.webui.model.SeleniumActionRetryController.performAction(SeleniumActionRetryController.java:96)
com.kms.katalon.core.webui.model.SeleniumActionRetryController.performAction(SeleniumActionRetryController.java:83)
com.kms.katalon.core.webui.keyword.internal.WebUIKeywordMain$_runKeywordUntilTimeout_closure1.doCall(WebUIKeywordMain.groovy:135)
com.kms.katalon.core.webui.keyword.internal.WebUIKeywordMain$_runKeywordUntilTimeout_closure1.call(WebUIKeywordMain.groovy)
com.kms.katalon.core.webui.keyword.internal.WebUIKeywordMain.runKeyword(WebUIKeywordMain.groovy:41)
com.kms.katalon.core.webui.keyword.internal.WebUIKeywordMain.runKeywordUntilTimeout(WebUIKeywordMain.groovy:133)
com.kms.katalon.core.webui.keyword.builtin.ClickKeyword.click(ClickKeyword.groovy:72)
com.kms.katalon.core.webui.keyword.builtin.ClickKeyword.execute(ClickKeyword.groovy:38)
com.kms.katalon.core.keyword.internal.KeywordExecutor.executeKeywordForPlatform(KeywordExecutor.groovy:95)
com.kms.katalon.core.webui.keyword.WebUiBuiltInKeywords.click(WebUiBuiltInKeywords.groovy:721)
SPV-CBU-Assign-Staff.run(SPV-CBU-Assign-Staff:26)
</property>
</record>
<record>
  <date>2026-07-21T09:01:58.408714400Z</date>
  <millis>1784624518408</millis>
  <nanos>714400</nanos>
  <sequence>164</sequence>
  <level>END</level>
  <class>com.kms.katalon.core.logging.XmlKeywordLogger</class>
  <method>endKeyword</method>
  <thread>1</thread>
  <message>End action : click(findTestObject(&amp;quot;Pilar 1/Showroom-Supplier/UAT/CBU/SPV-CBU-Assign-Staff/Page_Dashboard/a_Showroom_Supplier&amp;quot;))</message>
  <nestedLevel>1</nestedLevel>
  <escapedJava>false</escapedJava>
</record>
<record>
  <date>2026-07-21T09:01:58.410101700Z</date>
  <millis>1784624518410</millis>
  <nanos>101700</nanos>
  <sequence>165</sequence>
  <level>START</level>
  <class>com.kms.katalon.core.logging.XmlKeywordLogger</class>
  <method>startKeyword</method>
  <thread>1</thread>
  <message>Start action : setText(findTestObject(&amp;quot;Pilar 1/Showroom-Supplier/UAT/CBU/SPV-CBU-Assign-Staff/Page_KunjunganShowroom/input_StartDate&amp;quot;), &amp;quot;01-01-2023&amp;quot;)</message>
  <nestedLevel>1</nestedLevel>
  <escapedJava>false</escapedJava>
  <property name="startLine">28</property>
  <property name="stepIndex">5</property>
</record>
<record>
  <date>2026-07-21T09:02:03.000509Z</date>
  <millis>1784624523000</millis>
  <nanos>509000</nanos>
  <sequence>179</sequence>
  <level>PASSED</level>
  <class>com.kms.katalon.core.logging.XmlKeywordLogger</class>
  <method>logMessage</method>
  <thread>1</thread>
  <message>Text &amp;apos;01-01-2023&amp;apos; is set on object &amp;apos;Object Repository/Pilar 1/Showroom-Supplier/UAT/CBU/SPV-CBU-Assign-Staff/Page_KunjunganShowroom/input_StartDate&amp;apos;</message>
  <nestedLevel>1</nestedLevel>
  <escapedJava>false</escapedJava>
  <property name="testops-method-name">com.kms.katalon.core.webui.keyword.internal.WebUIKeywordMain.runKeywordUntilTimeout</property>
  <property name="testops-execution-stacktrace">com.kms.katalon.core.logging.KeywordLogger.logPassed(KeywordLogger.java:348)
com.kms.katalon.core.logging.KeywordLogger.logPassed(KeywordLogger.java:343)
com.kms.katalon.core.webui.keyword.builtin.SetTextKeyword$_setText_closure1.doCall(SetTextKeyword.groovy:99)
java.base/jdk.internal.reflect.DirectMethodHandleAccessor.invoke(DirectMethodHandleAccessor.java:103)
jdk.proxy2/jdk.proxy2.$Proxy55.execute(Unknown Source)
com.kms.katalon.core.webui.model.SeleniumActionRetryController.performAction(SeleniumActionRetryController.java:96)
com.kms.katalon.core.webui.model.SeleniumActionRetryController.performAction(SeleniumActionRetryController.java:83)
com.kms.katalon.core.webui.keyword.internal.WebUIKeywordMain$_runKeywordUntilTimeout_closure1.doCall(WebUIKeywordMain.groovy:135)
com.kms.katalon.core.webui.keyword.internal.WebUIKeywordMain$_runKeywordUntilTimeout_closure1.call(WebUIKeywordMain.groovy)
com.kms.katalon.core.webui.keyword.internal.WebUIKeywordMain.runKeyword(WebUIKeywordMain.groovy:41)
com.kms.katalon.core.webui.keyword.internal.WebUIKeywordMain.runKeywordUntilTimeout(WebUIKeywordMain.groovy:133)
com.kms.katalon.core.webui.keyword.builtin.SetTextKeyword.setText(SetTextKeyword.groovy:106)
com.kms.katalon.core.webui.keyword.builtin.SetTextKeyword.execute(SetTextKeyword.groovy:49)
com.kms.katalon.core.keyword.internal.KeywordExecutor.executeKeywordForPlatform(KeywordExecutor.groovy:95)
com.kms.katalon.core.webui.keyword.WebUiBuiltInKeywords.setText(WebUiBuiltInKeywords.groovy:1081)
SPV-CBU-Assign-Staff.run(SPV-CBU-Assign-Staff:28)
</property>
</record>
<record>
  <date>2026-07-21T09:02:03.002977800Z</date>
  <millis>1784624523002</millis>
  <nanos>977800</nanos>
  <sequence>180</sequence>
  <level>END</level>
  <class>com.kms.katalon.core.logging.XmlKeywordLogger</class>
  <method>endKeyword</method>
  <thread>1</thread>
  <message>End action : setText(findTestObject(&amp;quot;Pilar 1/Showroom-Supplier/UAT/CBU/SPV-CBU-Assign-Staff/Page_KunjunganShowroom/input_StartDate&amp;quot;), &amp;quot;01-01-2023&amp;quot;)</message>
  <nestedLevel>1</nestedLevel>
  <escapedJava>false</escapedJava>
</record>
<record>
  <date>2026-07-21T09:02:03.004111500Z</date>
  <millis>1784624523004</millis>
  <nanos>111500</nanos>
  <sequence>181</sequence>
  <level>START</level>
  <class>com.kms.katalon.core.logging.XmlKeywordLogger</class>
  <method>startKeyword</method>
  <thread>1</thread>
  <message>Start action : setText(findTestObject(&amp;quot;Pilar 1/Showroom-Supplier/UAT/CBU/SPV-CBU-Assign-Staff/Page_KunjunganShowroom/input__EndDate&amp;quot;), &amp;quot;31-03-2023&amp;quot;)</message>
  <nestedLevel>1</nestedLevel>
  <escapedJava>false</escapedJava>
  <property name="startLine">31</property>
  <property name="stepIndex">6</property>
</record>
<record>
  <date>2026-07-21T09:02:03.607668500Z</date>
  <millis>1784624523607</millis>
  <nanos>668500</nanos>
  <sequence>195</sequence>
  <level>PASSED</level>
  <class>com.kms.katalon.core.logging.XmlKeywordLogger</class>
  <method>logMessage</method>
  <thread>1</thread>
  <message>Text &amp;apos;31-03-2023&amp;apos; is set on object &amp;apos;Object Repository/Pilar 1/Showroom-Supplier/UAT/CBU/SPV-CBU-Assign-Staff/Page_KunjunganShowroom/input__EndDate&amp;apos;</message>
  <nestedLevel>1</nestedLevel>
  <escapedJava>false</escapedJava>
  <property name="testops-method-name">com.kms.katalon.core.webui.keyword.internal.WebUIKeywordMain.runKeywordUntilTimeout</property>
  <property name="testops-execution-stacktrace">com.kms.katalon.core.logging.KeywordLogger.logPassed(KeywordLogger.java:348)
com.kms.katalon.core.logging.KeywordLogger.logPassed(KeywordLogger.java:343)
com.kms.katalon.core.webui.keyword.builtin.SetTextKeyword$_setText_closure1.doCall(SetTextKeyword.groovy:99)
java.base/jdk.internal.reflect.DirectMethodHandleAccessor.invoke(DirectMethodHandleAccessor.java:103)
jdk.proxy2/jdk.proxy2.$Proxy55.execute(Unknown Source)
com.kms.katalon.core.webui.model.SeleniumActionRetryController.performAction(SeleniumActionRetryController.java:96)
com.kms.katalon.core.webui.model.SeleniumActionRetryController.performAction(SeleniumActionRetryController.java:83)
com.kms.katalon.core.webui.keyword.internal.WebUIKeywordMain$_runKeywordUntilTimeout_closure1.doCall(WebUIKeywordMain.groovy:135)
com.kms.katalon.core.webui.keyword.internal.WebUIKeywordMain$_runKeywordUntilTimeout_closure1.call(WebUIKeywordMain.groovy)
com.kms.katalon.core.webui.keyword.internal.WebUIKeywordMain.runKeyword(WebUIKeywordMain.groovy:41)
com.kms.katalon.core.webui.keyword.internal.WebUIKeywordMain.runKeywordUntilTimeout(WebUIKeywordMain.groovy:133)
com.kms.katalon.core.webui.keyword.builtin.SetTextKeyword.setText(SetTextKeyword.groovy:106)
com.kms.katalon.core.webui.keyword.builtin.SetTextKeyword.execute(SetTextKeyword.groovy:49)
com.kms.katalon.core.keyword.internal.KeywordExecutor.executeKeywordForPlatform(KeywordExecutor.groovy:95)
com.kms.katalon.core.webui.keyword.WebUiBuiltInKeywords.setText(WebUiBuiltInKeywords.groovy:1081)
SPV-CBU-Assign-Staff.run(SPV-CBU-Assign-Staff:31)
</property>
</record>
<record>
  <date>2026-07-21T09:02:03.607668500Z</date>
  <millis>1784624523607</millis>
  <nanos>668500</nanos>
  <sequence>196</sequence>
  <level>END</level>
  <class>com.kms.katalon.core.logging.XmlKeywordLogger</class>
  <method>endKeyword</method>
  <thread>1</thread>
  <message>End action : setText(findTestObject(&amp;quot;Pilar 1/Showroom-Supplier/UAT/CBU/SPV-CBU-Assign-Staff/Page_KunjunganShowroom/input__EndDate&amp;quot;), &amp;quot;31-03-2023&amp;quot;)</message>
  <nestedLevel>1</nestedLevel>
  <escapedJava>false</escapedJava>
</record>
<record>
  <date>2026-07-21T09:02:03.607668500Z</date>
  <millis>1784624523607</millis>
  <nanos>668500</nanos>
  <sequence>197</sequence>
  <level>START</level>
  <class>com.kms.katalon.core.logging.XmlKeywordLogger</class>
  <method>startKeyword</method>
  <thread>1</thread>
  <message>Start action : selectOptionByValue(findTestObject(&amp;quot;Pilar 1/Showroom-Supplier/UAT/CBU/SPV-CBU-Assign-Staff/Page_KunjunganShowroom/select_b3-b1-b1-Dropdown1&amp;quot;), &amp;quot;2&amp;quot;, false)</message>
  <nestedLevel>1</nestedLevel>
  <escapedJava>false</escapedJava>
  <property name="startLine">34</property>
  <property name="stepIndex">7</property>
</record>
<record>
  <date>2026-07-21T09:02:04.177212500Z</date>
  <millis>1784624524177</millis>
  <nanos>212500</nanos>
  <sequence>209</sequence>
  <level>PASSED</level>
  <class>com.kms.katalon.core.logging.XmlKeywordLogger</class>
  <method>logMessage</method>
  <thread>1</thread>
  <message>All options with value &amp;apos;2&amp;apos; are selected in object &amp;apos;Object Repository/Pilar 1/Showroom-Supplier/UAT/CBU/SPV-CBU-Assign-Staff/Page_KunjunganShowroom/select_b3-b1-b1-Dropdown1&amp;apos; </message>
  <nestedLevel>1</nestedLevel>
  <escapedJava>false</escapedJava>
  <property name="testops-method-name">com.kms.katalon.core.webui.keyword.internal.WebUIKeywordMain.runKeywordUntilTimeout</property>
  <property name="testops-execution-stacktrace">com.kms.katalon.core.logging.KeywordLogger.logPassed(KeywordLogger.java:348)
com.kms.katalon.core.logging.KeywordLogger.logPassed(KeywordLogger.java:343)
com.kms.katalon.core.webui.keyword.builtin.SelectOptionByValueKeyword$_selectOptionByValue_closure1.doCall(SelectOptionByValueKeyword.groovy:70)
java.base/jdk.internal.reflect.DirectMethodHandleAccessor.invoke(DirectMethodHandleAccessor.java:103)
jdk.proxy2/jdk.proxy2.$Proxy55.execute(Unknown Source)
com.kms.katalon.core.webui.model.SeleniumActionRetryController.performAction(SeleniumActionRetryController.java:96)
com.kms.katalon.core.webui.model.SeleniumActionRetryController.performAction(SeleniumActionRetryController.java:83)
com.kms.katalon.core.webui.keyword.internal.WebUIKeywordMain$_runKeywordUntilTimeout_closure1.doCall(WebUIKeywordMain.groovy:135)
com.kms.katalon.core.webui.keyword.internal.WebUIKeywordMain$_runKeywordUntilTimeout_closure1.call(WebUIKeywordMain.groovy)
com.kms.katalon.core.webui.keyword.internal.WebUIKeywordMain.runKeyword(WebUIKeywordMain.groovy:41)
com.kms.katalon.core.webui.keyword.internal.WebUIKeywordMain.runKeywordUntilTimeout(WebUIKeywordMain.groovy:133)
com.kms.katalon.core.webui.keyword.builtin.SelectOptionByValueKeyword.selectOptionByValue(SelectOptionByValueKeyword.groovy:79)
com.kms.katalon.core.webui.keyword.builtin.SelectOptionByValueKeyword.execute(SelectOptionByValueKeyword.groovy:44)
com.kms.katalon.core.keyword.internal.KeywordExecutor.executeKeywordForPlatform(KeywordExecutor.groovy:95)
com.kms.katalon.core.webui.keyword.WebUiBuiltInKeywords.selectOptionByValue(WebUiBuiltInKeywords.groovy:1269)
SPV-CBU-Assign-Staff.run(SPV-CBU-Assign-Staff:34)
</property>
</record>
<record>
  <date>2026-07-21T09:02:04.177212500Z</date>
  <millis>1784624524177</millis>
  <nanos>212500</nanos>
  <sequence>210</sequence>
  <level>END</level>
  <class>com.kms.katalon.core.logging.XmlKeywordLogger</class>
  <method>endKeyword</method>
  <thread>1</thread>
  <message>End action : selectOptionByValue(findTestObject(&amp;quot;Pilar 1/Showroom-Supplier/UAT/CBU/SPV-CBU-Assign-Staff/Page_KunjunganShowroom/select_b3-b1-b1-Dropdown1&amp;quot;), &amp;quot;2&amp;quot;, false)</message>
  <nestedLevel>1</nestedLevel>
  <escapedJava>false</escapedJava>
</record>
<record>
  <date>2026-07-21T09:02:04.177212500Z</date>
  <millis>1784624524177</millis>
  <nanos>212500</nanos>
  <sequence>211</sequence>
  <level>START</level>
  <class>com.kms.katalon.core.logging.XmlKeywordLogger</class>
  <method>startKeyword</method>
  <thread>1</thread>
  <message>Start action : selectOptionByValue(findTestObject(&amp;quot;Pilar 1/Showroom-Supplier/UAT/CBU/SPV-CBU-Assign-Staff/Page_KunjunganShowroom/select_b3-b1-b1-Dropdown3&amp;quot;), &amp;quot;0&amp;quot;, false)</message>
  <nestedLevel>1</nestedLevel>
  <escapedJava>false</escapedJava>
  <property name="startLine">37</property>
  <property name="stepIndex">8</property>
</record>
<record>
  <date>2026-07-21T09:02:04.715995600Z</date>
  <millis>1784624524715</millis>
  <nanos>995600</nanos>
  <sequence>223</sequence>
  <level>PASSED</level>
  <class>com.kms.katalon.core.logging.XmlKeywordLogger</class>
  <method>logMessage</method>
  <thread>1</thread>
  <message>All options with value &amp;apos;0&amp;apos; are selected in object &amp;apos;Object Repository/Pilar 1/Showroom-Supplier/UAT/CBU/SPV-CBU-Assign-Staff/Page_KunjunganShowroom/select_b3-b1-b1-Dropdown3&amp;apos; </message>
  <nestedLevel>1</nestedLevel>
  <escapedJava>false</escapedJava>
  <property name="testops-method-name">com.kms.katalon.core.webui.keyword.internal.WebUIKeywordMain.runKeywordUntilTimeout</property>
  <property name="testops-execution-stacktrace">com.kms.katalon.core.logging.KeywordLogger.logPassed(KeywordLogger.java:348)
com.kms.katalon.core.logging.KeywordLogger.logPassed(KeywordLogger.java:343)
com.kms.katalon.core.webui.keyword.builtin.SelectOptionByValueKeyword$_selectOptionByValue_closure1.doCall(SelectOptionByValueKeyword.groovy:70)
java.base/jdk.internal.reflect.DirectMethodHandleAccessor.invoke(DirectMethodHandleAccessor.java:103)
jdk.proxy2/jdk.proxy2.$Proxy55.execute(Unknown Source)
com.kms.katalon.core.webui.model.SeleniumActionRetryController.performAction(SeleniumActionRetryController.java:96)
com.kms.katalon.core.webui.model.SeleniumActionRetryController.performAction(SeleniumActionRetryController.java:83)
com.kms.katalon.core.webui.keyword.internal.WebUIKeywordMain$_runKeywordUntilTimeout_closure1.doCall(WebUIKeywordMain.groovy:135)
com.kms.katalon.core.webui.keyword.internal.WebUIKeywordMain$_runKeywordUntilTimeout_closure1.call(WebUIKeywordMain.groovy)
com.kms.katalon.core.webui.keyword.internal.WebUIKeywordMain.runKeyword(WebUIKeywordMain.groovy:41)
com.kms.katalon.core.webui.keyword.internal.WebUIKeywordMain.runKeywordUntilTimeout(WebUIKeywordMain.groovy:133)
com.kms.katalon.core.webui.keyword.builtin.SelectOptionByValueKeyword.selectOptionByValue(SelectOptionByValueKeyword.groovy:79)
com.kms.katalon.core.webui.keyword.builtin.SelectOptionByValueKeyword.execute(SelectOptionByValueKeyword.groovy:44)
com.kms.katalon.core.keyword.internal.KeywordExecutor.executeKeywordForPlatform(KeywordExecutor.groovy:95)
com.kms.katalon.core.webui.keyword.WebUiBuiltInKeywords.selectOptionByValue(WebUiBuiltInKeywords.groovy:1269)
SPV-CBU-Assign-Staff.run(SPV-CBU-Assign-Staff:37)
</property>
</record>
<record>
  <date>2026-07-21T09:02:04.718375700Z</date>
  <millis>1784624524718</millis>
  <nanos>375700</nanos>
  <sequence>224</sequence>
  <level>END</level>
  <class>com.kms.katalon.core.logging.XmlKeywordLogger</class>
  <method>endKeyword</method>
  <thread>1</thread>
  <message>End action : selectOptionByValue(findTestObject(&amp;quot;Pilar 1/Showroom-Supplier/UAT/CBU/SPV-CBU-Assign-Staff/Page_KunjunganShowroom/select_b3-b1-b1-Dropdown3&amp;quot;), &amp;quot;0&amp;quot;, false)</message>
  <nestedLevel>1</nestedLevel>
  <escapedJava>false</escapedJava>
</record>
<record>
  <date>2026-07-21T09:02:04.719692100Z</date>
  <millis>1784624524719</millis>
  <nanos>692100</nanos>
  <sequence>225</sequence>
  <level>START</level>
  <class>com.kms.katalon.core.logging.XmlKeywordLogger</class>
  <method>startKeyword</method>
  <thread>1</thread>
  <message>Start action : click(findTestObject(&amp;quot;Pilar 1/Showroom-Supplier/UAT/CBU/SPV-CBU-Assign-Staff/Page_KunjunganShowroom/button_Cari&amp;quot;))</message>
  <nestedLevel>1</nestedLevel>
  <escapedJava>false</escapedJava>
  <property name="startLine">40</property>
  <property name="stepIndex">9</property>
</record>
<record>
  <date>2026-07-21T09:02:05.039790800Z</date>
  <millis>1784624525039</millis>
  <nanos>790800</nanos>
  <sequence>236</sequence>
  <level>PASSED</level>
  <class>com.kms.katalon.core.logging.XmlKeywordLogger</class>
  <method>logMessage</method>
  <thread>1</thread>
  <message>Object: &amp;apos;Object Repository/Pilar 1/Showroom-Supplier/UAT/CBU/SPV-CBU-Assign-Staff/Page_KunjunganShowroom/button_Cari&amp;apos; is clicked on</message>
  <nestedLevel>1</nestedLevel>
  <escapedJava>false</escapedJava>
  <property name="testops-method-name">com.kms.katalon.core.webui.keyword.internal.WebUIKeywordMain.runKeywordUntilTimeout</property>
  <property name="testops-execution-stacktrace">com.kms.katalon.core.logging.KeywordLogger.logPassed(KeywordLogger.java:348)
com.kms.katalon.core.logging.KeywordLogger.logPassed(KeywordLogger.java:343)
com.kms.katalon.core.webui.keyword.builtin.ClickKeyword$_click_closure1.doCall(ClickKeyword.groovy:66)
java.base/jdk.internal.reflect.DirectMethodHandleAccessor.invoke(DirectMethodHandleAccessor.java:103)
jdk.proxy2/jdk.proxy2.$Proxy55.execute(Unknown Source)
com.kms.katalon.core.webui.model.SeleniumActionRetryController.performAction(SeleniumActionRetryController.java:96)
com.kms.katalon.core.webui.model.SeleniumActionRetryController.performAction(SeleniumActionRetryController.java:83)
com.kms.katalon.core.webui.keyword.internal.WebUIKeywordMain$_runKeywordUntilTimeout_closure1.doCall(WebUIKeywordMain.groovy:135)
com.kms.katalon.core.webui.keyword.internal.WebUIKeywordMain$_runKeywordUntilTimeout_closure1.call(WebUIKeywordMain.groovy)
com.kms.katalon.core.webui.keyword.internal.WebUIKeywordMain.runKeyword(WebUIKeywordMain.groovy:41)
com.kms.katalon.core.webui.keyword.internal.WebUIKeywordMain.runKeywordUntilTimeout(WebUIKeywordMain.groovy:133)
com.kms.katalon.core.webui.keyword.builtin.ClickKeyword.click(ClickKeyword.groovy:72)
com.kms.katalon.core.webui.keyword.builtin.ClickKeyword.execute(ClickKeyword.groovy:38)
com.kms.katalon.core.keyword.internal.KeywordExecutor.executeKeywordForPlatform(KeywordExecutor.groovy:95)
com.kms.katalon.core.webui.keyword.WebUiBuiltInKeywords.click(WebUiBuiltInKeywords.groovy:721)
SPV-CBU-Assign-Staff.run(SPV-CBU-Assign-Staff:40)
</property>
</record>
<record>
  <date>2026-07-21T09:02:05.039790800Z</date>
  <millis>1784624525039</millis>
  <nanos>790800</nanos>
  <sequence>237</sequence>
  <level>END</level>
  <class>com.kms.katalon.core.logging.XmlKeywordLogger</class>
  <method>endKeyword</method>
  <thread>1</thread>
  <message>End action : click(findTestObject(&amp;quot;Pilar 1/Showroom-Supplier/UAT/CBU/SPV-CBU-Assign-Staff/Page_KunjunganShowroom/button_Cari&amp;quot;))</message>
  <nestedLevel>1</nestedLevel>
  <escapedJava>false</escapedJava>
</record>
<record>
  <date>2026-07-21T09:02:05.039790800Z</date>
  <millis>1784624525039</millis>
  <nanos>790800</nanos>
  <sequence>238</sequence>
  <level>START</level>
  <class>com.kms.katalon.core.logging.XmlKeywordLogger</class>
  <method>startKeyword</method>
  <thread>1</thread>
  <message>Start action : click(findTestObject(&amp;quot;Pilar 1/Showroom-Supplier/UAT/CBU/SPV-CBU-Assign-Staff/Page_KunjunganShowroom/button_Cek Jarak_1&amp;quot;))</message>
  <nestedLevel>1</nestedLevel>
  <escapedJava>false</escapedJava>
  <property name="startLine">42</property>
  <property name="stepIndex">10</property>
</record>
<record>
  <date>2026-07-21T09:02:06.103694300Z</date>
  <millis>1784624526103</millis>
  <nanos>694300</nanos>
  <sequence>249</sequence>
  <level>PASSED</level>
  <class>com.kms.katalon.core.logging.XmlKeywordLogger</class>
  <method>logMessage</method>
  <thread>1</thread>
  <message>Object: &amp;apos;Object Repository/Pilar 1/Showroom-Supplier/UAT/CBU/SPV-CBU-Assign-Staff/Page_KunjunganShowroom/button_Cek Jarak_1&amp;apos; is clicked on</message>
  <nestedLevel>1</nestedLevel>
  <escapedJava>false</escapedJava>
  <property name="testops-method-name">com.kms.katalon.core.webui.keyword.internal.WebUIKeywordMain.runKeywordUntilTimeout</property>
  <property name="testops-execution-stacktrace">com.kms.katalon.core.logging.KeywordLogger.logPassed(KeywordLogger.java:348)
com.kms.katalon.core.logging.KeywordLogger.logPassed(KeywordLogger.java:343)
com.kms.katalon.core.webui.keyword.builtin.ClickKeyword$_click_closure1.doCall(ClickKeyword.groovy:66)
java.base/jdk.internal.reflect.DirectMethodHandleAccessor.invoke(DirectMethodHandleAccessor.java:103)
jdk.proxy2/jdk.proxy2.$Proxy55.execute(Unknown Source)
com.kms.katalon.core.webui.model.SeleniumActionRetryController.performAction(SeleniumActionRetryController.java:96)
com.kms.katalon.core.webui.model.SeleniumActionRetryController.performAction(SeleniumActionRetryController.java:83)
com.kms.katalon.core.webui.keyword.internal.WebUIKeywordMain$_runKeywordUntilTimeout_closure1.doCall(WebUIKeywordMain.groovy:135)
com.kms.katalon.core.webui.keyword.internal.WebUIKeywordMain$_runKeywordUntilTimeout_closure1.call(WebUIKeywordMain.groovy)
com.kms.katalon.core.webui.keyword.internal.WebUIKeywordMain.runKeyword(WebUIKeywordMain.groovy:41)
com.kms.katalon.core.webui.keyword.internal.WebUIKeywordMain.runKeywordUntilTimeout(WebUIKeywordMain.groovy:133)
com.kms.katalon.core.webui.keyword.builtin.ClickKeyword.click(ClickKeyword.groovy:72)
com.kms.katalon.core.webui.keyword.builtin.ClickKeyword.execute(ClickKeyword.groovy:38)
com.kms.katalon.core.keyword.internal.KeywordExecutor.executeKeywordForPlatform(KeywordExecutor.groovy:95)
com.kms.katalon.core.webui.keyword.WebUiBuiltInKeywords.click(WebUiBuiltInKeywords.groovy:721)
SPV-CBU-Assign-Staff.run(SPV-CBU-Assign-Staff:42)
</property>
</record>
<record>
  <date>2026-07-21T09:02:06.105283800Z</date>
  <millis>1784624526105</millis>
  <nanos>283800</nanos>
  <sequence>250</sequence>
  <level>END</level>
  <class>com.kms.katalon.core.logging.XmlKeywordLogger</class>
  <method>endKeyword</method>
  <thread>1</thread>
  <message>End action : click(findTestObject(&amp;quot;Pilar 1/Showroom-Supplier/UAT/CBU/SPV-CBU-Assign-Staff/Page_KunjunganShowroom/button_Cek Jarak_1&amp;quot;))</message>
  <nestedLevel>1</nestedLevel>
  <escapedJava>false</escapedJava>
</record>
<record>
  <date>2026-07-21T09:02:06.106289500Z</date>
  <millis>1784624526106</millis>
  <nanos>289500</nanos>
  <sequence>251</sequence>
  <level>START</level>
  <class>com.kms.katalon.core.logging.XmlKeywordLogger</class>
  <method>startKeyword</method>
  <thread>1</thread>
  <message>Start action : click(findTestObject(&amp;quot;Pilar 1/Showroom-Supplier/UAT/CBU/SPV-CBU-Assign-Staff/Page_KunjunganShowroom/input_Checkbox2_ChecklistAssign&amp;quot;))</message>
  <nestedLevel>1</nestedLevel>
  <escapedJava>false</escapedJava>
  <property name="startLine">44</property>
  <property name="stepIndex">11</property>
</record>
<record>
  <date>2026-07-21T09:02:07.047836200Z</date>
  <millis>1784624527047</millis>
  <nanos>836200</nanos>
  <sequence>262</sequence>
  <level>PASSED</level>
  <class>com.kms.katalon.core.logging.XmlKeywordLogger</class>
  <method>logMessage</method>
  <thread>1</thread>
  <message>Object: &amp;apos;Object Repository/Pilar 1/Showroom-Supplier/UAT/CBU/SPV-CBU-Assign-Staff/Page_KunjunganShowroom/input_Checkbox2_ChecklistAssign&amp;apos; is clicked on</message>
  <nestedLevel>1</nestedLevel>
  <escapedJava>false</escapedJava>
  <property name="testops-method-name">com.kms.katalon.core.webui.keyword.internal.WebUIKeywordMain.runKeywordUntilTimeout</property>
  <property name="testops-execution-stacktrace">com.kms.katalon.core.logging.KeywordLogger.logPassed(KeywordLogger.java:348)
com.kms.katalon.core.logging.KeywordLogger.logPassed(KeywordLogger.java:343)
com.kms.katalon.core.webui.keyword.builtin.ClickKeyword$_click_closure1.doCall(ClickKeyword.groovy:66)
java.base/jdk.internal.reflect.DirectMethodHandleAccessor.invoke(DirectMethodHandleAccessor.java:103)
jdk.proxy2/jdk.proxy2.$Proxy55.execute(Unknown Source)
com.kms.katalon.core.webui.model.SeleniumActionRetryController.performAction(SeleniumActionRetryController.java:96)
com.kms.katalon.core.webui.model.SeleniumActionRetryController.performAction(SeleniumActionRetryController.java:83)
com.kms.katalon.core.webui.keyword.internal.WebUIKeywordMain$_runKeywordUntilTimeout_closure1.doCall(WebUIKeywordMain.groovy:135)
com.kms.katalon.core.webui.keyword.internal.WebUIKeywordMain$_runKeywordUntilTimeout_closure1.call(WebUIKeywordMain.groovy)
com.kms.katalon.core.webui.keyword.internal.WebUIKeywordMain.runKeyword(WebUIKeywordMain.groovy:41)
com.kms.katalon.core.webui.keyword.internal.WebUIKeywordMain.runKeywordUntilTimeout(WebUIKeywordMain.groovy:133)
com.kms.katalon.core.webui.keyword.builtin.ClickKeyword.click(ClickKeyword.groovy:72)
com.kms.katalon.core.webui.keyword.builtin.ClickKeyword.execute(ClickKeyword.groovy:38)
com.kms.katalon.core.keyword.internal.KeywordExecutor.executeKeywordForPlatform(KeywordExecutor.groovy:95)
com.kms.katalon.core.webui.keyword.WebUiBuiltInKeywords.click(WebUiBuiltInKeywords.groovy:721)
SPV-CBU-Assign-Staff.run(SPV-CBU-Assign-Staff:44)
</property>
</record>
<record>
  <date>2026-07-21T09:02:07.047836200Z</date>
  <millis>1784624527047</millis>
  <nanos>836200</nanos>
  <sequence>263</sequence>
  <level>END</level>
  <class>com.kms.katalon.core.logging.XmlKeywordLogger</class>
  <method>endKeyword</method>
  <thread>1</thread>
  <message>End action : click(findTestObject(&amp;quot;Pilar 1/Showroom-Supplier/UAT/CBU/SPV-CBU-Assign-Staff/Page_KunjunganShowroom/input_Checkbox2_ChecklistAssign&amp;quot;))</message>
  <nestedLevel>1</nestedLevel>
  <escapedJava>false</escapedJava>
</record>
<record>
  <date>2026-07-21T09:02:07.047836200Z</date>
  <millis>1784624527047</millis>
  <nanos>836200</nanos>
  <sequence>264</sequence>
  <level>START</level>
  <class>com.kms.katalon.core.logging.XmlKeywordLogger</class>
  <method>startKeyword</method>
  <thread>1</thread>
  <message>Start action : delay(5)</message>
  <nestedLevel>1</nestedLevel>
  <escapedJava>false</escapedJava>
  <property name="startLine">46</property>
  <property name="stepIndex">12</property>
</record>
<record>
  <date>2026-07-21T09:02:12.064091200Z</date>
  <millis>1784624532064</millis>
  <nanos>91200</nanos>
  <sequence>267</sequence>
  <level>PASSED</level>
  <class>com.kms.katalon.core.logging.XmlKeywordLogger</class>
  <method>logMessage</method>
  <thread>1</thread>
  <message>Delayed 5 second(s)</message>
  <nestedLevel>1</nestedLevel>
  <escapedJava>false</escapedJava>
  <property name="testops-method-name">com.kms.katalon.core.keyword.builtin.DelayKeyword.delay</property>
  <property name="testops-execution-stacktrace"></property>
</record>
<record>
  <date>2026-07-21T09:02:12.066096700Z</date>
  <millis>1784624532066</millis>
  <nanos>96700</nanos>
  <sequence>268</sequence>
  <level>END</level>
  <class>com.kms.katalon.core.logging.XmlKeywordLogger</class>
  <method>endKeyword</method>
  <thread>1</thread>
  <message>End action : delay(5)</message>
  <nestedLevel>1</nestedLevel>
  <escapedJava>false</escapedJava>
</record>
<record>
  <date>2026-07-21T09:02:12.066096700Z</date>
  <millis>1784624532066</millis>
  <nanos>96700</nanos>
  <sequence>269</sequence>
  <level>START</level>
  <class>com.kms.katalon.core.logging.XmlKeywordLogger</class>
  <method>startKeyword</method>
  <thread>1</thread>
  <message>Start action : click(findTestObject(&amp;quot;Pilar 1/Showroom-Supplier/UAT/CBU/SPV-CBU-Assign-Staff/Page_KunjunganShowroom/button_Assign&amp;quot;))</message>
  <nestedLevel>1</nestedLevel>
  <escapedJava>false</escapedJava>
  <property name="startLine">48</property>
  <property name="stepIndex">13</property>
</record>
<record>
  <date>2026-07-21T09:02:12.385212600Z</date>
  <millis>1784624532385</millis>
  <nanos>212600</nanos>
  <sequence>280</sequence>
  <level>PASSED</level>
  <class>com.kms.katalon.core.logging.XmlKeywordLogger</class>
  <method>logMessage</method>
  <thread>1</thread>
  <message>Object: &amp;apos;Object Repository/Pilar 1/Showroom-Supplier/UAT/CBU/SPV-CBU-Assign-Staff/Page_KunjunganShowroom/button_Assign&amp;apos; is clicked on</message>
  <nestedLevel>1</nestedLevel>
  <escapedJava>false</escapedJava>
  <property name="testops-method-name">com.kms.katalon.core.webui.keyword.internal.WebUIKeywordMain.runKeywordUntilTimeout</property>
  <property name="testops-execution-stacktrace">com.kms.katalon.core.logging.KeywordLogger.logPassed(KeywordLogger.java:348)
com.kms.katalon.core.logging.KeywordLogger.logPassed(KeywordLogger.java:343)
com.kms.katalon.core.webui.keyword.builtin.ClickKeyword$_click_closure1.doCall(ClickKeyword.groovy:66)
java.base/jdk.internal.reflect.DirectMethodHandleAccessor.invoke(DirectMethodHandleAccessor.java:103)
jdk.proxy2/jdk.proxy2.$Proxy55.execute(Unknown Source)
com.kms.katalon.core.webui.model.SeleniumActionRetryController.performAction(SeleniumActionRetryController.java:96)
com.kms.katalon.core.webui.model.SeleniumActionRetryController.performAction(SeleniumActionRetryController.java:83)
com.kms.katalon.core.webui.keyword.internal.WebUIKeywordMain$_runKeywordUntilTimeout_closure1.doCall(WebUIKeywordMain.groovy:135)
com.kms.katalon.core.webui.keyword.internal.WebUIKeywordMain$_runKeywordUntilTimeout_closure1.call(WebUIKeywordMain.groovy)
com.kms.katalon.core.webui.keyword.internal.WebUIKeywordMain.runKeyword(WebUIKeywordMain.groovy:41)
com.kms.katalon.core.webui.keyword.internal.WebUIKeywordMain.runKeywordUntilTimeout(WebUIKeywordMain.groovy:133)
com.kms.katalon.core.webui.keyword.builtin.ClickKeyword.click(ClickKeyword.groovy:72)
com.kms.katalon.core.webui.keyword.builtin.ClickKeyword.execute(ClickKeyword.groovy:38)
com.kms.katalon.core.keyword.internal.KeywordExecutor.executeKeywordForPlatform(KeywordExecutor.groovy:95)
com.kms.katalon.core.webui.keyword.WebUiBuiltInKeywords.click(WebUiBuiltInKeywords.groovy:721)
SPV-CBU-Assign-Staff.run(SPV-CBU-Assign-Staff:48)
</property>
</record>
<record>
  <date>2026-07-21T09:02:12.387538700Z</date>
  <millis>1784624532387</millis>
  <nanos>538700</nanos>
  <sequence>281</sequence>
  <level>END</level>
  <class>com.kms.katalon.core.logging.XmlKeywordLogger</class>
  <method>endKeyword</method>
  <thread>1</thread>
  <message>End action : click(findTestObject(&amp;quot;Pilar 1/Showroom-Supplier/UAT/CBU/SPV-CBU-Assign-Staff/Page_KunjunganShowroom/button_Assign&amp;quot;))</message>
  <nestedLevel>1</nestedLevel>
  <escapedJava>false</escapedJava>
</record>
<record>
  <date>2026-07-21T09:02:12.388535600Z</date>
  <millis>1784624532388</millis>
  <nanos>535600</nanos>
  <sequence>282</sequence>
  <level>START</level>
  <class>com.kms.katalon.core.logging.XmlKeywordLogger</class>
  <method>startKeyword</method>
  <thread>1</thread>
  <message>Start action : selectOptionByValue(findTestObject(&amp;quot;Pilar 1/Showroom-Supplier/UAT/CBU/SPV-CBU-Assign-Staff/Page_KunjunganShowroom/select_b3-b1-b4-Dropdown1&amp;quot;), &amp;quot;0&amp;quot;, false)</message>
  <nestedLevel>1</nestedLevel>
  <escapedJava>false</escapedJava>
  <property name="startLine">50</property>
  <property name="stepIndex">14</property>
</record>
<record>
  <date>2026-07-21T09:02:13.301843500Z</date>
  <millis>1784624533301</millis>
  <nanos>843500</nanos>
  <sequence>294</sequence>
  <level>PASSED</level>
  <class>com.kms.katalon.core.logging.XmlKeywordLogger</class>
  <method>logMessage</method>
  <thread>1</thread>
  <message>All options with value &amp;apos;0&amp;apos; are selected in object &amp;apos;Object Repository/Pilar 1/Showroom-Supplier/UAT/CBU/SPV-CBU-Assign-Staff/Page_KunjunganShowroom/select_b3-b1-b4-Dropdown1&amp;apos; </message>
  <nestedLevel>1</nestedLevel>
  <escapedJava>false</escapedJava>
  <property name="testops-method-name">com.kms.katalon.core.webui.keyword.internal.WebUIKeywordMain.runKeywordUntilTimeout</property>
  <property name="testops-execution-stacktrace">com.kms.katalon.core.logging.KeywordLogger.logPassed(KeywordLogger.java:348)
com.kms.katalon.core.logging.KeywordLogger.logPassed(KeywordLogger.java:343)
com.kms.katalon.core.webui.keyword.builtin.SelectOptionByValueKeyword$_selectOptionByValue_closure1.doCall(SelectOptionByValueKeyword.groovy:70)
java.base/jdk.internal.reflect.DirectMethodHandleAccessor.invoke(DirectMethodHandleAccessor.java:103)
jdk.proxy2/jdk.proxy2.$Proxy55.execute(Unknown Source)
com.kms.katalon.core.webui.model.SeleniumActionRetryController.performAction(SeleniumActionRetryController.java:96)
com.kms.katalon.core.webui.model.SeleniumActionRetryController.performAction(SeleniumActionRetryController.java:83)
com.kms.katalon.core.webui.keyword.internal.WebUIKeywordMain$_runKeywordUntilTimeout_closure1.doCall(WebUIKeywordMain.groovy:135)
com.kms.katalon.core.webui.keyword.internal.WebUIKeywordMain$_runKeywordUntilTimeout_closure1.call(WebUIKeywordMain.groovy)
com.kms.katalon.core.webui.keyword.internal.WebUIKeywordMain.runKeyword(WebUIKeywordMain.groovy:41)
com.kms.katalon.core.webui.keyword.internal.WebUIKeywordMain.runKeywordUntilTimeout(WebUIKeywordMain.groovy:133)
com.kms.katalon.core.webui.keyword.builtin.SelectOptionByValueKeyword.selectOptionByValue(SelectOptionByValueKeyword.groovy:79)
com.kms.katalon.core.webui.keyword.builtin.SelectOptionByValueKeyword.execute(SelectOptionByValueKeyword.groovy:44)
com.kms.katalon.core.keyword.internal.KeywordExecutor.executeKeywordForPlatform(KeywordExecutor.groovy:95)
com.kms.katalon.core.webui.keyword.WebUiBuiltInKeywords.selectOptionByValue(WebUiBuiltInKeywords.groovy:1269)
SPV-CBU-Assign-Staff.run(SPV-CBU-Assign-Staff:50)
</property>
</record>
<record>
  <date>2026-07-21T09:02:13.306050100Z</date>
  <millis>1784624533306</millis>
  <nanos>50100</nanos>
  <sequence>295</sequence>
  <level>END</level>
  <class>com.kms.katalon.core.logging.XmlKeywordLogger</class>
  <method>endKeyword</method>
  <thread>1</thread>
  <message>End action : selectOptionByValue(findTestObject(&amp;quot;Pilar 1/Showroom-Supplier/UAT/CBU/SPV-CBU-Assign-Staff/Page_KunjunganShowroom/select_b3-b1-b4-Dropdown1&amp;quot;), &amp;quot;0&amp;quot;, false)</message>
  <nestedLevel>1</nestedLevel>
  <escapedJava>false</escapedJava>
</record>
<record>
  <date>2026-07-21T09:02:13.306050100Z</date>
  <millis>1784624533306</millis>
  <nanos>50100</nanos>
  <sequence>296</sequence>
  <level>START</level>
  <class>com.kms.katalon.core.logging.XmlKeywordLogger</class>
  <method>startKeyword</method>
  <thread>1</thread>
  <message>Start action : click(findTestObject(&amp;quot;Pilar 1/Showroom-Supplier/UAT/CBU/SPV-CBU-Assign-Staff/Page_KunjunganShowroom/button_Assign_1&amp;quot;))</message>
  <nestedLevel>1</nestedLevel>
  <escapedJava>false</escapedJava>
  <property name="startLine">53</property>
  <property name="stepIndex">15</property>
</record>
<record>
  <date>2026-07-21T09:02:13.650184500Z</date>
  <millis>1784624533650</millis>
  <nanos>184500</nanos>
  <sequence>307</sequence>
  <level>PASSED</level>
  <class>com.kms.katalon.core.logging.XmlKeywordLogger</class>
  <method>logMessage</method>
  <thread>1</thread>
  <message>Object: &amp;apos;Object Repository/Pilar 1/Showroom-Supplier/UAT/CBU/SPV-CBU-Assign-Staff/Page_KunjunganShowroom/button_Assign_1&amp;apos; is clicked on</message>
  <nestedLevel>1</nestedLevel>
  <escapedJava>false</escapedJava>
  <property name="testops-method-name">com.kms.katalon.core.webui.keyword.internal.WebUIKeywordMain.runKeywordUntilTimeout</property>
  <property name="testops-execution-stacktrace">com.kms.katalon.core.logging.KeywordLogger.logPassed(KeywordLogger.java:348)
com.kms.katalon.core.logging.KeywordLogger.logPassed(KeywordLogger.java:343)
com.kms.katalon.core.webui.keyword.builtin.ClickKeyword$_click_closure1.doCall(ClickKeyword.groovy:66)
java.base/jdk.internal.reflect.DirectMethodHandleAccessor.invoke(DirectMethodHandleAccessor.java:103)
jdk.proxy2/jdk.proxy2.$Proxy55.execute(Unknown Source)
com.kms.katalon.core.webui.model.SeleniumActionRetryController.performAction(SeleniumActionRetryController.java:96)
com.kms.katalon.core.webui.model.SeleniumActionRetryController.performAction(SeleniumActionRetryController.java:83)
com.kms.katalon.core.webui.keyword.internal.WebUIKeywordMain$_runKeywordUntilTimeout_closure1.doCall(WebUIKeywordMain.groovy:135)
com.kms.katalon.core.webui.keyword.internal.WebUIKeywordMain$_runKeywordUntilTimeout_closure1.call(WebUIKeywordMain.groovy)
com.kms.katalon.core.webui.keyword.internal.WebUIKeywordMain.runKeyword(WebUIKeywordMain.groovy:41)
com.kms.katalon.core.webui.keyword.internal.WebUIKeywordMain.runKeywordUntilTimeout(WebUIKeywordMain.groovy:133)
com.kms.katalon.core.webui.keyword.builtin.ClickKeyword.click(ClickKeyword.groovy:72)
com.kms.katalon.core.webui.keyword.builtin.ClickKeyword.execute(ClickKeyword.groovy:38)
com.kms.katalon.core.keyword.internal.KeywordExecutor.executeKeywordForPlatform(KeywordExecutor.groovy:95)
com.kms.katalon.core.webui.keyword.WebUiBuiltInKeywords.click(WebUiBuiltInKeywords.groovy:721)
SPV-CBU-Assign-Staff.run(SPV-CBU-Assign-Staff:53)
</property>
</record>
<record>
  <date>2026-07-21T09:02:13.658301600Z</date>
  <millis>1784624533658</millis>
  <nanos>301600</nanos>
  <sequence>308</sequence>
  <level>END</level>
  <class>com.kms.katalon.core.logging.XmlKeywordLogger</class>
  <method>endKeyword</method>
  <thread>1</thread>
  <message>End action : click(findTestObject(&amp;quot;Pilar 1/Showroom-Supplier/UAT/CBU/SPV-CBU-Assign-Staff/Page_KunjunganShowroom/button_Assign_1&amp;quot;))</message>
  <nestedLevel>1</nestedLevel>
  <escapedJava>false</escapedJava>
</record>
<record>
  <date>2026-07-21T09:02:13.658301600Z</date>
  <millis>1784624533658</millis>
  <nanos>301600</nanos>
  <sequence>309</sequence>
  <level>START</level>
  <class>com.kms.katalon.core.logging.XmlKeywordLogger</class>
  <method>startKeyword</method>
  <thread>1</thread>
  <message>Start action : selectOptionByValue(findTestObject(&amp;quot;Pilar 1/Showroom-Supplier/UAT/CBU/SPV-CBU-Assign-Staff/Page_KunjunganShowroom/select_b3-b1-b1-Dropdown3&amp;quot;), &amp;quot;1&amp;quot;, false)</message>
  <nestedLevel>1</nestedLevel>
  <escapedJava>false</escapedJava>
  <property name="startLine">55</property>
  <property name="stepIndex">16</property>
</record>
<record>
  <date>2026-07-21T09:02:15.362262500Z</date>
  <millis>1784624535362</millis>
  <nanos>262500</nanos>
  <sequence>321</sequence>
  <level>PASSED</level>
  <class>com.kms.katalon.core.logging.XmlKeywordLogger</class>
  <method>logMessage</method>
  <thread>1</thread>
  <message>All options with value &amp;apos;1&amp;apos; are selected in object &amp;apos;Object Repository/Pilar 1/Showroom-Supplier/UAT/CBU/SPV-CBU-Assign-Staff/Page_KunjunganShowroom/select_b3-b1-b1-Dropdown3&amp;apos; </message>
  <nestedLevel>1</nestedLevel>
  <escapedJava>false</escapedJava>
  <property name="testops-method-name">com.kms.katalon.core.webui.keyword.internal.WebUIKeywordMain.runKeywordUntilTimeout</property>
  <property name="testops-execution-stacktrace">com.kms.katalon.core.logging.KeywordLogger.logPassed(KeywordLogger.java:348)
com.kms.katalon.core.logging.KeywordLogger.logPassed(KeywordLogger.java:343)
com.kms.katalon.core.webui.keyword.builtin.SelectOptionByValueKeyword$_selectOptionByValue_closure1.doCall(SelectOptionByValueKeyword.groovy:70)
java.base/jdk.internal.reflect.DirectMethodHandleAccessor.invoke(DirectMethodHandleAccessor.java:103)
jdk.proxy2/jdk.proxy2.$Proxy55.execute(Unknown Source)
com.kms.katalon.core.webui.model.SeleniumActionRetryController.performAction(SeleniumActionRetryController.java:96)
com.kms.katalon.core.webui.model.SeleniumActionRetryController.performAction(SeleniumActionRetryController.java:83)
com.kms.katalon.core.webui.keyword.internal.WebUIKeywordMain$_runKeywordUntilTimeout_closure1.doCall(WebUIKeywordMain.groovy:135)
com.kms.katalon.core.webui.keyword.internal.WebUIKeywordMain$_runKeywordUntilTimeout_closure1.call(WebUIKeywordMain.groovy)
com.kms.katalon.core.webui.keyword.internal.WebUIKeywordMain.runKeyword(WebUIKeywordMain.groovy:41)
com.kms.katalon.core.webui.keyword.internal.WebUIKeywordMain.runKeywordUntilTimeout(WebUIKeywordMain.groovy:133)
com.kms.katalon.core.webui.keyword.builtin.SelectOptionByValueKeyword.selectOptionByValue(SelectOptionByValueKeyword.groovy:79)
com.kms.katalon.core.webui.keyword.builtin.SelectOptionByValueKeyword.execute(SelectOptionByValueKeyword.groovy:44)
com.kms.katalon.core.keyword.internal.KeywordExecutor.executeKeywordForPlatform(KeywordExecutor.groovy:95)
com.kms.katalon.core.webui.keyword.WebUiBuiltInKeywords.selectOptionByValue(WebUiBuiltInKeywords.groovy:1269)
SPV-CBU-Assign-Staff.run(SPV-CBU-Assign-Staff:55)
</property>
</record>
<record>
  <date>2026-07-21T09:02:15.366326Z</date>
  <millis>1784624535366</millis>
  <nanos>326000</nanos>
  <sequence>322</sequence>
  <level>END</level>
  <class>com.kms.katalon.core.logging.XmlKeywordLogger</class>
  <method>endKeyword</method>
  <thread>1</thread>
  <message>End action : selectOptionByValue(findTestObject(&amp;quot;Pilar 1/Showroom-Supplier/UAT/CBU/SPV-CBU-Assign-Staff/Page_KunjunganShowroom/select_b3-b1-b1-Dropdown3&amp;quot;), &amp;quot;1&amp;quot;, false)</message>
  <nestedLevel>1</nestedLevel>
  <escapedJava>false</escapedJava>
</record>
<record>
  <date>2026-07-21T09:02:15.366326Z</date>
  <millis>1784624535366</millis>
  <nanos>326000</nanos>
  <sequence>323</sequence>
  <level>START</level>
  <class>com.kms.katalon.core.logging.XmlKeywordLogger</class>
  <method>startKeyword</method>
  <thread>1</thread>
  <message>Start action : click(findTestObject(&amp;quot;Pilar 1/Showroom-Supplier/UAT/CBU/SPV-CBU-Assign-Staff/Page_KunjunganShowroom/button_Cari&amp;quot;))</message>
  <nestedLevel>1</nestedLevel>
  <escapedJava>false</escapedJava>
  <property name="startLine">58</property>
  <property name="stepIndex">17</property>
</record>
<record>
  <date>2026-07-21T09:02:15.681622Z</date>
  <millis>1784624535681</millis>
  <nanos>622000</nanos>
  <sequence>334</sequence>
  <level>PASSED</level>
  <class>com.kms.katalon.core.logging.XmlKeywordLogger</class>
  <method>logMessage</method>
  <thread>1</thread>
  <message>Object: &amp;apos;Object Repository/Pilar 1/Showroom-Supplier/UAT/CBU/SPV-CBU-Assign-Staff/Page_KunjunganShowroom/button_Cari&amp;apos; is clicked on</message>
  <nestedLevel>1</nestedLevel>
  <escapedJava>false</escapedJava>
  <property name="testops-method-name">com.kms.katalon.core.webui.keyword.internal.WebUIKeywordMain.runKeywordUntilTimeout</property>
  <property name="testops-execution-stacktrace">com.kms.katalon.core.logging.KeywordLogger.logPassed(KeywordLogger.java:348)
com.kms.katalon.core.logging.KeywordLogger.logPassed(KeywordLogger.java:343)
com.kms.katalon.core.webui.keyword.builtin.ClickKeyword$_click_closure1.doCall(ClickKeyword.groovy:66)
java.base/jdk.internal.reflect.DirectMethodHandleAccessor.invoke(DirectMethodHandleAccessor.java:103)
jdk.proxy2/jdk.proxy2.$Proxy55.execute(Unknown Source)
com.kms.katalon.core.webui.model.SeleniumActionRetryController.performAction(SeleniumActionRetryController.java:96)
com.kms.katalon.core.webui.model.SeleniumActionRetryController.performAction(SeleniumActionRetryController.java:83)
com.kms.katalon.core.webui.keyword.internal.WebUIKeywordMain$_runKeywordUntilTimeout_closure1.doCall(WebUIKeywordMain.groovy:135)
com.kms.katalon.core.webui.keyword.internal.WebUIKeywordMain$_runKeywordUntilTimeout_closure1.call(WebUIKeywordMain.groovy)
com.kms.katalon.core.webui.keyword.internal.WebUIKeywordMain.runKeyword(WebUIKeywordMain.groovy:41)
com.kms.katalon.core.webui.keyword.internal.WebUIKeywordMain.runKeywordUntilTimeout(WebUIKeywordMain.groovy:133)
com.kms.katalon.core.webui.keyword.builtin.ClickKeyword.click(ClickKeyword.groovy:72)
com.kms.katalon.core.webui.keyword.builtin.ClickKeyword.execute(ClickKeyword.groovy:38)
com.kms.katalon.core.keyword.internal.KeywordExecutor.executeKeywordForPlatform(KeywordExecutor.groovy:95)
com.kms.katalon.core.webui.keyword.WebUiBuiltInKeywords.click(WebUiBuiltInKeywords.groovy:721)
SPV-CBU-Assign-Staff.run(SPV-CBU-Assign-Staff:58)
</property>
</record>
<record>
  <date>2026-07-21T09:02:15.683129800Z</date>
  <millis>1784624535683</millis>
  <nanos>129800</nanos>
  <sequence>335</sequence>
  <level>END</level>
  <class>com.kms.katalon.core.logging.XmlKeywordLogger</class>
  <method>endKeyword</method>
  <thread>1</thread>
  <message>End action : click(findTestObject(&amp;quot;Pilar 1/Showroom-Supplier/UAT/CBU/SPV-CBU-Assign-Staff/Page_KunjunganShowroom/button_Cari&amp;quot;))</message>
  <nestedLevel>1</nestedLevel>
  <escapedJava>false</escapedJava>
</record>
<record>
  <date>2026-07-21T09:02:15.684614400Z</date>
  <millis>1784624535684</millis>
  <nanos>614400</nanos>
  <sequence>336</sequence>
  <level>PASSED</level>
  <class>com.kms.katalon.core.logging.XmlKeywordLogger</class>
  <method>logMessage</method>
  <thread>1</thread>
  <message>Test Cases/Pilar 1/Showroom-Supplier/UAT/CBU/SPV-CBU-Assign-Staff</message>
  <nestedLevel>1</nestedLevel>
  <escapedJava>false</escapedJava>
</record>
<record>
  <date>2026-07-21T09:02:15.686127300Z</date>
  <millis>1784624535686</millis>
  <nanos>127300</nanos>
  <sequence>337</sequence>
  <level>END</level>
  <class>com.kms.katalon.core.logging.XmlKeywordLogger</class>
  <method>endTest</method>
  <thread>1</thread>
  <message>End Test Case : Test Cases/Pilar 1/Showroom-Supplier/UAT/CBU/SPV-CBU-Assign-Staff</message>
  <nestedLevel>0</nestedLevel>
  <escapedJava>false</escapedJava>
  <property name="executionBindingVariables">[]</property>
  <property name="applitools">false</property>
  <property name="executedKeywords">{
  &quot;WebUI.setEncryptedText&quot;: 1,
  &quot;WebUI.maximizeWindow&quot;: 1,
  &quot;WebUI.waitForElementVisible&quot;: 2,
  &quot;WebUI.click&quot;: 10,
  &quot;WebUI.doubleClick&quot;: 1,
  &quot;WebUI.selectOptionByValue&quot;: 4,
  &quot;BuiltIn.callTestCase&quot;: 1,
  &quot;WebUI.openBrowser&quot;: 1,
  &quot;BuiltIn.delay&quot;: 3,
  &quot;WebUI.setText&quot;: 3
}</property>
  <property name="keywordsUsage">{
  &quot;web_ui&quot;: true,
  &quot;web_service&quot;: false,
  &quot;cucumber&quot;: false,
  &quot;builtin&quot;: true,
  &quot;mobile&quot;: false,
  &quot;windows&quot;: false,
  &quot;testng&quot;: false
}</property>
</record>
<record>
  <date>2026-07-21T09:02:15.699378200Z</date>
  <millis>1784624535699</millis>
  <nanos>378200</nanos>
  <sequence>338</sequence>
  <level>START</level>
  <class>com.kms.katalon.core.logging.XmlKeywordLogger</class>
  <method>startTest</method>
  <thread>1</thread>
  <message>Start Test Case : Test Cases/Pilar 1/Showroom-Supplier/UAT/CBU/Staff-MCBU-Submit-Task</message>
  <nestedLevel>1</nestedLevel>
  <escapedJava>false</escapedJava>
  <property name="origin"></property>
  <property name="name">Test Cases/Pilar 1/Showroom-Supplier/UAT/CBU/Staff-MCBU-Submit-Task</property>
  <property name="description"></property>
  <property name="iteration"></property>
  <property name="id">Test Cases/Pilar 1/Showroom-Supplier/UAT/CBU/Staff-MCBU-Submit-Task</property>
  <property name="source">C:\Users\Syarifah Risyani\git\Pilar 1\CSUL-Pilar-1\Test Cases\Pilar 1\Showroom-Supplier\UAT\CBU\Staff-MCBU-Submit-Task.tc</property>
  <property name="tag"></property>
  <property name="isOptional">false</property>
  <property name="uuid">c6466618-95d2-4e06-8663-f967f9d77e1e</property>
</record>
<record>
  <date>2026-07-21T09:02:15.741198900Z</date>
  <millis>1784624535741</millis>
  <nanos>198900</nanos>
  <sequence>340</sequence>
  <level>INFO</level>
  <class>com.kms.katalon.core.logging.XmlKeywordLogger</class>
  <method>logMessage</method>
  <thread>1</thread>
  <message>(Default) Lorem = C:\Users\PPU\Downloads\Tester File\Lorem1_PDF.pdf</message>
  <nestedLevel>1</nestedLevel>
  <escapedJava>false</escapedJava>
</record>
<record>
  <date>2026-07-21T09:02:15.748010900Z</date>
  <millis>1784624535748</millis>
  <nanos>10900</nanos>
  <sequence>341</sequence>
  <level>RUN_DATA</level>
  <class>com.kms.katalon.core.logging.XmlKeywordLogger</class>
  <method>logMessage</method>
  <thread>1</thread>
  <message>executionBindingVariables = [
  {
    &amp;quot;value&amp;quot;: &amp;quot;C:\\Users\\PPU\\Downloads\\Tester File\\Lorem1_PDF.pdf&amp;quot;,
    &amp;quot;isDefault&amp;quot;: true,
    &amp;quot;name&amp;quot;: &amp;quot;Lorem&amp;quot;,
    &amp;quot;masked&amp;quot;: false
  }
]</message>
  <nestedLevel>1</nestedLevel>
  <escapedJava>false</escapedJava>
  <property name="executionBindingVariables">[
  {
    &quot;value&quot;: &quot;C:\\Users\\PPU\\Downloads\\Tester File\\Lorem1_PDF.pdf&quot;,
    &quot;isDefault&quot;: true,
    &quot;name&quot;: &quot;Lorem&quot;,
    &quot;masked&quot;: false
  }
]</property>
</record>
<record>
  <date>2026-07-21T09:02:15.836602600Z</date>
  <millis>1784624535836</millis>
  <nanos>602600</nanos>
  <sequence>342</sequence>
  <level>START</level>
  <class>com.kms.katalon.core.logging.XmlKeywordLogger</class>
  <method>startKeyword</method>
  <thread>1</thread>
  <message>Start action : callTestCase(findTestCase(&amp;quot;Pilar 1/Login/UAT/Mobile/Staff-MCBU&amp;quot;), [:], STOP_ON_FAILURE)</message>
  <nestedLevel>1</nestedLevel>
  <escapedJava>false</escapedJava>
  <property name="startLine">20</property>
  <property name="stepIndex">1</property>
</record>
<record>
  <date>2026-07-21T09:02:15.899151Z</date>
  <millis>1784624535899</millis>
  <nanos>151000</nanos>
  <sequence>346</sequence>
  <level>START</level>
  <class>com.kms.katalon.core.logging.XmlKeywordLogger</class>
  <method>startTest</method>
  <thread>1</thread>
  <message>Start Test Case : Test Cases/Pilar 1/Login/UAT/Mobile/Staff-MCBU</message>
  <nestedLevel>2</nestedLevel>
  <escapedJava>false</escapedJava>
  <property name="origin"></property>
  <property name="name">Test Cases/Pilar 1/Login/UAT/Mobile/Staff-MCBU</property>
  <property name="description"></property>
  <property name="iteration"></property>
  <property name="id">Test Cases/Pilar 1/Login/UAT/Mobile/Staff-MCBU</property>
  <property name="source">C:\Users\Syarifah Risyani\git\Pilar 1\CSUL-Pilar-1\Test Cases\Pilar 1\Login\UAT\Mobile\Staff-MCBU.tc</property>
  <property name="tag"></property>
  <property name="isOptional">false</property>
</record>
<record>
  <date>2026-07-21T09:02:15.906069400Z</date>
  <millis>1784624535906</millis>
  <nanos>69400</nanos>
  <sequence>348</sequence>
  <level>RUN_DATA</level>
  <class>com.kms.katalon.core.logging.XmlKeywordLogger</class>
  <method>logMessage</method>
  <thread>1</thread>
  <message>executionBindingVariables = []</message>
  <nestedLevel>2</nestedLevel>
  <escapedJava>false</escapedJava>
  <property name="executionBindingVariables">[]</property>
</record>
<record>
  <date>2026-07-21T09:02:15.955871400Z</date>
  <millis>1784624535955</millis>
  <nanos>871400</nanos>
  <sequence>349</sequence>
  <level>START</level>
  <class>com.kms.katalon.core.logging.XmlKeywordLogger</class>
  <method>startKeyword</method>
  <thread>1</thread>
  <message>Start action : openBrowser(&amp;quot;https://sakti-test.csulfinance.com/CSUL_RCU_MOBILE/Login&amp;quot;)</message>
  <nestedLevel>1</nestedLevel>
  <escapedJava>false</escapedJava>
  <property name="startLine">23</property>
  <property name="stepIndex">1</property>
</record>
<record>
  <date>2026-07-21T09:02:15.965178600Z</date>
  <millis>1784624535965</millis>
  <nanos>178600</nanos>
  <sequence>352</sequence>
  <level>WARNING</level>
  <class>com.kms.katalon.core.logging.XmlKeywordLogger</class>
  <method>logMessage</method>
  <thread>1</thread>
  <message>A browser is already opened. Closing browser and opening a new one</message>
  <nestedLevel>2</nestedLevel>
  <escapedJava>false</escapedJava>
</record>
<record>
  <date>2026-07-21T09:02:16.349852700Z</date>
  <millis>1784624536349</millis>
  <nanos>852700</nanos>
  <sequence>353</sequence>
  <level>INFO</level>
  <class>com.kms.katalon.core.logging.XmlKeywordLogger</class>
  <method>logMessage</method>
  <thread>1</thread>
  <message>Starting &amp;apos;Chrome&amp;apos; driver</message>
  <nestedLevel>2</nestedLevel>
  <escapedJava>false</escapedJava>
</record>
<record>
  <date>2026-07-21T09:02:16.354523700Z</date>
  <millis>1784624536354</millis>
  <nanos>523700</nanos>
  <sequence>354</sequence>
  <level>INFO</level>
  <class>com.kms.katalon.core.logging.XmlKeywordLogger</class>
  <method>logMessage</method>
  <thread>1</thread>
  <message>Action delay is set to 0 milliseconds</message>
  <nestedLevel>2</nestedLevel>
  <escapedJava>false</escapedJava>
</record>
<record>
  <date>2026-07-21T09:02:17.464643500Z</date>
  <millis>1784624537464</millis>
  <nanos>643500</nanos>
  <sequence>357</sequence>
  <level>RUN_DATA</level>
  <class>com.kms.katalon.core.logging.XmlKeywordLogger</class>
  <method>logMessage</method>
  <thread>1</thread>
  <message>sessionId = 91d1c29d5cf651814694c3da68e8e874</message>
  <nestedLevel>2</nestedLevel>
  <escapedJava>false</escapedJava>
  <property name="sessionId">91d1c29d5cf651814694c3da68e8e874</property>
</record>
<record>
  <date>2026-07-21T09:02:17.466151200Z</date>
  <millis>1784624537466</millis>
  <nanos>151200</nanos>
  <sequence>358</sequence>
  <level>RUN_DATA</level>
  <class>com.kms.katalon.core.logging.XmlKeywordLogger</class>
  <method>logMessage</method>
  <thread>1</thread>
  <message>browser = Chrome 150.0.7871.128</message>
  <nestedLevel>2</nestedLevel>
  <escapedJava>false</escapedJava>
  <property name="browser">Chrome 150.0.7871.128</property>
</record>
<record>
  <date>2026-07-21T09:02:17.466151200Z</date>
  <millis>1784624537466</millis>
  <nanos>151200</nanos>
  <sequence>359</sequence>
  <level>RUN_DATA</level>
  <class>com.kms.katalon.core.logging.XmlKeywordLogger</class>
  <method>logMessage</method>
  <thread>1</thread>
  <message>platform = Windows 11</message>
  <nestedLevel>2</nestedLevel>
  <escapedJava>false</escapedJava>
  <property name="platform">Windows 11</property>
</record>
<record>
  <date>2026-07-21T09:02:17.470165500Z</date>
  <millis>1784624537470</millis>
  <nanos>165500</nanos>
  <sequence>360</sequence>
  <level>RUN_DATA</level>
  <class>com.kms.katalon.core.logging.XmlKeywordLogger</class>
  <method>logMessage</method>
  <thread>1</thread>
  <message>seleniumVersion = 4.39.0</message>
  <nestedLevel>2</nestedLevel>
  <escapedJava>false</escapedJava>
  <property name="seleniumVersion">4.39.0</property>
</record>
<record>
  <date>2026-07-21T09:02:17.471608600Z</date>
  <millis>1784624537471</millis>
  <nanos>608600</nanos>
  <sequence>361</sequence>
  <level>RUN_DATA</level>
  <class>com.kms.katalon.core.logging.XmlKeywordLogger</class>
  <method>logMessage</method>
  <thread>1</thread>
  <message>proxyInformation = ProxyInformation { proxyOption=NO_PROXY, proxyServerType=HTTP, username=, password=********, proxyServerAddress=, proxyServerPort=0, executionList=&amp;quot;&amp;quot;, isApplyToDesiredCapabilities=true }</message>
  <nestedLevel>2</nestedLevel>
  <escapedJava>false</escapedJava>
  <property name="proxyInformation">ProxyInformation { proxyOption=NO_PROXY, proxyServerType=HTTP, username=, password=********, proxyServerAddress=, proxyServerPort=0, executionList=&quot;&quot;, isApplyToDesiredCapabilities=true }</property>
</record>
<record>
  <date>2026-07-21T09:02:18.100344700Z</date>
  <millis>1784624538100</millis>
  <nanos>344700</nanos>
  <sequence>363</sequence>
  <level>PASSED</level>
  <class>com.kms.katalon.core.logging.XmlKeywordLogger</class>
  <method>logMessage</method>
  <thread>1</thread>
  <message>Browser is opened with url: &amp;apos;https://sakti-test.csulfinance.com/CSUL_RCU_MOBILE/Login&amp;apos;</message>
  <nestedLevel>2</nestedLevel>
  <escapedJava>false</escapedJava>
  <property name="testops-method-name">com.kms.katalon.core.webui.keyword.builtin.OpenBrowserKeyword.openBrowser</property>
  <property name="testops-execution-stacktrace"></property>
</record>
<record>
  <date>2026-07-21T09:02:18.104335100Z</date>
  <millis>1784624538104</millis>
  <nanos>335100</nanos>
  <sequence>364</sequence>
  <level>END</level>
  <class>com.kms.katalon.core.logging.XmlKeywordLogger</class>
  <method>endKeyword</method>
  <thread>1</thread>
  <message>End action : openBrowser(&amp;quot;https://sakti-test.csulfinance.com/CSUL_RCU_MOBILE/Login&amp;quot;)</message>
  <nestedLevel>1</nestedLevel>
  <escapedJava>false</escapedJava>
</record>
<record>
  <date>2026-07-21T09:02:18.104335100Z</date>
  <millis>1784624538104</millis>
  <nanos>335100</nanos>
  <sequence>365</sequence>
  <level>START</level>
  <class>com.kms.katalon.core.logging.XmlKeywordLogger</class>
  <method>startKeyword</method>
  <thread>1</thread>
  <message>Start action : setText(findTestObject(&amp;quot;Pilar 1/Login/UAT/Mobile/Page_Login/input_Username&amp;quot;), &amp;quot;iqbal.putra&amp;quot;)</message>
  <nestedLevel>1</nestedLevel>
  <escapedJava>false</escapedJava>
  <property name="startLine">26</property>
  <property name="stepIndex">2</property>
</record>
<record>
  <date>2026-07-21T09:02:24.658096200Z</date>
  <millis>1784624544658</millis>
  <nanos>96200</nanos>
  <sequence>379</sequence>
  <level>PASSED</level>
  <class>com.kms.katalon.core.logging.XmlKeywordLogger</class>
  <method>logMessage</method>
  <thread>1</thread>
  <message>Text &amp;apos;iqbal.putra&amp;apos; is set on object &amp;apos;Object Repository/Pilar 1/Login/UAT/Mobile/Page_Login/input_Username&amp;apos;</message>
  <nestedLevel>2</nestedLevel>
  <escapedJava>false</escapedJava>
  <property name="testops-method-name">com.kms.katalon.core.webui.keyword.internal.WebUIKeywordMain.runKeywordUntilTimeout</property>
  <property name="testops-execution-stacktrace">com.kms.katalon.core.logging.KeywordLogger.logPassed(KeywordLogger.java:348)
com.kms.katalon.core.logging.KeywordLogger.logPassed(KeywordLogger.java:343)
com.kms.katalon.core.webui.keyword.builtin.SetTextKeyword$_setText_closure1.doCall(SetTextKeyword.groovy:99)
java.base/jdk.internal.reflect.DirectMethodHandleAccessor.invoke(DirectMethodHandleAccessor.java:103)
jdk.proxy2/jdk.proxy2.$Proxy55.execute(Unknown Source)
com.kms.katalon.core.webui.model.SeleniumActionRetryController.performAction(SeleniumActionRetryController.java:96)
com.kms.katalon.core.webui.model.SeleniumActionRetryController.performAction(SeleniumActionRetryController.java:83)
com.kms.katalon.core.webui.keyword.internal.WebUIKeywordMain$_runKeywordUntilTimeout_closure1.doCall(WebUIKeywordMain.groovy:135)
com.kms.katalon.core.webui.keyword.internal.WebUIKeywordMain$_runKeywordUntilTimeout_closure1.call(WebUIKeywordMain.groovy)
com.kms.katalon.core.webui.keyword.internal.WebUIKeywordMain.runKeyword(WebUIKeywordMain.groovy:41)
com.kms.katalon.core.webui.keyword.internal.WebUIKeywordMain.runKeywordUntilTimeout(WebUIKeywordMain.groovy:133)
com.kms.katalon.core.webui.keyword.builtin.SetTextKeyword.setText(SetTextKeyword.groovy:106)
com.kms.katalon.core.webui.keyword.builtin.SetTextKeyword.execute(SetTextKeyword.groovy:49)
com.kms.katalon.core.keyword.internal.KeywordExecutor.executeKeywordForPlatform(KeywordExecutor.groovy:95)
com.kms.katalon.core.webui.keyword.WebUiBuiltInKeywords.setText(WebUiBuiltInKeywords.groovy:1081)
Staff-MCBU.run(Staff-MCBU:26)
</property>
</record>
<record>
  <date>2026-07-21T09:02:24.660348800Z</date>
  <millis>1784624544660</millis>
  <nanos>348800</nanos>
  <sequence>380</sequence>
  <level>END</level>
  <class>com.kms.katalon.core.logging.XmlKeywordLogger</class>
  <method>endKeyword</method>
  <thread>1</thread>
  <message>End action : setText(findTestObject(&amp;quot;Pilar 1/Login/UAT/Mobile/Page_Login/input_Username&amp;quot;), &amp;quot;iqbal.putra&amp;quot;)</message>
  <nestedLevel>1</nestedLevel>
  <escapedJava>false</escapedJava>
</record>
<record>
  <date>2026-07-21T09:02:24.660348800Z</date>
  <millis>1784624544660</millis>
  <nanos>348800</nanos>
  <sequence>381</sequence>
  <level>START</level>
  <class>com.kms.katalon.core.logging.XmlKeywordLogger</class>
  <method>startKeyword</method>
  <thread>1</thread>
  <message>Start action : setEncryptedText(findTestObject(&amp;quot;Pilar 1/Login/UAT/Mobile/Page_Login/input_Password&amp;quot;), &amp;quot;DKZg8gTnVzw=&amp;quot;)</message>
  <nestedLevel>1</nestedLevel>
  <escapedJava>false</escapedJava>
  <property name="startLine">29</property>
  <property name="stepIndex">3</property>
</record>
<record>
  <date>2026-07-21T09:02:25.034590200Z</date>
  <millis>1784624545034</millis>
  <nanos>590200</nanos>
  <sequence>394</sequence>
  <level>PASSED</level>
  <class>com.kms.katalon.core.logging.XmlKeywordLogger</class>
  <method>logMessage</method>
  <thread>1</thread>
  <message>Text ****** has been set on object &amp;apos;Object Repository/Pilar 1/Login/UAT/Mobile/Page_Login/input_Password&amp;apos;</message>
  <nestedLevel>2</nestedLevel>
  <escapedJava>false</escapedJava>
  <property name="testops-method-name">com.kms.katalon.core.webui.keyword.internal.WebUIKeywordMain.runKeywordUntilTimeout</property>
  <property name="testops-execution-stacktrace">com.kms.katalon.core.logging.KeywordLogger.logPassed(KeywordLogger.java:348)
com.kms.katalon.core.logging.KeywordLogger.logPassed(KeywordLogger.java:343)
com.kms.katalon.core.webui.keyword.builtin.SetEncryptedTextKeyword$_setEncryptedText_closure1.doCall(SetEncryptedTextKeyword.groovy:82)
java.base/jdk.internal.reflect.DirectMethodHandleAccessor.invoke(DirectMethodHandleAccessor.java:103)
jdk.proxy2/jdk.proxy2.$Proxy55.execute(Unknown Source)
com.kms.katalon.core.webui.model.SeleniumActionRetryController.performAction(SeleniumActionRetryController.java:96)
com.kms.katalon.core.webui.model.SeleniumActionRetryController.performAction(SeleniumActionRetryController.java:83)
com.kms.katalon.core.webui.keyword.internal.WebUIKeywordMain$_runKeywordUntilTimeout_closure1.doCall(WebUIKeywordMain.groovy:135)
com.kms.katalon.core.webui.keyword.internal.WebUIKeywordMain$_runKeywordUntilTimeout_closure1.call(WebUIKeywordMain.groovy)
com.kms.katalon.core.webui.keyword.internal.WebUIKeywordMain.runKeyword(WebUIKeywordMain.groovy:41)
com.kms.katalon.core.webui.keyword.internal.WebUIKeywordMain.runKeywordUntilTimeout(WebUIKeywordMain.groovy:133)
com.kms.katalon.core.webui.keyword.builtin.SetEncryptedTextKeyword.setEncryptedText(SetEncryptedTextKeyword.groovy:88)
com.kms.katalon.core.webui.keyword.builtin.SetEncryptedTextKeyword.execute(SetEncryptedTextKeyword.groovy:48)
com.kms.katalon.core.keyword.internal.KeywordExecutor.executeKeywordForPlatform(KeywordExecutor.groovy:95)
com.kms.katalon.core.webui.keyword.WebUiBuiltInKeywords.setEncryptedText(WebUiBuiltInKeywords.groovy:1112)
Staff-MCBU.run(Staff-MCBU:29)
</property>
</record>
<record>
  <date>2026-07-21T09:02:25.037153600Z</date>
  <millis>1784624545037</millis>
  <nanos>153600</nanos>
  <sequence>395</sequence>
  <level>END</level>
  <class>com.kms.katalon.core.logging.XmlKeywordLogger</class>
  <method>endKeyword</method>
  <thread>1</thread>
  <message>End action : setEncryptedText(findTestObject(&amp;quot;Pilar 1/Login/UAT/Mobile/Page_Login/input_Password&amp;quot;), &amp;quot;DKZg8gTnVzw=&amp;quot;)</message>
  <nestedLevel>1</nestedLevel>
  <escapedJava>false</escapedJava>
</record>
<record>
  <date>2026-07-21T09:02:25.037153600Z</date>
  <millis>1784624545037</millis>
  <nanos>153600</nanos>
  <sequence>396</sequence>
  <level>START</level>
  <class>com.kms.katalon.core.logging.XmlKeywordLogger</class>
  <method>startKeyword</method>
  <thread>1</thread>
  <message>Start action : delay(10)</message>
  <nestedLevel>1</nestedLevel>
  <escapedJava>false</escapedJava>
  <property name="startLine">31</property>
  <property name="stepIndex">4</property>
</record>
<record>
  <date>2026-07-21T09:02:35.051368600Z</date>
  <millis>1784624555051</millis>
  <nanos>368600</nanos>
  <sequence>399</sequence>
  <level>PASSED</level>
  <class>com.kms.katalon.core.logging.XmlKeywordLogger</class>
  <method>logMessage</method>
  <thread>1</thread>
  <message>Delayed 10 second(s)</message>
  <nestedLevel>2</nestedLevel>
  <escapedJava>false</escapedJava>
  <property name="testops-method-name">com.kms.katalon.core.keyword.builtin.DelayKeyword.delay</property>
  <property name="testops-execution-stacktrace"></property>
</record>
<record>
  <date>2026-07-21T09:02:35.053567800Z</date>
  <millis>1784624555053</millis>
  <nanos>567800</nanos>
  <sequence>400</sequence>
  <level>END</level>
  <class>com.kms.katalon.core.logging.XmlKeywordLogger</class>
  <method>endKeyword</method>
  <thread>1</thread>
  <message>End action : delay(10)</message>
  <nestedLevel>1</nestedLevel>
  <escapedJava>false</escapedJava>
</record>
<record>
  <date>2026-07-21T09:02:35.053567800Z</date>
  <millis>1784624555053</millis>
  <nanos>567800</nanos>
  <sequence>401</sequence>
  <level>START</level>
  <class>com.kms.katalon.core.logging.XmlKeywordLogger</class>
  <method>startKeyword</method>
  <thread>1</thread>
  <message>Start action : click(findTestObject(&amp;quot;Pilar 1/Login/UAT/Mobile/Page_Login/button_Log In&amp;quot;))</message>
  <nestedLevel>1</nestedLevel>
  <escapedJava>false</escapedJava>
  <property name="startLine">34</property>
  <property name="stepIndex">5</property>
</record>
<record>
  <date>2026-07-21T09:02:38.842755700Z</date>
  <millis>1784624558842</millis>
  <nanos>755700</nanos>
  <sequence>412</sequence>
  <level>PASSED</level>
  <class>com.kms.katalon.core.logging.XmlKeywordLogger</class>
  <method>logMessage</method>
  <thread>1</thread>
  <message>Object: &amp;apos;Object Repository/Pilar 1/Login/UAT/Mobile/Page_Login/button_Log In&amp;apos; is clicked on</message>
  <nestedLevel>2</nestedLevel>
  <escapedJava>false</escapedJava>
  <property name="testops-method-name">com.kms.katalon.core.webui.keyword.internal.WebUIKeywordMain.runKeywordUntilTimeout</property>
  <property name="testops-execution-stacktrace">com.kms.katalon.core.logging.KeywordLogger.logPassed(KeywordLogger.java:348)
com.kms.katalon.core.logging.KeywordLogger.logPassed(KeywordLogger.java:343)
com.kms.katalon.core.webui.keyword.builtin.ClickKeyword$_click_closure1.doCall(ClickKeyword.groovy:66)
java.base/jdk.internal.reflect.DirectMethodHandleAccessor.invoke(DirectMethodHandleAccessor.java:103)
jdk.proxy2/jdk.proxy2.$Proxy55.execute(Unknown Source)
com.kms.katalon.core.webui.model.SeleniumActionRetryController.performAction(SeleniumActionRetryController.java:96)
com.kms.katalon.core.webui.model.SeleniumActionRetryController.performAction(SeleniumActionRetryController.java:83)
com.kms.katalon.core.webui.keyword.internal.WebUIKeywordMain$_runKeywordUntilTimeout_closure1.doCall(WebUIKeywordMain.groovy:135)
com.kms.katalon.core.webui.keyword.internal.WebUIKeywordMain$_runKeywordUntilTimeout_closure1.call(WebUIKeywordMain.groovy)
com.kms.katalon.core.webui.keyword.internal.WebUIKeywordMain.runKeyword(WebUIKeywordMain.groovy:41)
com.kms.katalon.core.webui.keyword.internal.WebUIKeywordMain.runKeywordUntilTimeout(WebUIKeywordMain.groovy:133)
com.kms.katalon.core.webui.keyword.builtin.ClickKeyword.click(ClickKeyword.groovy:72)
com.kms.katalon.core.webui.keyword.builtin.ClickKeyword.execute(ClickKeyword.groovy:38)
com.kms.katalon.core.keyword.internal.KeywordExecutor.executeKeywordForPlatform(KeywordExecutor.groovy:95)
com.kms.katalon.core.webui.keyword.WebUiBuiltInKeywords.click(WebUiBuiltInKeywords.groovy:721)
Staff-MCBU.run(Staff-MCBU:34)
</property>
</record>
<record>
  <date>2026-07-21T09:02:38.845225800Z</date>
  <millis>1784624558845</millis>
  <nanos>225800</nanos>
  <sequence>413</sequence>
  <level>END</level>
  <class>com.kms.katalon.core.logging.XmlKeywordLogger</class>
  <method>endKeyword</method>
  <thread>1</thread>
  <message>End action : click(findTestObject(&amp;quot;Pilar 1/Login/UAT/Mobile/Page_Login/button_Log In&amp;quot;))</message>
  <nestedLevel>1</nestedLevel>
  <escapedJava>false</escapedJava>
</record>
<record>
  <date>2026-07-21T09:02:38.845733700Z</date>
  <millis>1784624558845</millis>
  <nanos>733700</nanos>
  <sequence>414</sequence>
  <level>PASSED</level>
  <class>com.kms.katalon.core.logging.XmlKeywordLogger</class>
  <method>logMessage</method>
  <thread>1</thread>
  <message>Test Cases/Pilar 1/Login/UAT/Mobile/Staff-MCBU</message>
  <nestedLevel>2</nestedLevel>
  <escapedJava>false</escapedJava>
</record>
<record>
  <date>2026-07-21T09:02:38.846761900Z</date>
  <millis>1784624558846</millis>
  <nanos>761900</nanos>
  <sequence>415</sequence>
  <level>END</level>
  <class>com.kms.katalon.core.logging.XmlKeywordLogger</class>
  <method>endTest</method>
  <thread>1</thread>
  <message>End Test Case : Test Cases/Pilar 1/Login/UAT/Mobile/Staff-MCBU</message>
  <nestedLevel>1</nestedLevel>
  <escapedJava>false</escapedJava>
</record>
<record>
  <date>2026-07-21T09:02:38.847757600Z</date>
  <millis>1784624558847</millis>
  <nanos>757600</nanos>
  <sequence>416</sequence>
  <level>PASSED</level>
  <class>com.kms.katalon.core.logging.XmlKeywordLogger</class>
  <method>logMessage</method>
  <thread>1</thread>
  <message>Call Test Case &amp;apos;Test Cases/Pilar 1/Login/UAT/Mobile/Staff-MCBU&amp;apos; successfully</message>
  <nestedLevel>1</nestedLevel>
  <escapedJava>false</escapedJava>
  <property name="testops-method-name">com.kms.katalon.core.keyword.builtin.CallTestCaseKeyword.callTestCase</property>
  <property name="testops-execution-stacktrace"></property>
</record>
<record>
  <date>2026-07-21T09:02:38.848758500Z</date>
  <millis>1784624558848</millis>
  <nanos>758500</nanos>
  <sequence>417</sequence>
  <level>END</level>
  <class>com.kms.katalon.core.logging.XmlKeywordLogger</class>
  <method>endKeyword</method>
  <thread>1</thread>
  <message>End action : callTestCase(findTestCase(&amp;quot;Pilar 1/Login/UAT/Mobile/Staff-MCBU&amp;quot;), [:], STOP_ON_FAILURE)</message>
  <nestedLevel>1</nestedLevel>
  <escapedJava>false</escapedJava>
</record>
<record>
  <date>2026-07-21T09:02:38.849756400Z</date>
  <millis>1784624558849</millis>
  <nanos>756400</nanos>
  <sequence>418</sequence>
  <level>START</level>
  <class>com.kms.katalon.core.logging.XmlKeywordLogger</class>
  <method>startKeyword</method>
  <thread>1</thread>
  <message>Start action : waitForElementVisible(findTestObject(&amp;quot;Pilar 1/Showroom-Supplier/UAT/CBU/Staff-MCBU-Submit-Task/Page_Home/div_HomeStaff&amp;quot;), 5)</message>
  <nestedLevel>1</nestedLevel>
  <escapedJava>false</escapedJava>
  <property name="startLine">22</property>
  <property name="stepIndex">2</property>
</record>
<record>
  <date>2026-07-21T09:02:43.152043100Z</date>
  <millis>1784624563152</millis>
  <nanos>43100</nanos>
  <sequence>425</sequence>
  <level>PASSED</level>
  <class>com.kms.katalon.core.logging.XmlKeywordLogger</class>
  <method>logMessage</method>
  <thread>1</thread>
  <message>Object &amp;apos;Object Repository/Pilar 1/Showroom-Supplier/UAT/CBU/Staff-MCBU-Submit-Task/Page_Home/div_HomeStaff&amp;apos; is visible</message>
  <nestedLevel>1</nestedLevel>
  <escapedJava>false</escapedJava>
  <property name="testops-method-name">com.kms.katalon.core.webui.keyword.internal.WebUIKeywordMain.runKeywordUntilTimeout</property>
  <property name="testops-execution-stacktrace">com.kms.katalon.core.logging.KeywordLogger.logPassed(KeywordLogger.java:348)
com.kms.katalon.core.logging.KeywordLogger.logPassed(KeywordLogger.java:343)
com.kms.katalon.core.logging.KeywordLogger$logPassed$0.call(Unknown Source)
com.kms.katalon.core.webui.keyword.builtin.WaitForElementVisibleKeyword$_waitForElementVisible_closure1.doCall(WaitForElementVisibleKeyword.groovy:86)
java.base/jdk.internal.reflect.DirectMethodHandleAccessor.invoke(DirectMethodHandleAccessor.java:103)
jdk.proxy2/jdk.proxy2.$Proxy55.execute(Unknown Source)
com.kms.katalon.core.webui.model.SeleniumActionRetryController.performAction(SeleniumActionRetryController.java:96)
com.kms.katalon.core.webui.model.SeleniumActionRetryController.performAction(SeleniumActionRetryController.java:83)
com.kms.katalon.core.webui.keyword.internal.WebUIKeywordMain$_runKeywordUntilTimeout_closure2.doCall(WebUIKeywordMain.groovy:155)
com.kms.katalon.core.webui.keyword.internal.WebUIKeywordMain$_runKeywordUntilTimeout_closure2.call(WebUIKeywordMain.groovy)
com.kms.katalon.core.webui.keyword.internal.WebUIKeywordMain.runKeyword(WebUIKeywordMain.groovy:41)
com.kms.katalon.core.webui.keyword.internal.WebUIKeywordMain.runKeywordUntilTimeout(WebUIKeywordMain.groovy:152)
com.kms.katalon.core.webui.keyword.internal.WebUIKeywordMain$runKeywordUntilTimeout.call(Unknown Source)
com.kms.katalon.core.webui.keyword.builtin.WaitForElementVisibleKeyword.waitForElementVisible(WaitForElementVisibleKeyword.groovy:101)
com.kms.katalon.core.webui.keyword.builtin.WaitForElementVisibleKeyword.execute(WaitForElementVisibleKeyword.groovy:69)
com.kms.katalon.core.keyword.internal.KeywordExecutor.executeKeywordForPlatform(KeywordExecutor.groovy:95)
com.kms.katalon.core.webui.keyword.WebUiBuiltInKeywords.waitForElementVisible(WebUiBuiltInKeywords.groovy:514)
Staff-MCBU-Submit-Task.run(Staff-MCBU-Submit-Task:22)
</property>
</record>
<record>
  <date>2026-07-21T09:02:43.152043100Z</date>
  <millis>1784624563152</millis>
  <nanos>43100</nanos>
  <sequence>426</sequence>
  <level>END</level>
  <class>com.kms.katalon.core.logging.XmlKeywordLogger</class>
  <method>endKeyword</method>
  <thread>1</thread>
  <message>End action : waitForElementVisible(findTestObject(&amp;quot;Pilar 1/Showroom-Supplier/UAT/CBU/Staff-MCBU-Submit-Task/Page_Home/div_HomeStaff&amp;quot;), 5)</message>
  <nestedLevel>1</nestedLevel>
  <escapedJava>false</escapedJava>
</record>
<record>
  <date>2026-07-21T09:02:43.153229Z</date>
  <millis>1784624563153</millis>
  <nanos>229000</nanos>
  <sequence>427</sequence>
  <level>START</level>
  <class>com.kms.katalon.core.logging.XmlKeywordLogger</class>
  <method>startKeyword</method>
  <thread>1</thread>
  <message>Start action : click(findTestObject(&amp;quot;Pilar 1/Showroom-Supplier/UAT/CBU/Staff-MCBU-Submit-Task/Page_Home/span_Kunjungan Showroom&amp;quot;))</message>
  <nestedLevel>1</nestedLevel>
  <escapedJava>false</escapedJava>
  <property name="startLine">25</property>
  <property name="stepIndex">3</property>
</record>
<record>
  <date>2026-07-21T09:02:43.450519500Z</date>
  <millis>1784624563450</millis>
  <nanos>519500</nanos>
  <sequence>438</sequence>
  <level>PASSED</level>
  <class>com.kms.katalon.core.logging.XmlKeywordLogger</class>
  <method>logMessage</method>
  <thread>1</thread>
  <message>Object: &amp;apos;Object Repository/Pilar 1/Showroom-Supplier/UAT/CBU/Staff-MCBU-Submit-Task/Page_Home/span_Kunjungan Showroom&amp;apos; is clicked on</message>
  <nestedLevel>1</nestedLevel>
  <escapedJava>false</escapedJava>
  <property name="testops-method-name">com.kms.katalon.core.webui.keyword.internal.WebUIKeywordMain.runKeywordUntilTimeout</property>
  <property name="testops-execution-stacktrace">com.kms.katalon.core.logging.KeywordLogger.logPassed(KeywordLogger.java:348)
com.kms.katalon.core.logging.KeywordLogger.logPassed(KeywordLogger.java:343)
com.kms.katalon.core.webui.keyword.builtin.ClickKeyword$_click_closure1.doCall(ClickKeyword.groovy:66)
java.base/jdk.internal.reflect.DirectMethodHandleAccessor.invoke(DirectMethodHandleAccessor.java:103)
jdk.proxy2/jdk.proxy2.$Proxy55.execute(Unknown Source)
com.kms.katalon.core.webui.model.SeleniumActionRetryController.performAction(SeleniumActionRetryController.java:96)
com.kms.katalon.core.webui.model.SeleniumActionRetryController.performAction(SeleniumActionRetryController.java:83)
com.kms.katalon.core.webui.keyword.internal.WebUIKeywordMain$_runKeywordUntilTimeout_closure1.doCall(WebUIKeywordMain.groovy:135)
com.kms.katalon.core.webui.keyword.internal.WebUIKeywordMain$_runKeywordUntilTimeout_closure1.call(WebUIKeywordMain.groovy)
com.kms.katalon.core.webui.keyword.internal.WebUIKeywordMain.runKeyword(WebUIKeywordMain.groovy:41)
com.kms.katalon.core.webui.keyword.internal.WebUIKeywordMain.runKeywordUntilTimeout(WebUIKeywordMain.groovy:133)
com.kms.katalon.core.webui.keyword.builtin.ClickKeyword.click(ClickKeyword.groovy:72)
com.kms.katalon.core.webui.keyword.builtin.ClickKeyword.execute(ClickKeyword.groovy:38)
com.kms.katalon.core.keyword.internal.KeywordExecutor.executeKeywordForPlatform(KeywordExecutor.groovy:95)
com.kms.katalon.core.webui.keyword.WebUiBuiltInKeywords.click(WebUiBuiltInKeywords.groovy:721)
Staff-MCBU-Submit-Task.run(Staff-MCBU-Submit-Task:25)
</property>
</record>
<record>
  <date>2026-07-21T09:02:43.451525400Z</date>
  <millis>1784624563451</millis>
  <nanos>525400</nanos>
  <sequence>439</sequence>
  <level>END</level>
  <class>com.kms.katalon.core.logging.XmlKeywordLogger</class>
  <method>endKeyword</method>
  <thread>1</thread>
  <message>End action : click(findTestObject(&amp;quot;Pilar 1/Showroom-Supplier/UAT/CBU/Staff-MCBU-Submit-Task/Page_Home/span_Kunjungan Showroom&amp;quot;))</message>
  <nestedLevel>1</nestedLevel>
  <escapedJava>false</escapedJava>
</record>
<record>
  <date>2026-07-21T09:02:43.451525400Z</date>
  <millis>1784624563451</millis>
  <nanos>525400</nanos>
  <sequence>440</sequence>
  <level>START</level>
  <class>com.kms.katalon.core.logging.XmlKeywordLogger</class>
  <method>startKeyword</method>
  <thread>1</thread>
  <message>Start action : setText(findTestObject(&amp;quot;Pilar 1/Showroom-Supplier/UAT/CBU/Staff-MCBU-Submit-Task/Page_KunjunganShowroom/input_TextSearch&amp;quot;), &amp;quot;CBU/P1.3/07/26/014&amp;quot;)</message>
  <nestedLevel>1</nestedLevel>
  <escapedJava>false</escapedJava>
  <property name="startLine">27</property>
  <property name="stepIndex">4</property>
</record>
<record>
  <date>2026-07-21T09:02:43.452522700Z</date>
  <millis>1784624563452</millis>
  <nanos>522700</nanos>
  <sequence>441</sequence>
  <level>NOT_RUN</level>
  <class>com.kms.katalon.core.logging.XmlKeywordLogger</class>
  <method>logMessage</method>
  <thread>1</thread>
  <message>NOT_RUN: setText(findTestObject(&amp;quot;Pilar 1/Showroom-Supplier/UAT/CBU/Staff-MCBU-Submit-Task/Page_KunjunganShowroom/input_TextSearch&amp;quot;), &amp;quot;CBU/P1.3/07/26/014&amp;quot;)</message>
  <nestedLevel>1</nestedLevel>
  <escapedJava>false</escapedJava>
</record>
<record>
  <date>2026-07-21T09:02:43.453520100Z</date>
  <millis>1784624563453</millis>
  <nanos>520100</nanos>
  <sequence>442</sequence>
  <level>END</level>
  <class>com.kms.katalon.core.logging.XmlKeywordLogger</class>
  <method>endKeyword</method>
  <thread>1</thread>
  <message>End action : setText(findTestObject(&amp;quot;Pilar 1/Showroom-Supplier/UAT/CBU/Staff-MCBU-Submit-Task/Page_KunjunganShowroom/input_TextSearch&amp;quot;), &amp;quot;CBU/P1.3/07/26/014&amp;quot;)</message>
  <nestedLevel>1</nestedLevel>
  <escapedJava>false</escapedJava>
</record>
<record>
  <date>2026-07-21T09:02:43.454517200Z</date>
  <millis>1784624563454</millis>
  <nanos>517200</nanos>
  <sequence>443</sequence>
  <level>START</level>
  <class>com.kms.katalon.core.logging.XmlKeywordLogger</class>
  <method>startKeyword</method>
  <thread>1</thread>
  <message>Start action : click(findTestObject(&amp;quot;Pilar 1/Showroom-Supplier/UAT/CBU/Staff-MCBU-Submit-Task/Page_KunjunganShowroom/div_IconSearch&amp;quot;))</message>
  <nestedLevel>1</nestedLevel>
  <escapedJava>false</escapedJava>
  <property name="startLine">30</property>
  <property name="stepIndex">5</property>
</record>
<record>
  <date>2026-07-21T09:02:43.457051300Z</date>
  <millis>1784624563457</millis>
  <nanos>51300</nanos>
  <sequence>444</sequence>
  <level>NOT_RUN</level>
  <class>com.kms.katalon.core.logging.XmlKeywordLogger</class>
  <method>logMessage</method>
  <thread>1</thread>
  <message>NOT_RUN: click(findTestObject(&amp;quot;Pilar 1/Showroom-Supplier/UAT/CBU/Staff-MCBU-Submit-Task/Page_KunjunganShowroom/div_IconSearch&amp;quot;))</message>
  <nestedLevel>1</nestedLevel>
  <escapedJava>false</escapedJava>
</record>
<record>
  <date>2026-07-21T09:02:43.458048300Z</date>
  <millis>1784624563458</millis>
  <nanos>48300</nanos>
  <sequence>445</sequence>
  <level>END</level>
  <class>com.kms.katalon.core.logging.XmlKeywordLogger</class>
  <method>endKeyword</method>
  <thread>1</thread>
  <message>End action : click(findTestObject(&amp;quot;Pilar 1/Showroom-Supplier/UAT/CBU/Staff-MCBU-Submit-Task/Page_KunjunganShowroom/div_IconSearch&amp;quot;))</message>
  <nestedLevel>1</nestedLevel>
  <escapedJava>false</escapedJava>
</record>
<record>
  <date>2026-07-21T09:02:43.459317Z</date>
  <millis>1784624563459</millis>
  <nanos>317000</nanos>
  <sequence>446</sequence>
  <level>START</level>
  <class>com.kms.katalon.core.logging.XmlKeywordLogger</class>
  <method>startKeyword</method>
  <thread>1</thread>
  <message>Start action : click(findTestObject(&amp;quot;Pilar 1/Showroom-Supplier/UAT/CBU/Staff-MCBU-Submit-Task/Page_KunjunganShowroom/div_KUNJUNGAN SHOWROOMCBU_P1.3_07_26_011&amp;quot;))</message>
  <nestedLevel>1</nestedLevel>
  <escapedJava>false</escapedJava>
  <property name="startLine">32</property>
  <property name="stepIndex">6</property>
</record>
<record>
  <date>2026-07-21T09:02:44.341345400Z</date>
  <millis>1784624564341</millis>
  <nanos>345400</nanos>
  <sequence>457</sequence>
  <level>PASSED</level>
  <class>com.kms.katalon.core.logging.XmlKeywordLogger</class>
  <method>logMessage</method>
  <thread>1</thread>
  <message>Object: &amp;apos;Object Repository/Pilar 1/Showroom-Supplier/UAT/CBU/Staff-MCBU-Submit-Task/Page_KunjunganShowroom/div_KUNJUNGAN SHOWROOMCBU_P1.3_07_26_011&amp;apos; is clicked on</message>
  <nestedLevel>1</nestedLevel>
  <escapedJava>false</escapedJava>
  <property name="testops-method-name">com.kms.katalon.core.webui.keyword.internal.WebUIKeywordMain.runKeywordUntilTimeout</property>
  <property name="testops-execution-stacktrace">com.kms.katalon.core.logging.KeywordLogger.logPassed(KeywordLogger.java:348)
com.kms.katalon.core.logging.KeywordLogger.logPassed(KeywordLogger.java:343)
com.kms.katalon.core.webui.keyword.builtin.ClickKeyword$_click_closure1.doCall(ClickKeyword.groovy:66)
java.base/jdk.internal.reflect.DirectMethodHandleAccessor.invoke(DirectMethodHandleAccessor.java:103)
jdk.proxy2/jdk.proxy2.$Proxy55.execute(Unknown Source)
com.kms.katalon.core.webui.model.SeleniumActionRetryController.performAction(SeleniumActionRetryController.java:96)
com.kms.katalon.core.webui.model.SeleniumActionRetryController.performAction(SeleniumActionRetryController.java:83)
com.kms.katalon.core.webui.keyword.internal.WebUIKeywordMain$_runKeywordUntilTimeout_closure1.doCall(WebUIKeywordMain.groovy:135)
com.kms.katalon.core.webui.keyword.internal.WebUIKeywordMain$_runKeywordUntilTimeout_closure1.call(WebUIKeywordMain.groovy)
com.kms.katalon.core.webui.keyword.internal.WebUIKeywordMain.runKeyword(WebUIKeywordMain.groovy:41)
com.kms.katalon.core.webui.keyword.internal.WebUIKeywordMain.runKeywordUntilTimeout(WebUIKeywordMain.groovy:133)
com.kms.katalon.core.webui.keyword.builtin.ClickKeyword.click(ClickKeyword.groovy:72)
com.kms.katalon.core.webui.keyword.builtin.ClickKeyword.execute(ClickKeyword.groovy:38)
com.kms.katalon.core.keyword.internal.KeywordExecutor.executeKeywordForPlatform(KeywordExecutor.groovy:95)
com.kms.katalon.core.webui.keyword.WebUiBuiltInKeywords.click(WebUiBuiltInKeywords.groovy:721)
Staff-MCBU-Submit-Task.run(Staff-MCBU-Submit-Task:32)
</property>
</record>
<record>
  <date>2026-07-21T09:02:44.342341300Z</date>
  <millis>1784624564342</millis>
  <nanos>341300</nanos>
  <sequence>458</sequence>
  <level>END</level>
  <class>com.kms.katalon.core.logging.XmlKeywordLogger</class>
  <method>endKeyword</method>
  <thread>1</thread>
  <message>End action : click(findTestObject(&amp;quot;Pilar 1/Showroom-Supplier/UAT/CBU/Staff-MCBU-Submit-Task/Page_KunjunganShowroom/div_KUNJUNGAN SHOWROOMCBU_P1.3_07_26_011&amp;quot;))</message>
  <nestedLevel>1</nestedLevel>
  <escapedJava>false</escapedJava>
</record>
<record>
  <date>2026-07-21T09:02:44.343339400Z</date>
  <millis>1784624564343</millis>
  <nanos>339400</nanos>
  <sequence>459</sequence>
  <level>START</level>
  <class>com.kms.katalon.core.logging.XmlKeywordLogger</class>
  <method>startKeyword</method>
  <thread>1</thread>
  <message>Start action : click(findTestObject(&amp;quot;Pilar 1/Showroom-Supplier/UAT/CBU/Staff-MCBU-Submit-Task/Page_KunjunganShowroom/Page_KunjunganShowroomDetail/input_b3-Checkbox1&amp;quot;))</message>
  <nestedLevel>1</nestedLevel>
  <escapedJava>false</escapedJava>
  <property name="startLine">34</property>
  <property name="stepIndex">7</property>
</record>
<record>
  <date>2026-07-21T09:02:45.304715800Z</date>
  <millis>1784624565304</millis>
  <nanos>715800</nanos>
  <sequence>470</sequence>
  <level>PASSED</level>
  <class>com.kms.katalon.core.logging.XmlKeywordLogger</class>
  <method>logMessage</method>
  <thread>1</thread>
  <message>Object: &amp;apos;Object Repository/Pilar 1/Showroom-Supplier/UAT/CBU/Staff-MCBU-Submit-Task/Page_KunjunganShowroom/Page_KunjunganShowroomDetail/input_b3-Checkbox1&amp;apos; is clicked on</message>
  <nestedLevel>1</nestedLevel>
  <escapedJava>false</escapedJava>
  <property name="testops-method-name">com.kms.katalon.core.webui.keyword.internal.WebUIKeywordMain.runKeywordUntilTimeout</property>
  <property name="testops-execution-stacktrace">com.kms.katalon.core.logging.KeywordLogger.logPassed(KeywordLogger.java:348)
com.kms.katalon.core.logging.KeywordLogger.logPassed(KeywordLogger.java:343)
com.kms.katalon.core.webui.keyword.builtin.ClickKeyword$_click_closure1.doCall(ClickKeyword.groovy:66)
java.base/jdk.internal.reflect.DirectMethodHandleAccessor.invoke(DirectMethodHandleAccessor.java:103)
jdk.proxy2/jdk.proxy2.$Proxy55.execute(Unknown Source)
com.kms.katalon.core.webui.model.SeleniumActionRetryController.performAction(SeleniumActionRetryController.java:96)
com.kms.katalon.core.webui.model.SeleniumActionRetryController.performAction(SeleniumActionRetryController.java:83)
com.kms.katalon.core.webui.keyword.internal.WebUIKeywordMain$_runKeywordUntilTimeout_closure1.doCall(WebUIKeywordMain.groovy:135)
com.kms.katalon.core.webui.keyword.internal.WebUIKeywordMain$_runKeywordUntilTimeout_closure1.call(WebUIKeywordMain.groovy)
com.kms.katalon.core.webui.keyword.internal.WebUIKeywordMain.runKeyword(WebUIKeywordMain.groovy:41)
com.kms.katalon.core.webui.keyword.internal.WebUIKeywordMain.runKeywordUntilTimeout(WebUIKeywordMain.groovy:133)
com.kms.katalon.core.webui.keyword.builtin.ClickKeyword.click(ClickKeyword.groovy:72)
com.kms.katalon.core.webui.keyword.builtin.ClickKeyword.execute(ClickKeyword.groovy:38)
com.kms.katalon.core.keyword.internal.KeywordExecutor.executeKeywordForPlatform(KeywordExecutor.groovy:95)
com.kms.katalon.core.webui.keyword.WebUiBuiltInKeywords.click(WebUiBuiltInKeywords.groovy:721)
Staff-MCBU-Submit-Task.run(Staff-MCBU-Submit-Task:34)
</property>
</record>
<record>
  <date>2026-07-21T09:02:45.306223500Z</date>
  <millis>1784624565306</millis>
  <nanos>223500</nanos>
  <sequence>471</sequence>
  <level>END</level>
  <class>com.kms.katalon.core.logging.XmlKeywordLogger</class>
  <method>endKeyword</method>
  <thread>1</thread>
  <message>End action : click(findTestObject(&amp;quot;Pilar 1/Showroom-Supplier/UAT/CBU/Staff-MCBU-Submit-Task/Page_KunjunganShowroom/Page_KunjunganShowroomDetail/input_b3-Checkbox1&amp;quot;))</message>
  <nestedLevel>1</nestedLevel>
  <escapedJava>false</escapedJava>
</record>
<record>
  <date>2026-07-21T09:02:45.306223500Z</date>
  <millis>1784624565306</millis>
  <nanos>223500</nanos>
  <sequence>472</sequence>
  <level>START</level>
  <class>com.kms.katalon.core.logging.XmlKeywordLogger</class>
  <method>startKeyword</method>
  <thread>1</thread>
  <message>Start action : click(findTestObject(&amp;quot;Pilar 1/Showroom-Supplier/UAT/CBU/Staff-MCBU-Submit-Task/Page_KunjunganShowroom/Page_KunjunganShowroomDetail/button_Survey&amp;quot;))</message>
  <nestedLevel>1</nestedLevel>
  <escapedJava>false</escapedJava>
  <property name="startLine">36</property>
  <property name="stepIndex">8</property>
</record>
<record>
  <date>2026-07-21T09:02:47.425791600Z</date>
  <millis>1784624567425</millis>
  <nanos>791600</nanos>
  <sequence>483</sequence>
  <level>PASSED</level>
  <class>com.kms.katalon.core.logging.XmlKeywordLogger</class>
  <method>logMessage</method>
  <thread>1</thread>
  <message>Object: &amp;apos;Object Repository/Pilar 1/Showroom-Supplier/UAT/CBU/Staff-MCBU-Submit-Task/Page_KunjunganShowroom/Page_KunjunganShowroomDetail/button_Survey&amp;apos; is clicked on</message>
  <nestedLevel>1</nestedLevel>
  <escapedJava>false</escapedJava>
  <property name="testops-method-name">com.kms.katalon.core.webui.keyword.internal.WebUIKeywordMain.runKeywordUntilTimeout</property>
  <property name="testops-execution-stacktrace">com.kms.katalon.core.logging.KeywordLogger.logPassed(KeywordLogger.java:348)
com.kms.katalon.core.logging.KeywordLogger.logPassed(KeywordLogger.java:343)
com.kms.katalon.core.webui.keyword.builtin.ClickKeyword$_click_closure1.doCall(ClickKeyword.groovy:66)
java.base/jdk.internal.reflect.DirectMethodHandleAccessor.invoke(DirectMethodHandleAccessor.java:103)
jdk.proxy2/jdk.proxy2.$Proxy55.execute(Unknown Source)
com.kms.katalon.core.webui.model.SeleniumActionRetryController.performAction(SeleniumActionRetryController.java:96)
com.kms.katalon.core.webui.model.SeleniumActionRetryController.performAction(SeleniumActionRetryController.java:83)
com.kms.katalon.core.webui.keyword.internal.WebUIKeywordMain$_runKeywordUntilTimeout_closure1.doCall(WebUIKeywordMain.groovy:135)
com.kms.katalon.core.webui.keyword.internal.WebUIKeywordMain$_runKeywordUntilTimeout_closure1.call(WebUIKeywordMain.groovy)
com.kms.katalon.core.webui.keyword.internal.WebUIKeywordMain.runKeyword(WebUIKeywordMain.groovy:41)
com.kms.katalon.core.webui.keyword.internal.WebUIKeywordMain.runKeywordUntilTimeout(WebUIKeywordMain.groovy:133)
com.kms.katalon.core.webui.keyword.builtin.ClickKeyword.click(ClickKeyword.groovy:72)
com.kms.katalon.core.webui.keyword.builtin.ClickKeyword.execute(ClickKeyword.groovy:38)
com.kms.katalon.core.keyword.internal.KeywordExecutor.executeKeywordForPlatform(KeywordExecutor.groovy:95)
com.kms.katalon.core.webui.keyword.WebUiBuiltInKeywords.click(WebUiBuiltInKeywords.groovy:721)
Staff-MCBU-Submit-Task.run(Staff-MCBU-Submit-Task:36)
</property>
</record>
<record>
  <date>2026-07-21T09:02:47.428188Z</date>
  <millis>1784624567428</millis>
  <nanos>188000</nanos>
  <sequence>484</sequence>
  <level>END</level>
  <class>com.kms.katalon.core.logging.XmlKeywordLogger</class>
  <method>endKeyword</method>
  <thread>1</thread>
  <message>End action : click(findTestObject(&amp;quot;Pilar 1/Showroom-Supplier/UAT/CBU/Staff-MCBU-Submit-Task/Page_KunjunganShowroom/Page_KunjunganShowroomDetail/button_Survey&amp;quot;))</message>
  <nestedLevel>1</nestedLevel>
  <escapedJava>false</escapedJava>
</record>
<record>
  <date>2026-07-21T09:02:47.429191300Z</date>
  <millis>1784624567429</millis>
  <nanos>191300</nanos>
  <sequence>485</sequence>
  <level>START</level>
  <class>com.kms.katalon.core.logging.XmlKeywordLogger</class>
  <method>startKeyword</method>
  <thread>1</thread>
  <message>Start action : click(findTestObject(&amp;quot;Pilar 1/Showroom-Supplier/UAT/CBU/Staff-MCBU-Submit-Task/Page_KunjunganShowroom/Page_KunjunganShowroomQuestionAnswer/div_FormFotoKunjungan&amp;quot;))</message>
  <nestedLevel>1</nestedLevel>
  <escapedJava>false</escapedJava>
  <property name="startLine">38</property>
  <property name="stepIndex">9</property>
</record>
<record>
  <date>2026-07-21T09:02:48.549616800Z</date>
  <millis>1784624568549</millis>
  <nanos>616800</nanos>
  <sequence>496</sequence>
  <level>PASSED</level>
  <class>com.kms.katalon.core.logging.XmlKeywordLogger</class>
  <method>logMessage</method>
  <thread>1</thread>
  <message>Object: &amp;apos;Object Repository/Pilar 1/Showroom-Supplier/UAT/CBU/Staff-MCBU-Submit-Task/Page_KunjunganShowroom/Page_KunjunganShowroomQuestionAnswer/div_FormFotoKunjungan&amp;apos; is clicked on</message>
  <nestedLevel>1</nestedLevel>
  <escapedJava>false</escapedJava>
  <property name="testops-method-name">com.kms.katalon.core.webui.keyword.internal.WebUIKeywordMain.runKeywordUntilTimeout</property>
  <property name="testops-execution-stacktrace">com.kms.katalon.core.logging.KeywordLogger.logPassed(KeywordLogger.java:348)
com.kms.katalon.core.logging.KeywordLogger.logPassed(KeywordLogger.java:343)
com.kms.katalon.core.webui.keyword.builtin.ClickKeyword$_click_closure1.doCall(ClickKeyword.groovy:66)
java.base/jdk.internal.reflect.DirectMethodHandleAccessor.invoke(DirectMethodHandleAccessor.java:103)
jdk.proxy2/jdk.proxy2.$Proxy55.execute(Unknown Source)
com.kms.katalon.core.webui.model.SeleniumActionRetryController.performAction(SeleniumActionRetryController.java:96)
com.kms.katalon.core.webui.model.SeleniumActionRetryController.performAction(SeleniumActionRetryController.java:83)
com.kms.katalon.core.webui.keyword.internal.WebUIKeywordMain$_runKeywordUntilTimeout_closure1.doCall(WebUIKeywordMain.groovy:135)
com.kms.katalon.core.webui.keyword.internal.WebUIKeywordMain$_runKeywordUntilTimeout_closure1.call(WebUIKeywordMain.groovy)
com.kms.katalon.core.webui.keyword.internal.WebUIKeywordMain.runKeyword(WebUIKeywordMain.groovy:41)
com.kms.katalon.core.webui.keyword.internal.WebUIKeywordMain.runKeywordUntilTimeout(WebUIKeywordMain.groovy:133)
com.kms.katalon.core.webui.keyword.builtin.ClickKeyword.click(ClickKeyword.groovy:72)
com.kms.katalon.core.webui.keyword.builtin.ClickKeyword.execute(ClickKeyword.groovy:38)
com.kms.katalon.core.keyword.internal.KeywordExecutor.executeKeywordForPlatform(KeywordExecutor.groovy:95)
com.kms.katalon.core.webui.keyword.WebUiBuiltInKeywords.click(WebUiBuiltInKeywords.groovy:721)
Staff-MCBU-Submit-Task.run(Staff-MCBU-Submit-Task:38)
</property>
</record>
<record>
  <date>2026-07-21T09:02:48.551839400Z</date>
  <millis>1784624568551</millis>
  <nanos>839400</nanos>
  <sequence>497</sequence>
  <level>END</level>
  <class>com.kms.katalon.core.logging.XmlKeywordLogger</class>
  <method>endKeyword</method>
  <thread>1</thread>
  <message>End action : click(findTestObject(&amp;quot;Pilar 1/Showroom-Supplier/UAT/CBU/Staff-MCBU-Submit-Task/Page_KunjunganShowroom/Page_KunjunganShowroomQuestionAnswer/div_FormFotoKunjungan&amp;quot;))</message>
  <nestedLevel>1</nestedLevel>
  <escapedJava>false</escapedJava>
</record>
<record>
  <date>2026-07-21T09:02:48.552838900Z</date>
  <millis>1784624568552</millis>
  <nanos>838900</nanos>
  <sequence>498</sequence>
  <level>START</level>
  <class>com.kms.katalon.core.logging.XmlKeywordLogger</class>
  <method>startKeyword</method>
  <thread>1</thread>
  <message>Start action : click(findTestObject(&amp;quot;Pilar 1/Showroom-Supplier/UAT/CBU/Staff-MCBU-Submit-Task/Page_KunjunganShowroom/Page_KunjunganShowroomQuestionAnswer/div_Ambil Foto1&amp;quot;))</message>
  <nestedLevel>1</nestedLevel>
  <escapedJava>false</escapedJava>
  <property name="startLine">40</property>
  <property name="stepIndex">10</property>
</record>
<record>
  <date>2026-07-21T09:02:48.921330100Z</date>
  <millis>1784624568921</millis>
  <nanos>330100</nanos>
  <sequence>509</sequence>
  <level>PASSED</level>
  <class>com.kms.katalon.core.logging.XmlKeywordLogger</class>
  <method>logMessage</method>
  <thread>1</thread>
  <message>Object: &amp;apos;Object Repository/Pilar 1/Showroom-Supplier/UAT/CBU/Staff-MCBU-Submit-Task/Page_KunjunganShowroom/Page_KunjunganShowroomQuestionAnswer/div_Ambil Foto1&amp;apos; is clicked on</message>
  <nestedLevel>1</nestedLevel>
  <escapedJava>false</escapedJava>
  <property name="testops-method-name">com.kms.katalon.core.webui.keyword.internal.WebUIKeywordMain.runKeywordUntilTimeout</property>
  <property name="testops-execution-stacktrace">com.kms.katalon.core.logging.KeywordLogger.logPassed(KeywordLogger.java:348)
com.kms.katalon.core.logging.KeywordLogger.logPassed(KeywordLogger.java:343)
com.kms.katalon.core.webui.keyword.builtin.ClickKeyword$_click_closure1.doCall(ClickKeyword.groovy:66)
java.base/jdk.internal.reflect.DirectMethodHandleAccessor.invoke(DirectMethodHandleAccessor.java:103)
jdk.proxy2/jdk.proxy2.$Proxy55.execute(Unknown Source)
com.kms.katalon.core.webui.model.SeleniumActionRetryController.performAction(SeleniumActionRetryController.java:96)
com.kms.katalon.core.webui.model.SeleniumActionRetryController.performAction(SeleniumActionRetryController.java:83)
com.kms.katalon.core.webui.keyword.internal.WebUIKeywordMain$_runKeywordUntilTimeout_closure1.doCall(WebUIKeywordMain.groovy:135)
com.kms.katalon.core.webui.keyword.internal.WebUIKeywordMain$_runKeywordUntilTimeout_closure1.call(WebUIKeywordMain.groovy)
com.kms.katalon.core.webui.keyword.internal.WebUIKeywordMain.runKeyword(WebUIKeywordMain.groovy:41)
com.kms.katalon.core.webui.keyword.internal.WebUIKeywordMain.runKeywordUntilTimeout(WebUIKeywordMain.groovy:133)
com.kms.katalon.core.webui.keyword.builtin.ClickKeyword.click(ClickKeyword.groovy:72)
com.kms.katalon.core.webui.keyword.builtin.ClickKeyword.execute(ClickKeyword.groovy:38)
com.kms.katalon.core.keyword.internal.KeywordExecutor.executeKeywordForPlatform(KeywordExecutor.groovy:95)
com.kms.katalon.core.webui.keyword.WebUiBuiltInKeywords.click(WebUiBuiltInKeywords.groovy:721)
Staff-MCBU-Submit-Task.run(Staff-MCBU-Submit-Task:40)
</property>
</record>
<record>
  <date>2026-07-21T09:02:48.923498900Z</date>
  <millis>1784624568923</millis>
  <nanos>498900</nanos>
  <sequence>510</sequence>
  <level>END</level>
  <class>com.kms.katalon.core.logging.XmlKeywordLogger</class>
  <method>endKeyword</method>
  <thread>1</thread>
  <message>End action : click(findTestObject(&amp;quot;Pilar 1/Showroom-Supplier/UAT/CBU/Staff-MCBU-Submit-Task/Page_KunjunganShowroom/Page_KunjunganShowroomQuestionAnswer/div_Ambil Foto1&amp;quot;))</message>
  <nestedLevel>1</nestedLevel>
  <escapedJava>false</escapedJava>
</record>
<record>
  <date>2026-07-21T09:02:48.923498900Z</date>
  <millis>1784624568923</millis>
  <nanos>498900</nanos>
  <sequence>511</sequence>
  <level>START</level>
  <class>com.kms.katalon.core.logging.XmlKeywordLogger</class>
  <method>startKeyword</method>
  <thread>1</thread>
  <message>Start action : click(findTestObject(&amp;quot;Pilar 1/Showroom-Supplier/UAT/CBU/Staff-MCBU-Submit-Task/Page_KunjunganShowroom/Page_KunjunganShowroomQuestionAnswer/div_kamera1&amp;quot;))</message>
  <nestedLevel>1</nestedLevel>
  <escapedJava>false</escapedJava>
  <property name="startLine">42</property>
  <property name="stepIndex">11</property>
</record>
<record>
  <date>2026-07-21T09:02:49.334465700Z</date>
  <millis>1784624569334</millis>
  <nanos>465700</nanos>
  <sequence>522</sequence>
  <level>PASSED</level>
  <class>com.kms.katalon.core.logging.XmlKeywordLogger</class>
  <method>logMessage</method>
  <thread>1</thread>
  <message>Object: &amp;apos;Object Repository/Pilar 1/Showroom-Supplier/UAT/CBU/Staff-MCBU-Submit-Task/Page_KunjunganShowroom/Page_KunjunganShowroomQuestionAnswer/div_kamera1&amp;apos; is clicked on</message>
  <nestedLevel>1</nestedLevel>
  <escapedJava>false</escapedJava>
  <property name="testops-method-name">com.kms.katalon.core.webui.keyword.internal.WebUIKeywordMain.runKeywordUntilTimeout</property>
  <property name="testops-execution-stacktrace">com.kms.katalon.core.logging.KeywordLogger.logPassed(KeywordLogger.java:348)
com.kms.katalon.core.logging.KeywordLogger.logPassed(KeywordLogger.java:343)
com.kms.katalon.core.webui.keyword.builtin.ClickKeyword$_click_closure1.doCall(ClickKeyword.groovy:66)
java.base/jdk.internal.reflect.DirectMethodHandleAccessor.invoke(DirectMethodHandleAccessor.java:103)
jdk.proxy2/jdk.proxy2.$Proxy55.execute(Unknown Source)
com.kms.katalon.core.webui.model.SeleniumActionRetryController.performAction(SeleniumActionRetryController.java:96)
com.kms.katalon.core.webui.model.SeleniumActionRetryController.performAction(SeleniumActionRetryController.java:83)
com.kms.katalon.core.webui.keyword.internal.WebUIKeywordMain$_runKeywordUntilTimeout_closure1.doCall(WebUIKeywordMain.groovy:135)
com.kms.katalon.core.webui.keyword.internal.WebUIKeywordMain$_runKeywordUntilTimeout_closure1.call(WebUIKeywordMain.groovy)
com.kms.katalon.core.webui.keyword.internal.WebUIKeywordMain.runKeyword(WebUIKeywordMain.groovy:41)
com.kms.katalon.core.webui.keyword.internal.WebUIKeywordMain.runKeywordUntilTimeout(WebUIKeywordMain.groovy:133)
com.kms.katalon.core.webui.keyword.builtin.ClickKeyword.click(ClickKeyword.groovy:72)
com.kms.katalon.core.webui.keyword.builtin.ClickKeyword.execute(ClickKeyword.groovy:38)
com.kms.katalon.core.keyword.internal.KeywordExecutor.executeKeywordForPlatform(KeywordExecutor.groovy:95)
com.kms.katalon.core.webui.keyword.WebUiBuiltInKeywords.click(WebUiBuiltInKeywords.groovy:721)
Staff-MCBU-Submit-Task.run(Staff-MCBU-Submit-Task:42)
</property>
</record>
<record>
  <date>2026-07-21T09:02:49.335974800Z</date>
  <millis>1784624569335</millis>
  <nanos>974800</nanos>
  <sequence>523</sequence>
  <level>END</level>
  <class>com.kms.katalon.core.logging.XmlKeywordLogger</class>
  <method>endKeyword</method>
  <thread>1</thread>
  <message>End action : click(findTestObject(&amp;quot;Pilar 1/Showroom-Supplier/UAT/CBU/Staff-MCBU-Submit-Task/Page_KunjunganShowroom/Page_KunjunganShowroomQuestionAnswer/div_kamera1&amp;quot;))</message>
  <nestedLevel>1</nestedLevel>
  <escapedJava>false</escapedJava>
</record>
<record>
  <date>2026-07-21T09:02:49.338020700Z</date>
  <millis>1784624569338</millis>
  <nanos>20700</nanos>
  <sequence>524</sequence>
  <level>START</level>
  <class>com.kms.katalon.core.logging.XmlKeywordLogger</class>
  <method>startKeyword</method>
  <thread>1</thread>
  <message>Start action : switchToWindowTitle(&amp;quot;KunjunganShowroomQuestionAnswer&amp;quot;)</message>
  <nestedLevel>1</nestedLevel>
  <escapedJava>false</escapedJava>
  <property name="startLine">44</property>
  <property name="stepIndex">12</property>
</record>
<record>
  <date>2026-07-21T09:02:49.394588800Z</date>
  <millis>1784624569394</millis>
  <nanos>588800</nanos>
  <sequence>529</sequence>
  <level>PASSED</level>
  <class>com.kms.katalon.core.logging.XmlKeywordLogger</class>
  <method>logMessage</method>
  <thread>1</thread>
  <message>Switched to window with title: &amp;apos;KunjunganShowroomQuestionAnswer&amp;apos;</message>
  <nestedLevel>1</nestedLevel>
  <escapedJava>false</escapedJava>
  <property name="testops-method-name">com.kms.katalon.core.webui.keyword.builtin.SwitchToWindowTitleKeyword.switchToWindowTitle</property>
  <property name="testops-execution-stacktrace"></property>
</record>
<record>
  <date>2026-07-21T09:02:49.396098700Z</date>
  <millis>1784624569396</millis>
  <nanos>98700</nanos>
  <sequence>530</sequence>
  <level>END</level>
  <class>com.kms.katalon.core.logging.XmlKeywordLogger</class>
  <method>endKeyword</method>
  <thread>1</thread>
  <message>End action : switchToWindowTitle(&amp;quot;KunjunganShowroomQuestionAnswer&amp;quot;)</message>
  <nestedLevel>1</nestedLevel>
  <escapedJava>false</escapedJava>
</record>
<record>
  <date>2026-07-21T09:02:49.396098700Z</date>
  <millis>1784624569396</millis>
  <nanos>98700</nanos>
  <sequence>531</sequence>
  <level>START</level>
  <class>com.kms.katalon.core.logging.XmlKeywordLogger</class>
  <method>startKeyword</method>
  <thread>1</thread>
  <message>Start action : delay(5)</message>
  <nestedLevel>1</nestedLevel>
  <escapedJava>false</escapedJava>
  <property name="startLine">46</property>
  <property name="stepIndex">13</property>
</record>
<record>
  <date>2026-07-21T09:02:54.402975700Z</date>
  <millis>1784624574402</millis>
  <nanos>975700</nanos>
  <sequence>534</sequence>
  <level>PASSED</level>
  <class>com.kms.katalon.core.logging.XmlKeywordLogger</class>
  <method>logMessage</method>
  <thread>1</thread>
  <message>Delayed 5 second(s)</message>
  <nestedLevel>1</nestedLevel>
  <escapedJava>false</escapedJava>
  <property name="testops-method-name">com.kms.katalon.core.keyword.builtin.DelayKeyword.delay</property>
  <property name="testops-execution-stacktrace"></property>
</record>
<record>
  <date>2026-07-21T09:02:54.404059200Z</date>
  <millis>1784624574404</millis>
  <nanos>59200</nanos>
  <sequence>535</sequence>
  <level>END</level>
  <class>com.kms.katalon.core.logging.XmlKeywordLogger</class>
  <method>endKeyword</method>
  <thread>1</thread>
  <message>End action : delay(5)</message>
  <nestedLevel>1</nestedLevel>
  <escapedJava>false</escapedJava>
</record>
<record>
  <date>2026-07-21T09:02:54.404059200Z</date>
  <millis>1784624574404</millis>
  <nanos>59200</nanos>
  <sequence>536</sequence>
  <level>START</level>
  <class>com.kms.katalon.core.logging.XmlKeywordLogger</class>
  <method>startKeyword</method>
  <thread>1</thread>
  <message>Start action : click(findTestObject(&amp;quot;Pilar 1/Showroom-Supplier/UAT/CBU/Staff-MCBU-Submit-Task/Page_KunjunganShowroom/Page_KunjunganShowroomQuestionAnswer/input_Sesuai_1&amp;quot;))</message>
  <nestedLevel>1</nestedLevel>
  <escapedJava>false</escapedJava>
  <property name="startLine">48</property>
  <property name="stepIndex">14</property>
</record>
<record>
  <date>2026-07-21T09:02:56.132661800Z</date>
  <millis>1784624576132</millis>
  <nanos>661800</nanos>
  <sequence>547</sequence>
  <level>PASSED</level>
  <class>com.kms.katalon.core.logging.XmlKeywordLogger</class>
  <method>logMessage</method>
  <thread>1</thread>
  <message>Object: &amp;apos;Object Repository/Pilar 1/Showroom-Supplier/UAT/CBU/Staff-MCBU-Submit-Task/Page_KunjunganShowroom/Page_KunjunganShowroomQuestionAnswer/input_Sesuai_1&amp;apos; is clicked on</message>
  <nestedLevel>1</nestedLevel>
  <escapedJava>false</escapedJava>
  <property name="testops-method-name">com.kms.katalon.core.webui.keyword.internal.WebUIKeywordMain.runKeywordUntilTimeout</property>
  <property name="testops-execution-stacktrace">com.kms.katalon.core.logging.KeywordLogger.logPassed(KeywordLogger.java:348)
com.kms.katalon.core.logging.KeywordLogger.logPassed(KeywordLogger.java:343)
com.kms.katalon.core.webui.keyword.builtin.ClickKeyword$_click_closure1.doCall(ClickKeyword.groovy:66)
java.base/jdk.internal.reflect.DirectMethodHandleAccessor.invoke(DirectMethodHandleAccessor.java:103)
jdk.proxy2/jdk.proxy2.$Proxy55.execute(Unknown Source)
com.kms.katalon.core.webui.model.SeleniumActionRetryController.performAction(SeleniumActionRetryController.java:96)
com.kms.katalon.core.webui.model.SeleniumActionRetryController.performAction(SeleniumActionRetryController.java:83)
com.kms.katalon.core.webui.keyword.internal.WebUIKeywordMain$_runKeywordUntilTimeout_closure1.doCall(WebUIKeywordMain.groovy:135)
com.kms.katalon.core.webui.keyword.internal.WebUIKeywordMain$_runKeywordUntilTimeout_closure1.call(WebUIKeywordMain.groovy)
com.kms.katalon.core.webui.keyword.internal.WebUIKeywordMain.runKeyword(WebUIKeywordMain.groovy:41)
com.kms.katalon.core.webui.keyword.internal.WebUIKeywordMain.runKeywordUntilTimeout(WebUIKeywordMain.groovy:133)
com.kms.katalon.core.webui.keyword.builtin.ClickKeyword.click(ClickKeyword.groovy:72)
com.kms.katalon.core.webui.keyword.builtin.ClickKeyword.execute(ClickKeyword.groovy:38)
com.kms.katalon.core.keyword.internal.KeywordExecutor.executeKeywordForPlatform(KeywordExecutor.groovy:95)
com.kms.katalon.core.webui.keyword.WebUiBuiltInKeywords.click(WebUiBuiltInKeywords.groovy:721)
Staff-MCBU-Submit-Task.run(Staff-MCBU-Submit-Task:48)
</property>
</record>
<record>
  <date>2026-07-21T09:02:56.138195900Z</date>
  <millis>1784624576138</millis>
  <nanos>195900</nanos>
  <sequence>548</sequence>
  <level>END</level>
  <class>com.kms.katalon.core.logging.XmlKeywordLogger</class>
  <method>endKeyword</method>
  <thread>1</thread>
  <message>End action : click(findTestObject(&amp;quot;Pilar 1/Showroom-Supplier/UAT/CBU/Staff-MCBU-Submit-Task/Page_KunjunganShowroom/Page_KunjunganShowroomQuestionAnswer/input_Sesuai_1&amp;quot;))</message>
  <nestedLevel>1</nestedLevel>
  <escapedJava>false</escapedJava>
</record>
<record>
  <date>2026-07-21T09:02:56.138195900Z</date>
  <millis>1784624576138</millis>
  <nanos>195900</nanos>
  <sequence>549</sequence>
  <level>START</level>
  <class>com.kms.katalon.core.logging.XmlKeywordLogger</class>
  <method>startKeyword</method>
  <thread>1</thread>
  <message>Start action : click(findTestObject(&amp;quot;Pilar 1/Showroom-Supplier/UAT/CBU/Staff-MCBU-Submit-Task/Page_KunjunganShowroom/Page_KunjunganShowroomQuestionAnswer/div_Ambil Foto2&amp;quot;))</message>
  <nestedLevel>1</nestedLevel>
  <escapedJava>false</escapedJava>
  <property name="startLine">50</property>
  <property name="stepIndex">15</property>
</record>
<record>
  <date>2026-07-21T09:02:56.732730100Z</date>
  <millis>1784624576732</millis>
  <nanos>730100</nanos>
  <sequence>560</sequence>
  <level>PASSED</level>
  <class>com.kms.katalon.core.logging.XmlKeywordLogger</class>
  <method>logMessage</method>
  <thread>1</thread>
  <message>Object: &amp;apos;Object Repository/Pilar 1/Showroom-Supplier/UAT/CBU/Staff-MCBU-Submit-Task/Page_KunjunganShowroom/Page_KunjunganShowroomQuestionAnswer/div_Ambil Foto2&amp;apos; is clicked on</message>
  <nestedLevel>1</nestedLevel>
  <escapedJava>false</escapedJava>
  <property name="testops-method-name">com.kms.katalon.core.webui.keyword.internal.WebUIKeywordMain.runKeywordUntilTimeout</property>
  <property name="testops-execution-stacktrace">com.kms.katalon.core.logging.KeywordLogger.logPassed(KeywordLogger.java:348)
com.kms.katalon.core.logging.KeywordLogger.logPassed(KeywordLogger.java:343)
com.kms.katalon.core.webui.keyword.builtin.ClickKeyword$_click_closure1.doCall(ClickKeyword.groovy:66)
java.base/jdk.internal.reflect.DirectMethodHandleAccessor.invoke(DirectMethodHandleAccessor.java:103)
jdk.proxy2/jdk.proxy2.$Proxy55.execute(Unknown Source)
com.kms.katalon.core.webui.model.SeleniumActionRetryController.performAction(SeleniumActionRetryController.java:96)
com.kms.katalon.core.webui.model.SeleniumActionRetryController.performAction(SeleniumActionRetryController.java:83)
com.kms.katalon.core.webui.keyword.internal.WebUIKeywordMain$_runKeywordUntilTimeout_closure1.doCall(WebUIKeywordMain.groovy:135)
com.kms.katalon.core.webui.keyword.internal.WebUIKeywordMain$_runKeywordUntilTimeout_closure1.call(WebUIKeywordMain.groovy)
com.kms.katalon.core.webui.keyword.internal.WebUIKeywordMain.runKeyword(WebUIKeywordMain.groovy:41)
com.kms.katalon.core.webui.keyword.internal.WebUIKeywordMain.runKeywordUntilTimeout(WebUIKeywordMain.groovy:133)
com.kms.katalon.core.webui.keyword.builtin.ClickKeyword.click(ClickKeyword.groovy:72)
com.kms.katalon.core.webui.keyword.builtin.ClickKeyword.execute(ClickKeyword.groovy:38)
com.kms.katalon.core.keyword.internal.KeywordExecutor.executeKeywordForPlatform(KeywordExecutor.groovy:95)
com.kms.katalon.core.webui.keyword.WebUiBuiltInKeywords.click(WebUiBuiltInKeywords.groovy:721)
Staff-MCBU-Submit-Task.run(Staff-MCBU-Submit-Task:50)
</property>
</record>
<record>
  <date>2026-07-21T09:02:56.736256200Z</date>
  <millis>1784624576736</millis>
  <nanos>256200</nanos>
  <sequence>561</sequence>
  <level>END</level>
  <class>com.kms.katalon.core.logging.XmlKeywordLogger</class>
  <method>endKeyword</method>
  <thread>1</thread>
  <message>End action : click(findTestObject(&amp;quot;Pilar 1/Showroom-Supplier/UAT/CBU/Staff-MCBU-Submit-Task/Page_KunjunganShowroom/Page_KunjunganShowroomQuestionAnswer/div_Ambil Foto2&amp;quot;))</message>
  <nestedLevel>1</nestedLevel>
  <escapedJava>false</escapedJava>
</record>
<record>
  <date>2026-07-21T09:02:56.736256200Z</date>
  <millis>1784624576736</millis>
  <nanos>256200</nanos>
  <sequence>562</sequence>
  <level>START</level>
  <class>com.kms.katalon.core.logging.XmlKeywordLogger</class>
  <method>startKeyword</method>
  <thread>1</thread>
  <message>Start action : delay(7)</message>
  <nestedLevel>1</nestedLevel>
  <escapedJava>false</escapedJava>
  <property name="startLine">52</property>
  <property name="stepIndex">16</property>
</record>
<record>
  <date>2026-07-21T09:03:03.748441700Z</date>
  <millis>1784624583748</millis>
  <nanos>441700</nanos>
  <sequence>565</sequence>
  <level>PASSED</level>
  <class>com.kms.katalon.core.logging.XmlKeywordLogger</class>
  <method>logMessage</method>
  <thread>1</thread>
  <message>Delayed 7 second(s)</message>
  <nestedLevel>1</nestedLevel>
  <escapedJava>false</escapedJava>
  <property name="testops-method-name">com.kms.katalon.core.keyword.builtin.DelayKeyword.delay</property>
  <property name="testops-execution-stacktrace"></property>
</record>
<record>
  <date>2026-07-21T09:03:03.749431100Z</date>
  <millis>1784624583749</millis>
  <nanos>431100</nanos>
  <sequence>566</sequence>
  <level>END</level>
  <class>com.kms.katalon.core.logging.XmlKeywordLogger</class>
  <method>endKeyword</method>
  <thread>1</thread>
  <message>End action : delay(7)</message>
  <nestedLevel>1</nestedLevel>
  <escapedJava>false</escapedJava>
</record>
<record>
  <date>2026-07-21T09:03:03.749431100Z</date>
  <millis>1784624583749</millis>
  <nanos>431100</nanos>
  <sequence>567</sequence>
  <level>START</level>
  <class>com.kms.katalon.core.logging.XmlKeywordLogger</class>
  <method>startKeyword</method>
  <thread>1</thread>
  <message>Start action : click(findTestObject(&amp;quot;Pilar 1/Showroom-Supplier/UAT/CBU/Staff-MCBU-Submit-Task/Page_KunjunganShowroom/Page_KunjunganShowroomQuestionAnswer/input_Tidak Sesuai_1&amp;quot;))</message>
  <nestedLevel>1</nestedLevel>
  <escapedJava>false</escapedJava>
  <property name="startLine">54</property>
  <property name="stepIndex">17</property>
</record>
<record>
  <date>2026-07-21T09:03:04.104489600Z</date>
  <millis>1784624584104</millis>
  <nanos>489600</nanos>
  <sequence>578</sequence>
  <level>PASSED</level>
  <class>com.kms.katalon.core.logging.XmlKeywordLogger</class>
  <method>logMessage</method>
  <thread>1</thread>
  <message>Object: &amp;apos;Object Repository/Pilar 1/Showroom-Supplier/UAT/CBU/Staff-MCBU-Submit-Task/Page_KunjunganShowroom/Page_KunjunganShowroomQuestionAnswer/input_Tidak Sesuai_1&amp;apos; is clicked on</message>
  <nestedLevel>1</nestedLevel>
  <escapedJava>false</escapedJava>
  <property name="testops-method-name">com.kms.katalon.core.webui.keyword.internal.WebUIKeywordMain.runKeywordUntilTimeout</property>
  <property name="testops-execution-stacktrace">com.kms.katalon.core.logging.KeywordLogger.logPassed(KeywordLogger.java:348)
com.kms.katalon.core.logging.KeywordLogger.logPassed(KeywordLogger.java:343)
com.kms.katalon.core.webui.keyword.builtin.ClickKeyword$_click_closure1.doCall(ClickKeyword.groovy:66)
java.base/jdk.internal.reflect.DirectMethodHandleAccessor.invoke(DirectMethodHandleAccessor.java:103)
jdk.proxy2/jdk.proxy2.$Proxy55.execute(Unknown Source)
com.kms.katalon.core.webui.model.SeleniumActionRetryController.performAction(SeleniumActionRetryController.java:96)
com.kms.katalon.core.webui.model.SeleniumActionRetryController.performAction(SeleniumActionRetryController.java:83)
com.kms.katalon.core.webui.keyword.internal.WebUIKeywordMain$_runKeywordUntilTimeout_closure1.doCall(WebUIKeywordMain.groovy:135)
com.kms.katalon.core.webui.keyword.internal.WebUIKeywordMain$_runKeywordUntilTimeout_closure1.call(WebUIKeywordMain.groovy)
com.kms.katalon.core.webui.keyword.internal.WebUIKeywordMain.runKeyword(WebUIKeywordMain.groovy:41)
com.kms.katalon.core.webui.keyword.internal.WebUIKeywordMain.runKeywordUntilTimeout(WebUIKeywordMain.groovy:133)
com.kms.katalon.core.webui.keyword.builtin.ClickKeyword.click(ClickKeyword.groovy:72)
com.kms.katalon.core.webui.keyword.builtin.ClickKeyword.execute(ClickKeyword.groovy:38)
com.kms.katalon.core.keyword.internal.KeywordExecutor.executeKeywordForPlatform(KeywordExecutor.groovy:95)
com.kms.katalon.core.webui.keyword.WebUiBuiltInKeywords.click(WebUiBuiltInKeywords.groovy:721)
Staff-MCBU-Submit-Task.run(Staff-MCBU-Submit-Task:54)
</property>
</record>
<record>
  <date>2026-07-21T09:03:04.105996800Z</date>
  <millis>1784624584105</millis>
  <nanos>996800</nanos>
  <sequence>579</sequence>
  <level>END</level>
  <class>com.kms.katalon.core.logging.XmlKeywordLogger</class>
  <method>endKeyword</method>
  <thread>1</thread>
  <message>End action : click(findTestObject(&amp;quot;Pilar 1/Showroom-Supplier/UAT/CBU/Staff-MCBU-Submit-Task/Page_KunjunganShowroom/Page_KunjunganShowroomQuestionAnswer/input_Tidak Sesuai_1&amp;quot;))</message>
  <nestedLevel>1</nestedLevel>
  <escapedJava>false</escapedJava>
</record>
<record>
  <date>2026-07-21T09:03:04.109152100Z</date>
  <millis>1784624584109</millis>
  <nanos>152100</nanos>
  <sequence>580</sequence>
  <level>START</level>
  <class>com.kms.katalon.core.logging.XmlKeywordLogger</class>
  <method>startKeyword</method>
  <thread>1</thread>
  <message>Start action : click(findTestObject(&amp;quot;Pilar 1/Showroom-Supplier/UAT/CBU/Staff-MCBU-Submit-Task/Page_KunjunganShowroom/Page_KunjunganShowroomQuestionAnswer/div_Ambil Foto3&amp;quot;))</message>
  <nestedLevel>1</nestedLevel>
  <escapedJava>false</escapedJava>
  <property name="startLine">56</property>
  <property name="stepIndex">18</property>
</record>
<record>
  <date>2026-07-21T09:03:04.759012400Z</date>
  <millis>1784624584759</millis>
  <nanos>12400</nanos>
  <sequence>591</sequence>
  <level>PASSED</level>
  <class>com.kms.katalon.core.logging.XmlKeywordLogger</class>
  <method>logMessage</method>
  <thread>1</thread>
  <message>Object: &amp;apos;Object Repository/Pilar 1/Showroom-Supplier/UAT/CBU/Staff-MCBU-Submit-Task/Page_KunjunganShowroom/Page_KunjunganShowroomQuestionAnswer/div_Ambil Foto3&amp;apos; is clicked on</message>
  <nestedLevel>1</nestedLevel>
  <escapedJava>false</escapedJava>
  <property name="testops-method-name">com.kms.katalon.core.webui.keyword.internal.WebUIKeywordMain.runKeywordUntilTimeout</property>
  <property name="testops-execution-stacktrace">com.kms.katalon.core.logging.KeywordLogger.logPassed(KeywordLogger.java:348)
com.kms.katalon.core.logging.KeywordLogger.logPassed(KeywordLogger.java:343)
com.kms.katalon.core.webui.keyword.builtin.ClickKeyword$_click_closure1.doCall(ClickKeyword.groovy:66)
java.base/jdk.internal.reflect.DirectMethodHandleAccessor.invoke(DirectMethodHandleAccessor.java:103)
jdk.proxy2/jdk.proxy2.$Proxy55.execute(Unknown Source)
com.kms.katalon.core.webui.model.SeleniumActionRetryController.performAction(SeleniumActionRetryController.java:96)
com.kms.katalon.core.webui.model.SeleniumActionRetryController.performAction(SeleniumActionRetryController.java:83)
com.kms.katalon.core.webui.keyword.internal.WebUIKeywordMain$_runKeywordUntilTimeout_closure1.doCall(WebUIKeywordMain.groovy:135)
com.kms.katalon.core.webui.keyword.internal.WebUIKeywordMain$_runKeywordUntilTimeout_closure1.call(WebUIKeywordMain.groovy)
com.kms.katalon.core.webui.keyword.internal.WebUIKeywordMain.runKeyword(WebUIKeywordMain.groovy:41)
com.kms.katalon.core.webui.keyword.internal.WebUIKeywordMain.runKeywordUntilTimeout(WebUIKeywordMain.groovy:133)
com.kms.katalon.core.webui.keyword.builtin.ClickKeyword.click(ClickKeyword.groovy:72)
com.kms.katalon.core.webui.keyword.builtin.ClickKeyword.execute(ClickKeyword.groovy:38)
com.kms.katalon.core.keyword.internal.KeywordExecutor.executeKeywordForPlatform(KeywordExecutor.groovy:95)
com.kms.katalon.core.webui.keyword.WebUiBuiltInKeywords.click(WebUiBuiltInKeywords.groovy:721)
Staff-MCBU-Submit-Task.run(Staff-MCBU-Submit-Task:56)
</property>
</record>
<record>
  <date>2026-07-21T09:03:04.762320800Z</date>
  <millis>1784624584762</millis>
  <nanos>320800</nanos>
  <sequence>592</sequence>
  <level>END</level>
  <class>com.kms.katalon.core.logging.XmlKeywordLogger</class>
  <method>endKeyword</method>
  <thread>1</thread>
  <message>End action : click(findTestObject(&amp;quot;Pilar 1/Showroom-Supplier/UAT/CBU/Staff-MCBU-Submit-Task/Page_KunjunganShowroom/Page_KunjunganShowroomQuestionAnswer/div_Ambil Foto3&amp;quot;))</message>
  <nestedLevel>1</nestedLevel>
  <escapedJava>false</escapedJava>
</record>
<record>
  <date>2026-07-21T09:03:04.762320800Z</date>
  <millis>1784624584762</millis>
  <nanos>320800</nanos>
  <sequence>593</sequence>
  <level>START</level>
  <class>com.kms.katalon.core.logging.XmlKeywordLogger</class>
  <method>startKeyword</method>
  <thread>1</thread>
  <message>Start action : click(findTestObject(&amp;quot;Pilar 1/Showroom-Supplier/UAT/CBU/Staff-MCBU-Submit-Task/Page_KunjunganShowroom/Page_KunjunganShowroomQuestionAnswer/div_kamera3&amp;quot;))</message>
  <nestedLevel>1</nestedLevel>
  <escapedJava>false</escapedJava>
  <property name="startLine">58</property>
  <property name="stepIndex">19</property>
</record>
<record>
  <date>2026-07-21T09:03:05.110148800Z</date>
  <millis>1784624585110</millis>
  <nanos>148800</nanos>
  <sequence>604</sequence>
  <level>PASSED</level>
  <class>com.kms.katalon.core.logging.XmlKeywordLogger</class>
  <method>logMessage</method>
  <thread>1</thread>
  <message>Object: &amp;apos;Object Repository/Pilar 1/Showroom-Supplier/UAT/CBU/Staff-MCBU-Submit-Task/Page_KunjunganShowroom/Page_KunjunganShowroomQuestionAnswer/div_kamera3&amp;apos; is clicked on</message>
  <nestedLevel>1</nestedLevel>
  <escapedJava>false</escapedJava>
  <property name="testops-method-name">com.kms.katalon.core.webui.keyword.internal.WebUIKeywordMain.runKeywordUntilTimeout</property>
  <property name="testops-execution-stacktrace">com.kms.katalon.core.logging.KeywordLogger.logPassed(KeywordLogger.java:348)
com.kms.katalon.core.logging.KeywordLogger.logPassed(KeywordLogger.java:343)
com.kms.katalon.core.webui.keyword.builtin.ClickKeyword$_click_closure1.doCall(ClickKeyword.groovy:66)
java.base/jdk.internal.reflect.DirectMethodHandleAccessor.invoke(DirectMethodHandleAccessor.java:103)
jdk.proxy2/jdk.proxy2.$Proxy55.execute(Unknown Source)
com.kms.katalon.core.webui.model.SeleniumActionRetryController.performAction(SeleniumActionRetryController.java:96)
com.kms.katalon.core.webui.model.SeleniumActionRetryController.performAction(SeleniumActionRetryController.java:83)
com.kms.katalon.core.webui.keyword.internal.WebUIKeywordMain$_runKeywordUntilTimeout_closure1.doCall(WebUIKeywordMain.groovy:135)
com.kms.katalon.core.webui.keyword.internal.WebUIKeywordMain$_runKeywordUntilTimeout_closure1.call(WebUIKeywordMain.groovy)
com.kms.katalon.core.webui.keyword.internal.WebUIKeywordMain.runKeyword(WebUIKeywordMain.groovy:41)
com.kms.katalon.core.webui.keyword.internal.WebUIKeywordMain.runKeywordUntilTimeout(WebUIKeywordMain.groovy:133)
com.kms.katalon.core.webui.keyword.builtin.ClickKeyword.click(ClickKeyword.groovy:72)
com.kms.katalon.core.webui.keyword.builtin.ClickKeyword.execute(ClickKeyword.groovy:38)
com.kms.katalon.core.keyword.internal.KeywordExecutor.executeKeywordForPlatform(KeywordExecutor.groovy:95)
com.kms.katalon.core.webui.keyword.WebUiBuiltInKeywords.click(WebUiBuiltInKeywords.groovy:721)
Staff-MCBU-Submit-Task.run(Staff-MCBU-Submit-Task:58)
</property>
</record>
<record>
  <date>2026-07-21T09:03:05.112292700Z</date>
  <millis>1784624585112</millis>
  <nanos>292700</nanos>
  <sequence>605</sequence>
  <level>END</level>
  <class>com.kms.katalon.core.logging.XmlKeywordLogger</class>
  <method>endKeyword</method>
  <thread>1</thread>
  <message>End action : click(findTestObject(&amp;quot;Pilar 1/Showroom-Supplier/UAT/CBU/Staff-MCBU-Submit-Task/Page_KunjunganShowroom/Page_KunjunganShowroomQuestionAnswer/div_kamera3&amp;quot;))</message>
  <nestedLevel>1</nestedLevel>
  <escapedJava>false</escapedJava>
</record>
<record>
  <date>2026-07-21T09:03:05.112292700Z</date>
  <millis>1784624585112</millis>
  <nanos>292700</nanos>
  <sequence>606</sequence>
  <level>START</level>
  <class>com.kms.katalon.core.logging.XmlKeywordLogger</class>
  <method>startKeyword</method>
  <thread>1</thread>
  <message>Start action : switchToWindowTitle(&amp;quot;KunjunganShowroomQuestionAnswer&amp;quot;)</message>
  <nestedLevel>1</nestedLevel>
  <escapedJava>false</escapedJava>
  <property name="startLine">60</property>
  <property name="stepIndex">20</property>
</record>
<record>
  <date>2026-07-21T09:03:05.136137100Z</date>
  <millis>1784624585136</millis>
  <nanos>137100</nanos>
  <sequence>611</sequence>
  <level>PASSED</level>
  <class>com.kms.katalon.core.logging.XmlKeywordLogger</class>
  <method>logMessage</method>
  <thread>1</thread>
  <message>Switched to window with title: &amp;apos;KunjunganShowroomQuestionAnswer&amp;apos;</message>
  <nestedLevel>1</nestedLevel>
  <escapedJava>false</escapedJava>
  <property name="testops-method-name">com.kms.katalon.core.webui.keyword.builtin.SwitchToWindowTitleKeyword.switchToWindowTitle</property>
  <property name="testops-execution-stacktrace"></property>
</record>
<record>
  <date>2026-07-21T09:03:05.138266200Z</date>
  <millis>1784624585138</millis>
  <nanos>266200</nanos>
  <sequence>612</sequence>
  <level>END</level>
  <class>com.kms.katalon.core.logging.XmlKeywordLogger</class>
  <method>endKeyword</method>
  <thread>1</thread>
  <message>End action : switchToWindowTitle(&amp;quot;KunjunganShowroomQuestionAnswer&amp;quot;)</message>
  <nestedLevel>1</nestedLevel>
  <escapedJava>false</escapedJava>
</record>
<record>
  <date>2026-07-21T09:03:05.138266200Z</date>
  <millis>1784624585138</millis>
  <nanos>266200</nanos>
  <sequence>613</sequence>
  <level>START</level>
  <class>com.kms.katalon.core.logging.XmlKeywordLogger</class>
  <method>startKeyword</method>
  <thread>1</thread>
  <message>Start action : delay(5)</message>
  <nestedLevel>1</nestedLevel>
  <escapedJava>false</escapedJava>
  <property name="startLine">62</property>
  <property name="stepIndex">21</property>
</record>
<record>
  <date>2026-07-21T09:03:10.144289600Z</date>
  <millis>1784624590144</millis>
  <nanos>289600</nanos>
  <sequence>616</sequence>
  <level>PASSED</level>
  <class>com.kms.katalon.core.logging.XmlKeywordLogger</class>
  <method>logMessage</method>
  <thread>1</thread>
  <message>Delayed 5 second(s)</message>
  <nestedLevel>1</nestedLevel>
  <escapedJava>false</escapedJava>
  <property name="testops-method-name">com.kms.katalon.core.keyword.builtin.DelayKeyword.delay</property>
  <property name="testops-execution-stacktrace"></property>
</record>
<record>
  <date>2026-07-21T09:03:10.145797300Z</date>
  <millis>1784624590145</millis>
  <nanos>797300</nanos>
  <sequence>617</sequence>
  <level>END</level>
  <class>com.kms.katalon.core.logging.XmlKeywordLogger</class>
  <method>endKeyword</method>
  <thread>1</thread>
  <message>End action : delay(5)</message>
  <nestedLevel>1</nestedLevel>
  <escapedJava>false</escapedJava>
</record>
<record>
  <date>2026-07-21T09:03:10.145797300Z</date>
  <millis>1784624590145</millis>
  <nanos>797300</nanos>
  <sequence>618</sequence>
  <level>START</level>
  <class>com.kms.katalon.core.logging.XmlKeywordLogger</class>
  <method>startKeyword</method>
  <thread>1</thread>
  <message>Start action : click(findTestObject(&amp;quot;Pilar 1/Showroom-Supplier/UAT/CBU/Staff-MCBU-Submit-Task/Page_KunjunganShowroom/Page_KunjunganShowroomQuestionAnswer/input_Sesuai_2&amp;quot;))</message>
  <nestedLevel>1</nestedLevel>
  <escapedJava>false</escapedJava>
  <property name="startLine">64</property>
  <property name="stepIndex">22</property>
</record>
<record>
  <date>2026-07-21T09:03:10.463647900Z</date>
  <millis>1784624590463</millis>
  <nanos>647900</nanos>
  <sequence>629</sequence>
  <level>PASSED</level>
  <class>com.kms.katalon.core.logging.XmlKeywordLogger</class>
  <method>logMessage</method>
  <thread>1</thread>
  <message>Object: &amp;apos;Object Repository/Pilar 1/Showroom-Supplier/UAT/CBU/Staff-MCBU-Submit-Task/Page_KunjunganShowroom/Page_KunjunganShowroomQuestionAnswer/input_Sesuai_2&amp;apos; is clicked on</message>
  <nestedLevel>1</nestedLevel>
  <escapedJava>false</escapedJava>
  <property name="testops-method-name">com.kms.katalon.core.webui.keyword.internal.WebUIKeywordMain.runKeywordUntilTimeout</property>
  <property name="testops-execution-stacktrace">com.kms.katalon.core.logging.KeywordLogger.logPassed(KeywordLogger.java:348)
com.kms.katalon.core.logging.KeywordLogger.logPassed(KeywordLogger.java:343)
com.kms.katalon.core.webui.keyword.builtin.ClickKeyword$_click_closure1.doCall(ClickKeyword.groovy:66)
java.base/jdk.internal.reflect.DirectMethodHandleAccessor.invoke(DirectMethodHandleAccessor.java:103)
jdk.proxy2/jdk.proxy2.$Proxy55.execute(Unknown Source)
com.kms.katalon.core.webui.model.SeleniumActionRetryController.performAction(SeleniumActionRetryController.java:96)
com.kms.katalon.core.webui.model.SeleniumActionRetryController.performAction(SeleniumActionRetryController.java:83)
com.kms.katalon.core.webui.keyword.internal.WebUIKeywordMain$_runKeywordUntilTimeout_closure1.doCall(WebUIKeywordMain.groovy:135)
com.kms.katalon.core.webui.keyword.internal.WebUIKeywordMain$_runKeywordUntilTimeout_closure1.call(WebUIKeywordMain.groovy)
com.kms.katalon.core.webui.keyword.internal.WebUIKeywordMain.runKeyword(WebUIKeywordMain.groovy:41)
com.kms.katalon.core.webui.keyword.internal.WebUIKeywordMain.runKeywordUntilTimeout(WebUIKeywordMain.groovy:133)
com.kms.katalon.core.webui.keyword.builtin.ClickKeyword.click(ClickKeyword.groovy:72)
com.kms.katalon.core.webui.keyword.builtin.ClickKeyword.execute(ClickKeyword.groovy:38)
com.kms.katalon.core.keyword.internal.KeywordExecutor.executeKeywordForPlatform(KeywordExecutor.groovy:95)
com.kms.katalon.core.webui.keyword.WebUiBuiltInKeywords.click(WebUiBuiltInKeywords.groovy:721)
Staff-MCBU-Submit-Task.run(Staff-MCBU-Submit-Task:64)
</property>
</record>
<record>
  <date>2026-07-21T09:03:10.465807400Z</date>
  <millis>1784624590465</millis>
  <nanos>807400</nanos>
  <sequence>630</sequence>
  <level>END</level>
  <class>com.kms.katalon.core.logging.XmlKeywordLogger</class>
  <method>endKeyword</method>
  <thread>1</thread>
  <message>End action : click(findTestObject(&amp;quot;Pilar 1/Showroom-Supplier/UAT/CBU/Staff-MCBU-Submit-Task/Page_KunjunganShowroom/Page_KunjunganShowroomQuestionAnswer/input_Sesuai_2&amp;quot;))</message>
  <nestedLevel>1</nestedLevel>
  <escapedJava>false</escapedJava>
</record>
<record>
  <date>2026-07-21T09:03:10.466313500Z</date>
  <millis>1784624590466</millis>
  <nanos>313500</nanos>
  <sequence>631</sequence>
  <level>START</level>
  <class>com.kms.katalon.core.logging.XmlKeywordLogger</class>
  <method>startKeyword</method>
  <thread>1</thread>
  <message>Start action : click(findTestObject(&amp;quot;Pilar 1/Showroom-Supplier/UAT/CBU/Staff-MCBU-Submit-Task/Page_KunjunganShowroom/Page_KunjunganShowroomQuestionAnswer/div_Ambil Foto_4&amp;quot;))</message>
  <nestedLevel>1</nestedLevel>
  <escapedJava>false</escapedJava>
  <property name="startLine">66</property>
  <property name="stepIndex">23</property>
</record>
<record>
  <date>2026-07-21T09:03:11.008288900Z</date>
  <millis>1784624591008</millis>
  <nanos>288900</nanos>
  <sequence>642</sequence>
  <level>PASSED</level>
  <class>com.kms.katalon.core.logging.XmlKeywordLogger</class>
  <method>logMessage</method>
  <thread>1</thread>
  <message>Object: &amp;apos;Object Repository/Pilar 1/Showroom-Supplier/UAT/CBU/Staff-MCBU-Submit-Task/Page_KunjunganShowroom/Page_KunjunganShowroomQuestionAnswer/div_Ambil Foto_4&amp;apos; is clicked on</message>
  <nestedLevel>1</nestedLevel>
  <escapedJava>false</escapedJava>
  <property name="testops-method-name">com.kms.katalon.core.webui.keyword.internal.WebUIKeywordMain.runKeywordUntilTimeout</property>
  <property name="testops-execution-stacktrace">com.kms.katalon.core.logging.KeywordLogger.logPassed(KeywordLogger.java:348)
com.kms.katalon.core.logging.KeywordLogger.logPassed(KeywordLogger.java:343)
com.kms.katalon.core.webui.keyword.builtin.ClickKeyword$_click_closure1.doCall(ClickKeyword.groovy:66)
java.base/jdk.internal.reflect.DirectMethodHandleAccessor.invoke(DirectMethodHandleAccessor.java:103)
jdk.proxy2/jdk.proxy2.$Proxy55.execute(Unknown Source)
com.kms.katalon.core.webui.model.SeleniumActionRetryController.performAction(SeleniumActionRetryController.java:96)
com.kms.katalon.core.webui.model.SeleniumActionRetryController.performAction(SeleniumActionRetryController.java:83)
com.kms.katalon.core.webui.keyword.internal.WebUIKeywordMain$_runKeywordUntilTimeout_closure1.doCall(WebUIKeywordMain.groovy:135)
com.kms.katalon.core.webui.keyword.internal.WebUIKeywordMain$_runKeywordUntilTimeout_closure1.call(WebUIKeywordMain.groovy)
com.kms.katalon.core.webui.keyword.internal.WebUIKeywordMain.runKeyword(WebUIKeywordMain.groovy:41)
com.kms.katalon.core.webui.keyword.internal.WebUIKeywordMain.runKeywordUntilTimeout(WebUIKeywordMain.groovy:133)
com.kms.katalon.core.webui.keyword.builtin.ClickKeyword.click(ClickKeyword.groovy:72)
com.kms.katalon.core.webui.keyword.builtin.ClickKeyword.execute(ClickKeyword.groovy:38)
com.kms.katalon.core.keyword.internal.KeywordExecutor.executeKeywordForPlatform(KeywordExecutor.groovy:95)
com.kms.katalon.core.webui.keyword.WebUiBuiltInKeywords.click(WebUiBuiltInKeywords.groovy:721)
Staff-MCBU-Submit-Task.run(Staff-MCBU-Submit-Task:66)
</property>
</record>
<record>
  <date>2026-07-21T09:03:11.012280800Z</date>
  <millis>1784624591012</millis>
  <nanos>280800</nanos>
  <sequence>643</sequence>
  <level>END</level>
  <class>com.kms.katalon.core.logging.XmlKeywordLogger</class>
  <method>endKeyword</method>
  <thread>1</thread>
  <message>End action : click(findTestObject(&amp;quot;Pilar 1/Showroom-Supplier/UAT/CBU/Staff-MCBU-Submit-Task/Page_KunjunganShowroom/Page_KunjunganShowroomQuestionAnswer/div_Ambil Foto_4&amp;quot;))</message>
  <nestedLevel>1</nestedLevel>
  <escapedJava>false</escapedJava>
</record>
<record>
  <date>2026-07-21T09:03:11.012280800Z</date>
  <millis>1784624591012</millis>
  <nanos>280800</nanos>
  <sequence>644</sequence>
  <level>START</level>
  <class>com.kms.katalon.core.logging.XmlKeywordLogger</class>
  <method>startKeyword</method>
  <thread>1</thread>
  <message>Start action : delay(5)</message>
  <nestedLevel>1</nestedLevel>
  <escapedJava>false</escapedJava>
  <property name="startLine">68</property>
  <property name="stepIndex">24</property>
</record>
<record>
  <date>2026-07-21T09:03:16.021661500Z</date>
  <millis>1784624596021</millis>
  <nanos>661500</nanos>
  <sequence>647</sequence>
  <level>PASSED</level>
  <class>com.kms.katalon.core.logging.XmlKeywordLogger</class>
  <method>logMessage</method>
  <thread>1</thread>
  <message>Delayed 5 second(s)</message>
  <nestedLevel>1</nestedLevel>
  <escapedJava>false</escapedJava>
  <property name="testops-method-name">com.kms.katalon.core.keyword.builtin.DelayKeyword.delay</property>
  <property name="testops-execution-stacktrace"></property>
</record>
<record>
  <date>2026-07-21T09:03:16.022821600Z</date>
  <millis>1784624596022</millis>
  <nanos>821600</nanos>
  <sequence>648</sequence>
  <level>END</level>
  <class>com.kms.katalon.core.logging.XmlKeywordLogger</class>
  <method>endKeyword</method>
  <thread>1</thread>
  <message>End action : delay(5)</message>
  <nestedLevel>1</nestedLevel>
  <escapedJava>false</escapedJava>
</record>
<record>
  <date>2026-07-21T09:03:16.022821600Z</date>
  <millis>1784624596022</millis>
  <nanos>821600</nanos>
  <sequence>649</sequence>
  <level>START</level>
  <class>com.kms.katalon.core.logging.XmlKeywordLogger</class>
  <method>startKeyword</method>
  <thread>1</thread>
  <message>Start action : click(findTestObject(&amp;quot;Pilar 1/Showroom-Supplier/UAT/CBU/Staff-MCBU-Submit-Task/Page_KunjunganShowroom/Page_KunjunganShowroomQuestionAnswer/input_Tidak Sesuai_2&amp;quot;))</message>
  <nestedLevel>1</nestedLevel>
  <escapedJava>false</escapedJava>
  <property name="startLine">70</property>
  <property name="stepIndex">25</property>
</record>
<record>
  <date>2026-07-21T09:03:16.377104900Z</date>
  <millis>1784624596377</millis>
  <nanos>104900</nanos>
  <sequence>660</sequence>
  <level>PASSED</level>
  <class>com.kms.katalon.core.logging.XmlKeywordLogger</class>
  <method>logMessage</method>
  <thread>1</thread>
  <message>Object: &amp;apos;Object Repository/Pilar 1/Showroom-Supplier/UAT/CBU/Staff-MCBU-Submit-Task/Page_KunjunganShowroom/Page_KunjunganShowroomQuestionAnswer/input_Tidak Sesuai_2&amp;apos; is clicked on</message>
  <nestedLevel>1</nestedLevel>
  <escapedJava>false</escapedJava>
  <property name="testops-method-name">com.kms.katalon.core.webui.keyword.internal.WebUIKeywordMain.runKeywordUntilTimeout</property>
  <property name="testops-execution-stacktrace">com.kms.katalon.core.logging.KeywordLogger.logPassed(KeywordLogger.java:348)
com.kms.katalon.core.logging.KeywordLogger.logPassed(KeywordLogger.java:343)
com.kms.katalon.core.webui.keyword.builtin.ClickKeyword$_click_closure1.doCall(ClickKeyword.groovy:66)
java.base/jdk.internal.reflect.DirectMethodHandleAccessor.invoke(DirectMethodHandleAccessor.java:103)
jdk.proxy2/jdk.proxy2.$Proxy55.execute(Unknown Source)
com.kms.katalon.core.webui.model.SeleniumActionRetryController.performAction(SeleniumActionRetryController.java:96)
com.kms.katalon.core.webui.model.SeleniumActionRetryController.performAction(SeleniumActionRetryController.java:83)
com.kms.katalon.core.webui.keyword.internal.WebUIKeywordMain$_runKeywordUntilTimeout_closure1.doCall(WebUIKeywordMain.groovy:135)
com.kms.katalon.core.webui.keyword.internal.WebUIKeywordMain$_runKeywordUntilTimeout_closure1.call(WebUIKeywordMain.groovy)
com.kms.katalon.core.webui.keyword.internal.WebUIKeywordMain.runKeyword(WebUIKeywordMain.groovy:41)
com.kms.katalon.core.webui.keyword.internal.WebUIKeywordMain.runKeywordUntilTimeout(WebUIKeywordMain.groovy:133)
com.kms.katalon.core.webui.keyword.builtin.ClickKeyword.click(ClickKeyword.groovy:72)
com.kms.katalon.core.webui.keyword.builtin.ClickKeyword.execute(ClickKeyword.groovy:38)
com.kms.katalon.core.keyword.internal.KeywordExecutor.executeKeywordForPlatform(KeywordExecutor.groovy:95)
com.kms.katalon.core.webui.keyword.WebUiBuiltInKeywords.click(WebUiBuiltInKeywords.groovy:721)
Staff-MCBU-Submit-Task.run(Staff-MCBU-Submit-Task:70)
</property>
</record>
<record>
  <date>2026-07-21T09:03:16.380177300Z</date>
  <millis>1784624596380</millis>
  <nanos>177300</nanos>
  <sequence>661</sequence>
  <level>END</level>
  <class>com.kms.katalon.core.logging.XmlKeywordLogger</class>
  <method>endKeyword</method>
  <thread>1</thread>
  <message>End action : click(findTestObject(&amp;quot;Pilar 1/Showroom-Supplier/UAT/CBU/Staff-MCBU-Submit-Task/Page_KunjunganShowroom/Page_KunjunganShowroomQuestionAnswer/input_Tidak Sesuai_2&amp;quot;))</message>
  <nestedLevel>1</nestedLevel>
  <escapedJava>false</escapedJava>
</record>
<record>
  <date>2026-07-21T09:03:16.381186500Z</date>
  <millis>1784624596381</millis>
  <nanos>186500</nanos>
  <sequence>662</sequence>
  <level>START</level>
  <class>com.kms.katalon.core.logging.XmlKeywordLogger</class>
  <method>startKeyword</method>
  <thread>1</thread>
  <message>Start action : click(findTestObject(&amp;quot;Pilar 1/Showroom-Supplier/UAT/CBU/Staff-MCBU-Submit-Task/Page_KunjunganShowroom/Page_KunjunganShowroomQuestionAnswer/div_Batal&amp;quot;))</message>
  <nestedLevel>1</nestedLevel>
  <escapedJava>false</escapedJava>
  <property name="startLine">72</property>
  <property name="stepIndex">26</property>
</record>
<record>
  <date>2026-07-21T09:03:16.382387400Z</date>
  <millis>1784624596382</millis>
  <nanos>387400</nanos>
  <sequence>663</sequence>
  <level>NOT_RUN</level>
  <class>com.kms.katalon.core.logging.XmlKeywordLogger</class>
  <method>logMessage</method>
  <thread>1</thread>
  <message>NOT_RUN: click(findTestObject(&amp;quot;Pilar 1/Showroom-Supplier/UAT/CBU/Staff-MCBU-Submit-Task/Page_KunjunganShowroom/Page_KunjunganShowroomQuestionAnswer/div_Batal&amp;quot;))</message>
  <nestedLevel>1</nestedLevel>
  <escapedJava>false</escapedJava>
</record>
<record>
  <date>2026-07-21T09:03:16.386066600Z</date>
  <millis>1784624596386</millis>
  <nanos>66600</nanos>
  <sequence>664</sequence>
  <level>END</level>
  <class>com.kms.katalon.core.logging.XmlKeywordLogger</class>
  <method>endKeyword</method>
  <thread>1</thread>
  <message>End action : click(findTestObject(&amp;quot;Pilar 1/Showroom-Supplier/UAT/CBU/Staff-MCBU-Submit-Task/Page_KunjunganShowroom/Page_KunjunganShowroomQuestionAnswer/div_Batal&amp;quot;))</message>
  <nestedLevel>1</nestedLevel>
  <escapedJava>false</escapedJava>
</record>
<record>
  <date>2026-07-21T09:03:16.386572300Z</date>
  <millis>1784624596386</millis>
  <nanos>572300</nanos>
  <sequence>665</sequence>
  <level>START</level>
  <class>com.kms.katalon.core.logging.XmlKeywordLogger</class>
  <method>startKeyword</method>
  <thread>1</thread>
  <message>Start action : delay(2)</message>
  <nestedLevel>1</nestedLevel>
  <escapedJava>false</escapedJava>
  <property name="startLine">74</property>
  <property name="stepIndex">27</property>
</record>
<record>
  <date>2026-07-21T09:03:18.403016400Z</date>
  <millis>1784624598403</millis>
  <nanos>16400</nanos>
  <sequence>668</sequence>
  <level>PASSED</level>
  <class>com.kms.katalon.core.logging.XmlKeywordLogger</class>
  <method>logMessage</method>
  <thread>1</thread>
  <message>Delayed 2 second(s)</message>
  <nestedLevel>1</nestedLevel>
  <escapedJava>false</escapedJava>
  <property name="testops-method-name">com.kms.katalon.core.keyword.builtin.DelayKeyword.delay</property>
  <property name="testops-execution-stacktrace"></property>
</record>
<record>
  <date>2026-07-21T09:03:18.404205300Z</date>
  <millis>1784624598404</millis>
  <nanos>205300</nanos>
  <sequence>669</sequence>
  <level>END</level>
  <class>com.kms.katalon.core.logging.XmlKeywordLogger</class>
  <method>endKeyword</method>
  <thread>1</thread>
  <message>End action : delay(2)</message>
  <nestedLevel>1</nestedLevel>
  <escapedJava>false</escapedJava>
</record>
<record>
  <date>2026-07-21T09:03:18.404205300Z</date>
  <millis>1784624598404</millis>
  <nanos>205300</nanos>
  <sequence>670</sequence>
  <level>START</level>
  <class>com.kms.katalon.core.logging.XmlKeywordLogger</class>
  <method>startKeyword</method>
  <thread>1</thread>
  <message>Start action : click(findTestObject(&amp;quot;Pilar 1/Showroom-Supplier/UAT/CBU/Staff-MCBU-Submit-Task/Page_KunjunganShowroom/Page_KunjunganShowroomQuestionAnswer/div_FormHasilKunjungan&amp;quot;))</message>
  <nestedLevel>1</nestedLevel>
  <escapedJava>false</escapedJava>
  <property name="startLine">76</property>
  <property name="stepIndex">28</property>
</record>
<record>
  <date>2026-07-21T09:03:18.719545200Z</date>
  <millis>1784624598719</millis>
  <nanos>545200</nanos>
  <sequence>681</sequence>
  <level>PASSED</level>
  <class>com.kms.katalon.core.logging.XmlKeywordLogger</class>
  <method>logMessage</method>
  <thread>1</thread>
  <message>Object: &amp;apos;Object Repository/Pilar 1/Showroom-Supplier/UAT/CBU/Staff-MCBU-Submit-Task/Page_KunjunganShowroom/Page_KunjunganShowroomQuestionAnswer/div_FormHasilKunjungan&amp;apos; is clicked on</message>
  <nestedLevel>1</nestedLevel>
  <escapedJava>false</escapedJava>
  <property name="testops-method-name">com.kms.katalon.core.webui.keyword.internal.WebUIKeywordMain.runKeywordUntilTimeout</property>
  <property name="testops-execution-stacktrace">com.kms.katalon.core.logging.KeywordLogger.logPassed(KeywordLogger.java:348)
com.kms.katalon.core.logging.KeywordLogger.logPassed(KeywordLogger.java:343)
com.kms.katalon.core.webui.keyword.builtin.ClickKeyword$_click_closure1.doCall(ClickKeyword.groovy:66)
java.base/jdk.internal.reflect.DirectMethodHandleAccessor.invoke(DirectMethodHandleAccessor.java:103)
jdk.proxy2/jdk.proxy2.$Proxy55.execute(Unknown Source)
com.kms.katalon.core.webui.model.SeleniumActionRetryController.performAction(SeleniumActionRetryController.java:96)
com.kms.katalon.core.webui.model.SeleniumActionRetryController.performAction(SeleniumActionRetryController.java:83)
com.kms.katalon.core.webui.keyword.internal.WebUIKeywordMain$_runKeywordUntilTimeout_closure1.doCall(WebUIKeywordMain.groovy:135)
com.kms.katalon.core.webui.keyword.internal.WebUIKeywordMain$_runKeywordUntilTimeout_closure1.call(WebUIKeywordMain.groovy)
com.kms.katalon.core.webui.keyword.internal.WebUIKeywordMain.runKeyword(WebUIKeywordMain.groovy:41)
com.kms.katalon.core.webui.keyword.internal.WebUIKeywordMain.runKeywordUntilTimeout(WebUIKeywordMain.groovy:133)
com.kms.katalon.core.webui.keyword.builtin.ClickKeyword.click(ClickKeyword.groovy:72)
com.kms.katalon.core.webui.keyword.builtin.ClickKeyword.execute(ClickKeyword.groovy:38)
com.kms.katalon.core.keyword.internal.KeywordExecutor.executeKeywordForPlatform(KeywordExecutor.groovy:95)
com.kms.katalon.core.webui.keyword.WebUiBuiltInKeywords.click(WebUiBuiltInKeywords.groovy:721)
Staff-MCBU-Submit-Task.run(Staff-MCBU-Submit-Task:76)
</property>
</record>
<record>
  <date>2026-07-21T09:03:18.721819400Z</date>
  <millis>1784624598721</millis>
  <nanos>819400</nanos>
  <sequence>682</sequence>
  <level>END</level>
  <class>com.kms.katalon.core.logging.XmlKeywordLogger</class>
  <method>endKeyword</method>
  <thread>1</thread>
  <message>End action : click(findTestObject(&amp;quot;Pilar 1/Showroom-Supplier/UAT/CBU/Staff-MCBU-Submit-Task/Page_KunjunganShowroom/Page_KunjunganShowroomQuestionAnswer/div_FormHasilKunjungan&amp;quot;))</message>
  <nestedLevel>1</nestedLevel>
  <escapedJava>false</escapedJava>
</record>
<record>
  <date>2026-07-21T09:03:18.722842700Z</date>
  <millis>1784624598722</millis>
  <nanos>842700</nanos>
  <sequence>683</sequence>
  <level>START</level>
  <class>com.kms.katalon.core.logging.XmlKeywordLogger</class>
  <method>startKeyword</method>
  <thread>1</thread>
  <message>Start action : setText(findTestObject(&amp;quot;Pilar 1/Showroom-Supplier/UAT/CBU/Staff-MCBU-Submit-Task/Page_KunjunganShowroom/Page_KunjunganShowroomQuestionAnswer/input_Nama Sumber Informasi 1 _&amp;quot;), &amp;quot;Mina&amp;quot;)</message>
  <nestedLevel>1</nestedLevel>
  <escapedJava>false</escapedJava>
  <property name="startLine">78</property>
  <property name="stepIndex">29</property>
</record>
<record>
  <date>2026-07-21T09:03:19.391038800Z</date>
  <millis>1784624599391</millis>
  <nanos>38800</nanos>
  <sequence>697</sequence>
  <level>PASSED</level>
  <class>com.kms.katalon.core.logging.XmlKeywordLogger</class>
  <method>logMessage</method>
  <thread>1</thread>
  <message>Text &amp;apos;Mina&amp;apos; is set on object &amp;apos;Object Repository/Pilar 1/Showroom-Supplier/UAT/CBU/Staff-MCBU-Submit-Task/Page_KunjunganShowroom/Page_KunjunganShowroomQuestionAnswer/input_Nama Sumber Informasi 1 _&amp;apos;</message>
  <nestedLevel>1</nestedLevel>
  <escapedJava>false</escapedJava>
  <property name="testops-method-name">com.kms.katalon.core.webui.keyword.internal.WebUIKeywordMain.runKeywordUntilTimeout</property>
  <property name="testops-execution-stacktrace">com.kms.katalon.core.logging.KeywordLogger.logPassed(KeywordLogger.java:348)
com.kms.katalon.core.logging.KeywordLogger.logPassed(KeywordLogger.java:343)
com.kms.katalon.core.webui.keyword.builtin.SetTextKeyword$_setText_closure1.doCall(SetTextKeyword.groovy:99)
java.base/jdk.internal.reflect.DirectMethodHandleAccessor.invoke(DirectMethodHandleAccessor.java:103)
jdk.proxy2/jdk.proxy2.$Proxy55.execute(Unknown Source)
com.kms.katalon.core.webui.model.SeleniumActionRetryController.performAction(SeleniumActionRetryController.java:96)
com.kms.katalon.core.webui.model.SeleniumActionRetryController.performAction(SeleniumActionRetryController.java:83)
com.kms.katalon.core.webui.keyword.internal.WebUIKeywordMain$_runKeywordUntilTimeout_closure1.doCall(WebUIKeywordMain.groovy:135)
com.kms.katalon.core.webui.keyword.internal.WebUIKeywordMain$_runKeywordUntilTimeout_closure1.call(WebUIKeywordMain.groovy)
com.kms.katalon.core.webui.keyword.internal.WebUIKeywordMain.runKeyword(WebUIKeywordMain.groovy:41)
com.kms.katalon.core.webui.keyword.internal.WebUIKeywordMain.runKeywordUntilTimeout(WebUIKeywordMain.groovy:133)
com.kms.katalon.core.webui.keyword.builtin.SetTextKeyword.setText(SetTextKeyword.groovy:106)
com.kms.katalon.core.webui.keyword.builtin.SetTextKeyword.execute(SetTextKeyword.groovy:49)
com.kms.katalon.core.keyword.internal.KeywordExecutor.executeKeywordForPlatform(KeywordExecutor.groovy:95)
com.kms.katalon.core.webui.keyword.WebUiBuiltInKeywords.setText(WebUiBuiltInKeywords.groovy:1081)
Staff-MCBU-Submit-Task.run(Staff-MCBU-Submit-Task:78)
</property>
</record>
<record>
  <date>2026-07-21T09:03:19.394119Z</date>
  <millis>1784624599394</millis>
  <nanos>119000</nanos>
  <sequence>698</sequence>
  <level>END</level>
  <class>com.kms.katalon.core.logging.XmlKeywordLogger</class>
  <method>endKeyword</method>
  <thread>1</thread>
  <message>End action : setText(findTestObject(&amp;quot;Pilar 1/Showroom-Supplier/UAT/CBU/Staff-MCBU-Submit-Task/Page_KunjunganShowroom/Page_KunjunganShowroomQuestionAnswer/input_Nama Sumber Informasi 1 _&amp;quot;), &amp;quot;Mina&amp;quot;)</message>
  <nestedLevel>1</nestedLevel>
  <escapedJava>false</escapedJava>
</record>
<record>
  <date>2026-07-21T09:03:19.394119Z</date>
  <millis>1784624599394</millis>
  <nanos>119000</nanos>
  <sequence>699</sequence>
  <level>START</level>
  <class>com.kms.katalon.core.logging.XmlKeywordLogger</class>
  <method>startKeyword</method>
  <thread>1</thread>
  <message>Start action : setText(findTestObject(&amp;quot;Pilar 1/Showroom-Supplier/UAT/CBU/Staff-MCBU-Submit-Task/Page_KunjunganShowroom/Page_KunjunganShowroomQuestionAnswer/input_Jabatan Sumber Informasi 1_1&amp;quot;), &amp;quot;ART&amp;quot;)</message>
  <nestedLevel>1</nestedLevel>
  <escapedJava>false</escapedJava>
  <property name="startLine">81</property>
  <property name="stepIndex">30</property>
</record>
<record>
  <date>2026-07-21T09:03:19.994809300Z</date>
  <millis>1784624599994</millis>
  <nanos>809300</nanos>
  <sequence>713</sequence>
  <level>PASSED</level>
  <class>com.kms.katalon.core.logging.XmlKeywordLogger</class>
  <method>logMessage</method>
  <thread>1</thread>
  <message>Text &amp;apos;ART&amp;apos; is set on object &amp;apos;Object Repository/Pilar 1/Showroom-Supplier/UAT/CBU/Staff-MCBU-Submit-Task/Page_KunjunganShowroom/Page_KunjunganShowroomQuestionAnswer/input_Jabatan Sumber Informasi 1_1&amp;apos;</message>
  <nestedLevel>1</nestedLevel>
  <escapedJava>false</escapedJava>
  <property name="testops-method-name">com.kms.katalon.core.webui.keyword.internal.WebUIKeywordMain.runKeywordUntilTimeout</property>
  <property name="testops-execution-stacktrace">com.kms.katalon.core.logging.KeywordLogger.logPassed(KeywordLogger.java:348)
com.kms.katalon.core.logging.KeywordLogger.logPassed(KeywordLogger.java:343)
com.kms.katalon.core.webui.keyword.builtin.SetTextKeyword$_setText_closure1.doCall(SetTextKeyword.groovy:99)
java.base/jdk.internal.reflect.DirectMethodHandleAccessor.invoke(DirectMethodHandleAccessor.java:103)
jdk.proxy2/jdk.proxy2.$Proxy55.execute(Unknown Source)
com.kms.katalon.core.webui.model.SeleniumActionRetryController.performAction(SeleniumActionRetryController.java:96)
com.kms.katalon.core.webui.model.SeleniumActionRetryController.performAction(SeleniumActionRetryController.java:83)
com.kms.katalon.core.webui.keyword.internal.WebUIKeywordMain$_runKeywordUntilTimeout_closure1.doCall(WebUIKeywordMain.groovy:135)
com.kms.katalon.core.webui.keyword.internal.WebUIKeywordMain$_runKeywordUntilTimeout_closure1.call(WebUIKeywordMain.groovy)
com.kms.katalon.core.webui.keyword.internal.WebUIKeywordMain.runKeyword(WebUIKeywordMain.groovy:41)
com.kms.katalon.core.webui.keyword.internal.WebUIKeywordMain.runKeywordUntilTimeout(WebUIKeywordMain.groovy:133)
com.kms.katalon.core.webui.keyword.builtin.SetTextKeyword.setText(SetTextKeyword.groovy:106)
com.kms.katalon.core.webui.keyword.builtin.SetTextKeyword.execute(SetTextKeyword.groovy:49)
com.kms.katalon.core.keyword.internal.KeywordExecutor.executeKeywordForPlatform(KeywordExecutor.groovy:95)
com.kms.katalon.core.webui.keyword.WebUiBuiltInKeywords.setText(WebUiBuiltInKeywords.groovy:1081)
Staff-MCBU-Submit-Task.run(Staff-MCBU-Submit-Task:81)
</property>
</record>
<record>
  <date>2026-07-21T09:03:19.996308700Z</date>
  <millis>1784624599996</millis>
  <nanos>308700</nanos>
  <sequence>714</sequence>
  <level>END</level>
  <class>com.kms.katalon.core.logging.XmlKeywordLogger</class>
  <method>endKeyword</method>
  <thread>1</thread>
  <message>End action : setText(findTestObject(&amp;quot;Pilar 1/Showroom-Supplier/UAT/CBU/Staff-MCBU-Submit-Task/Page_KunjunganShowroom/Page_KunjunganShowroomQuestionAnswer/input_Jabatan Sumber Informasi 1_1&amp;quot;), &amp;quot;ART&amp;quot;)</message>
  <nestedLevel>1</nestedLevel>
  <escapedJava>false</escapedJava>
</record>
<record>
  <date>2026-07-21T09:03:19.997311900Z</date>
  <millis>1784624599997</millis>
  <nanos>311900</nanos>
  <sequence>715</sequence>
  <level>START</level>
  <class>com.kms.katalon.core.logging.XmlKeywordLogger</class>
  <method>startKeyword</method>
  <thread>1</thread>
  <message>Start action : setText(findTestObject(&amp;quot;Pilar 1/Showroom-Supplier/UAT/CBU/Staff-MCBU-Submit-Task/Page_KunjunganShowroom/Page_KunjunganShowroomQuestionAnswer/input_Nama Sumber Informasi 2 _&amp;quot;), &amp;quot;Memet&amp;quot;)</message>
  <nestedLevel>1</nestedLevel>
  <escapedJava>false</escapedJava>
  <property name="startLine">84</property>
  <property name="stepIndex">31</property>
</record>
<record>
  <date>2026-07-21T09:03:21.199322800Z</date>
  <millis>1784624601199</millis>
  <nanos>322800</nanos>
  <sequence>729</sequence>
  <level>PASSED</level>
  <class>com.kms.katalon.core.logging.XmlKeywordLogger</class>
  <method>logMessage</method>
  <thread>1</thread>
  <message>Text &amp;apos;Memet&amp;apos; is set on object &amp;apos;Object Repository/Pilar 1/Showroom-Supplier/UAT/CBU/Staff-MCBU-Submit-Task/Page_KunjunganShowroom/Page_KunjunganShowroomQuestionAnswer/input_Nama Sumber Informasi 2 _&amp;apos;</message>
  <nestedLevel>1</nestedLevel>
  <escapedJava>false</escapedJava>
  <property name="testops-method-name">com.kms.katalon.core.webui.keyword.internal.WebUIKeywordMain.runKeywordUntilTimeout</property>
  <property name="testops-execution-stacktrace">com.kms.katalon.core.logging.KeywordLogger.logPassed(KeywordLogger.java:348)
com.kms.katalon.core.logging.KeywordLogger.logPassed(KeywordLogger.java:343)
com.kms.katalon.core.webui.keyword.builtin.SetTextKeyword$_setText_closure1.doCall(SetTextKeyword.groovy:99)
java.base/jdk.internal.reflect.DirectMethodHandleAccessor.invoke(DirectMethodHandleAccessor.java:103)
jdk.proxy2/jdk.proxy2.$Proxy55.execute(Unknown Source)
com.kms.katalon.core.webui.model.SeleniumActionRetryController.performAction(SeleniumActionRetryController.java:96)
com.kms.katalon.core.webui.model.SeleniumActionRetryController.performAction(SeleniumActionRetryController.java:83)
com.kms.katalon.core.webui.keyword.internal.WebUIKeywordMain$_runKeywordUntilTimeout_closure1.doCall(WebUIKeywordMain.groovy:135)
com.kms.katalon.core.webui.keyword.internal.WebUIKeywordMain$_runKeywordUntilTimeout_closure1.call(WebUIKeywordMain.groovy)
com.kms.katalon.core.webui.keyword.internal.WebUIKeywordMain.runKeyword(WebUIKeywordMain.groovy:41)
com.kms.katalon.core.webui.keyword.internal.WebUIKeywordMain.runKeywordUntilTimeout(WebUIKeywordMain.groovy:133)
com.kms.katalon.core.webui.keyword.builtin.SetTextKeyword.setText(SetTextKeyword.groovy:106)
com.kms.katalon.core.webui.keyword.builtin.SetTextKeyword.execute(SetTextKeyword.groovy:49)
com.kms.katalon.core.keyword.internal.KeywordExecutor.executeKeywordForPlatform(KeywordExecutor.groovy:95)
com.kms.katalon.core.webui.keyword.WebUiBuiltInKeywords.setText(WebUiBuiltInKeywords.groovy:1081)
Staff-MCBU-Submit-Task.run(Staff-MCBU-Submit-Task:84)
</property>
</record>
<record>
  <date>2026-07-21T09:03:21.200326700Z</date>
  <millis>1784624601200</millis>
  <nanos>326700</nanos>
  <sequence>730</sequence>
  <level>END</level>
  <class>com.kms.katalon.core.logging.XmlKeywordLogger</class>
  <method>endKeyword</method>
  <thread>1</thread>
  <message>End action : setText(findTestObject(&amp;quot;Pilar 1/Showroom-Supplier/UAT/CBU/Staff-MCBU-Submit-Task/Page_KunjunganShowroom/Page_KunjunganShowroomQuestionAnswer/input_Nama Sumber Informasi 2 _&amp;quot;), &amp;quot;Memet&amp;quot;)</message>
  <nestedLevel>1</nestedLevel>
  <escapedJava>false</escapedJava>
</record>
<record>
  <date>2026-07-21T09:03:21.200326700Z</date>
  <millis>1784624601200</millis>
  <nanos>326700</nanos>
  <sequence>731</sequence>
  <level>START</level>
  <class>com.kms.katalon.core.logging.XmlKeywordLogger</class>
  <method>startKeyword</method>
  <thread>1</thread>
  <message>Start action : setText(findTestObject(&amp;quot;Pilar 1/Showroom-Supplier/UAT/CBU/Staff-MCBU-Submit-Task/Page_KunjunganShowroom/Page_KunjunganShowroomQuestionAnswer/input_Jabatan Sumber Informasi 2_2&amp;quot;), &amp;quot;Security&amp;quot;)</message>
  <nestedLevel>1</nestedLevel>
  <escapedJava>false</escapedJava>
  <property name="startLine">87</property>
  <property name="stepIndex">32</property>
</record>
<record>
  <date>2026-07-21T09:03:21.965839300Z</date>
  <millis>1784624601965</millis>
  <nanos>839300</nanos>
  <sequence>745</sequence>
  <level>PASSED</level>
  <class>com.kms.katalon.core.logging.XmlKeywordLogger</class>
  <method>logMessage</method>
  <thread>1</thread>
  <message>Text &amp;apos;Security&amp;apos; is set on object &amp;apos;Object Repository/Pilar 1/Showroom-Supplier/UAT/CBU/Staff-MCBU-Submit-Task/Page_KunjunganShowroom/Page_KunjunganShowroomQuestionAnswer/input_Jabatan Sumber Informasi 2_2&amp;apos;</message>
  <nestedLevel>1</nestedLevel>
  <escapedJava>false</escapedJava>
  <property name="testops-method-name">com.kms.katalon.core.webui.keyword.internal.WebUIKeywordMain.runKeywordUntilTimeout</property>
  <property name="testops-execution-stacktrace">com.kms.katalon.core.logging.KeywordLogger.logPassed(KeywordLogger.java:348)
com.kms.katalon.core.logging.KeywordLogger.logPassed(KeywordLogger.java:343)
com.kms.katalon.core.webui.keyword.builtin.SetTextKeyword$_setText_closure1.doCall(SetTextKeyword.groovy:99)
java.base/jdk.internal.reflect.DirectMethodHandleAccessor.invoke(DirectMethodHandleAccessor.java:103)
jdk.proxy2/jdk.proxy2.$Proxy55.execute(Unknown Source)
com.kms.katalon.core.webui.model.SeleniumActionRetryController.performAction(SeleniumActionRetryController.java:96)
com.kms.katalon.core.webui.model.SeleniumActionRetryController.performAction(SeleniumActionRetryController.java:83)
com.kms.katalon.core.webui.keyword.internal.WebUIKeywordMain$_runKeywordUntilTimeout_closure1.doCall(WebUIKeywordMain.groovy:135)
com.kms.katalon.core.webui.keyword.internal.WebUIKeywordMain$_runKeywordUntilTimeout_closure1.call(WebUIKeywordMain.groovy)
com.kms.katalon.core.webui.keyword.internal.WebUIKeywordMain.runKeyword(WebUIKeywordMain.groovy:41)
com.kms.katalon.core.webui.keyword.internal.WebUIKeywordMain.runKeywordUntilTimeout(WebUIKeywordMain.groovy:133)
com.kms.katalon.core.webui.keyword.builtin.SetTextKeyword.setText(SetTextKeyword.groovy:106)
com.kms.katalon.core.webui.keyword.builtin.SetTextKeyword.execute(SetTextKeyword.groovy:49)
com.kms.katalon.core.keyword.internal.KeywordExecutor.executeKeywordForPlatform(KeywordExecutor.groovy:95)
com.kms.katalon.core.webui.keyword.WebUiBuiltInKeywords.setText(WebUiBuiltInKeywords.groovy:1081)
Staff-MCBU-Submit-Task.run(Staff-MCBU-Submit-Task:87)
</property>
</record>
<record>
  <date>2026-07-21T09:03:21.966947500Z</date>
  <millis>1784624601966</millis>
  <nanos>947500</nanos>
  <sequence>746</sequence>
  <level>END</level>
  <class>com.kms.katalon.core.logging.XmlKeywordLogger</class>
  <method>endKeyword</method>
  <thread>1</thread>
  <message>End action : setText(findTestObject(&amp;quot;Pilar 1/Showroom-Supplier/UAT/CBU/Staff-MCBU-Submit-Task/Page_KunjunganShowroom/Page_KunjunganShowroomQuestionAnswer/input_Jabatan Sumber Informasi 2_2&amp;quot;), &amp;quot;Security&amp;quot;)</message>
  <nestedLevel>1</nestedLevel>
  <escapedJava>false</escapedJava>
</record>
<record>
  <date>2026-07-21T09:03:21.966947500Z</date>
  <millis>1784624601966</millis>
  <nanos>947500</nanos>
  <sequence>747</sequence>
  <level>START</level>
  <class>com.kms.katalon.core.logging.XmlKeywordLogger</class>
  <method>startKeyword</method>
  <thread>1</thread>
  <message>Start action : setText(findTestObject(&amp;quot;Pilar 1/Showroom-Supplier/UAT/CBU/Staff-MCBU-Submit-Task/Page_KunjunganShowroom/Page_KunjunganShowroomQuestionAnswer/input_Nama Sumber Informasi 3 __1&amp;quot;), &amp;quot;Minda&amp;quot;)</message>
  <nestedLevel>1</nestedLevel>
  <escapedJava>false</escapedJava>
  <property name="startLine">90</property>
  <property name="stepIndex">33</property>
</record>
<record>
  <date>2026-07-21T09:03:23.230813100Z</date>
  <millis>1784624603230</millis>
  <nanos>813100</nanos>
  <sequence>761</sequence>
  <level>PASSED</level>
  <class>com.kms.katalon.core.logging.XmlKeywordLogger</class>
  <method>logMessage</method>
  <thread>1</thread>
  <message>Text &amp;apos;Minda&amp;apos; is set on object &amp;apos;Object Repository/Pilar 1/Showroom-Supplier/UAT/CBU/Staff-MCBU-Submit-Task/Page_KunjunganShowroom/Page_KunjunganShowroomQuestionAnswer/input_Nama Sumber Informasi 3 __1&amp;apos;</message>
  <nestedLevel>1</nestedLevel>
  <escapedJava>false</escapedJava>
  <property name="testops-method-name">com.kms.katalon.core.webui.keyword.internal.WebUIKeywordMain.runKeywordUntilTimeout</property>
  <property name="testops-execution-stacktrace">com.kms.katalon.core.logging.KeywordLogger.logPassed(KeywordLogger.java:348)
com.kms.katalon.core.logging.KeywordLogger.logPassed(KeywordLogger.java:343)
com.kms.katalon.core.webui.keyword.builtin.SetTextKeyword$_setText_closure1.doCall(SetTextKeyword.groovy:99)
java.base/jdk.internal.reflect.DirectMethodHandleAccessor.invoke(DirectMethodHandleAccessor.java:103)
jdk.proxy2/jdk.proxy2.$Proxy55.execute(Unknown Source)
com.kms.katalon.core.webui.model.SeleniumActionRetryController.performAction(SeleniumActionRetryController.java:96)
com.kms.katalon.core.webui.model.SeleniumActionRetryController.performAction(SeleniumActionRetryController.java:83)
com.kms.katalon.core.webui.keyword.internal.WebUIKeywordMain$_runKeywordUntilTimeout_closure1.doCall(WebUIKeywordMain.groovy:135)
com.kms.katalon.core.webui.keyword.internal.WebUIKeywordMain$_runKeywordUntilTimeout_closure1.call(WebUIKeywordMain.groovy)
com.kms.katalon.core.webui.keyword.internal.WebUIKeywordMain.runKeyword(WebUIKeywordMain.groovy:41)
com.kms.katalon.core.webui.keyword.internal.WebUIKeywordMain.runKeywordUntilTimeout(WebUIKeywordMain.groovy:133)
com.kms.katalon.core.webui.keyword.builtin.SetTextKeyword.setText(SetTextKeyword.groovy:106)
com.kms.katalon.core.webui.keyword.builtin.SetTextKeyword.execute(SetTextKeyword.groovy:49)
com.kms.katalon.core.keyword.internal.KeywordExecutor.executeKeywordForPlatform(KeywordExecutor.groovy:95)
com.kms.katalon.core.webui.keyword.WebUiBuiltInKeywords.setText(WebUiBuiltInKeywords.groovy:1081)
Staff-MCBU-Submit-Task.run(Staff-MCBU-Submit-Task:90)
</property>
</record>
<record>
  <date>2026-07-21T09:03:23.233045400Z</date>
  <millis>1784624603233</millis>
  <nanos>45400</nanos>
  <sequence>762</sequence>
  <level>END</level>
  <class>com.kms.katalon.core.logging.XmlKeywordLogger</class>
  <method>endKeyword</method>
  <thread>1</thread>
  <message>End action : setText(findTestObject(&amp;quot;Pilar 1/Showroom-Supplier/UAT/CBU/Staff-MCBU-Submit-Task/Page_KunjunganShowroom/Page_KunjunganShowroomQuestionAnswer/input_Nama Sumber Informasi 3 __1&amp;quot;), &amp;quot;Minda&amp;quot;)</message>
  <nestedLevel>1</nestedLevel>
  <escapedJava>false</escapedJava>
</record>
<record>
  <date>2026-07-21T09:03:23.233045400Z</date>
  <millis>1784624603233</millis>
  <nanos>45400</nanos>
  <sequence>763</sequence>
  <level>START</level>
  <class>com.kms.katalon.core.logging.XmlKeywordLogger</class>
  <method>startKeyword</method>
  <thread>1</thread>
  <message>Start action : setText(findTestObject(&amp;quot;Pilar 1/Showroom-Supplier/UAT/CBU/Staff-MCBU-Submit-Task/Page_KunjunganShowroom/Page_KunjunganShowroomQuestionAnswer/input_Jabatan Sumber Informasi 3&amp;quot;), &amp;quot;Karyawan&amp;quot;)</message>
  <nestedLevel>1</nestedLevel>
  <escapedJava>false</escapedJava>
  <property name="startLine">93</property>
  <property name="stepIndex">34</property>
</record>
<record>
  <date>2026-07-21T09:03:23.855018200Z</date>
  <millis>1784624603855</millis>
  <nanos>18200</nanos>
  <sequence>777</sequence>
  <level>PASSED</level>
  <class>com.kms.katalon.core.logging.XmlKeywordLogger</class>
  <method>logMessage</method>
  <thread>1</thread>
  <message>Text &amp;apos;Karyawan&amp;apos; is set on object &amp;apos;Object Repository/Pilar 1/Showroom-Supplier/UAT/CBU/Staff-MCBU-Submit-Task/Page_KunjunganShowroom/Page_KunjunganShowroomQuestionAnswer/input_Jabatan Sumber Informasi 3&amp;apos;</message>
  <nestedLevel>1</nestedLevel>
  <escapedJava>false</escapedJava>
  <property name="testops-method-name">com.kms.katalon.core.webui.keyword.internal.WebUIKeywordMain.runKeywordUntilTimeout</property>
  <property name="testops-execution-stacktrace">com.kms.katalon.core.logging.KeywordLogger.logPassed(KeywordLogger.java:348)
com.kms.katalon.core.logging.KeywordLogger.logPassed(KeywordLogger.java:343)
com.kms.katalon.core.webui.keyword.builtin.SetTextKeyword$_setText_closure1.doCall(SetTextKeyword.groovy:99)
java.base/jdk.internal.reflect.DirectMethodHandleAccessor.invoke(DirectMethodHandleAccessor.java:103)
jdk.proxy2/jdk.proxy2.$Proxy55.execute(Unknown Source)
com.kms.katalon.core.webui.model.SeleniumActionRetryController.performAction(SeleniumActionRetryController.java:96)
com.kms.katalon.core.webui.model.SeleniumActionRetryController.performAction(SeleniumActionRetryController.java:83)
com.kms.katalon.core.webui.keyword.internal.WebUIKeywordMain$_runKeywordUntilTimeout_closure1.doCall(WebUIKeywordMain.groovy:135)
com.kms.katalon.core.webui.keyword.internal.WebUIKeywordMain$_runKeywordUntilTimeout_closure1.call(WebUIKeywordMain.groovy)
com.kms.katalon.core.webui.keyword.internal.WebUIKeywordMain.runKeyword(WebUIKeywordMain.groovy:41)
com.kms.katalon.core.webui.keyword.internal.WebUIKeywordMain.runKeywordUntilTimeout(WebUIKeywordMain.groovy:133)
com.kms.katalon.core.webui.keyword.builtin.SetTextKeyword.setText(SetTextKeyword.groovy:106)
com.kms.katalon.core.webui.keyword.builtin.SetTextKeyword.execute(SetTextKeyword.groovy:49)
com.kms.katalon.core.keyword.internal.KeywordExecutor.executeKeywordForPlatform(KeywordExecutor.groovy:95)
com.kms.katalon.core.webui.keyword.WebUiBuiltInKeywords.setText(WebUiBuiltInKeywords.groovy:1081)
Staff-MCBU-Submit-Task.run(Staff-MCBU-Submit-Task:93)
</property>
</record>
<record>
  <date>2026-07-21T09:03:23.856025Z</date>
  <millis>1784624603856</millis>
  <nanos>25000</nanos>
  <sequence>778</sequence>
  <level>END</level>
  <class>com.kms.katalon.core.logging.XmlKeywordLogger</class>
  <method>endKeyword</method>
  <thread>1</thread>
  <message>End action : setText(findTestObject(&amp;quot;Pilar 1/Showroom-Supplier/UAT/CBU/Staff-MCBU-Submit-Task/Page_KunjunganShowroom/Page_KunjunganShowroomQuestionAnswer/input_Jabatan Sumber Informasi 3&amp;quot;), &amp;quot;Karyawan&amp;quot;)</message>
  <nestedLevel>1</nestedLevel>
  <escapedJava>false</escapedJava>
</record>
<record>
  <date>2026-07-21T09:03:23.856025Z</date>
  <millis>1784624603856</millis>
  <nanos>25000</nanos>
  <sequence>779</sequence>
  <level>START</level>
  <class>com.kms.katalon.core.logging.XmlKeywordLogger</class>
  <method>startKeyword</method>
  <thread>1</thread>
  <message>Start action : setText(findTestObject(&amp;quot;Pilar 1/Showroom-Supplier/UAT/CBU/Staff-MCBU-Submit-Task/Page_KunjunganShowroom/Page_KunjunganShowroomQuestionAnswer/textarea_Hasil Pemeriksaan RCU&amp;quot;), &amp;quot;Tidak sesuai&amp;quot;)</message>
  <nestedLevel>1</nestedLevel>
  <escapedJava>false</escapedJava>
  <property name="startLine">96</property>
  <property name="stepIndex">35</property>
</record>
<record>
  <date>2026-07-21T09:03:25.158242400Z</date>
  <millis>1784624605158</millis>
  <nanos>242400</nanos>
  <sequence>793</sequence>
  <level>PASSED</level>
  <class>com.kms.katalon.core.logging.XmlKeywordLogger</class>
  <method>logMessage</method>
  <thread>1</thread>
  <message>Text &amp;apos;Tidak sesuai&amp;apos; is set on object &amp;apos;Object Repository/Pilar 1/Showroom-Supplier/UAT/CBU/Staff-MCBU-Submit-Task/Page_KunjunganShowroom/Page_KunjunganShowroomQuestionAnswer/textarea_Hasil Pemeriksaan RCU&amp;apos;</message>
  <nestedLevel>1</nestedLevel>
  <escapedJava>false</escapedJava>
  <property name="testops-method-name">com.kms.katalon.core.webui.keyword.internal.WebUIKeywordMain.runKeywordUntilTimeout</property>
  <property name="testops-execution-stacktrace">com.kms.katalon.core.logging.KeywordLogger.logPassed(KeywordLogger.java:348)
com.kms.katalon.core.logging.KeywordLogger.logPassed(KeywordLogger.java:343)
com.kms.katalon.core.webui.keyword.builtin.SetTextKeyword$_setText_closure1.doCall(SetTextKeyword.groovy:99)
java.base/jdk.internal.reflect.DirectMethodHandleAccessor.invoke(DirectMethodHandleAccessor.java:103)
jdk.proxy2/jdk.proxy2.$Proxy55.execute(Unknown Source)
com.kms.katalon.core.webui.model.SeleniumActionRetryController.performAction(SeleniumActionRetryController.java:96)
com.kms.katalon.core.webui.model.SeleniumActionRetryController.performAction(SeleniumActionRetryController.java:83)
com.kms.katalon.core.webui.keyword.internal.WebUIKeywordMain$_runKeywordUntilTimeout_closure1.doCall(WebUIKeywordMain.groovy:135)
com.kms.katalon.core.webui.keyword.internal.WebUIKeywordMain$_runKeywordUntilTimeout_closure1.call(WebUIKeywordMain.groovy)
com.kms.katalon.core.webui.keyword.internal.WebUIKeywordMain.runKeyword(WebUIKeywordMain.groovy:41)
com.kms.katalon.core.webui.keyword.internal.WebUIKeywordMain.runKeywordUntilTimeout(WebUIKeywordMain.groovy:133)
com.kms.katalon.core.webui.keyword.builtin.SetTextKeyword.setText(SetTextKeyword.groovy:106)
com.kms.katalon.core.webui.keyword.builtin.SetTextKeyword.execute(SetTextKeyword.groovy:49)
com.kms.katalon.core.keyword.internal.KeywordExecutor.executeKeywordForPlatform(KeywordExecutor.groovy:95)
com.kms.katalon.core.webui.keyword.WebUiBuiltInKeywords.setText(WebUiBuiltInKeywords.groovy:1081)
Staff-MCBU-Submit-Task.run(Staff-MCBU-Submit-Task:96)
</property>
</record>
<record>
  <date>2026-07-21T09:03:25.160587700Z</date>
  <millis>1784624605160</millis>
  <nanos>587700</nanos>
  <sequence>794</sequence>
  <level>END</level>
  <class>com.kms.katalon.core.logging.XmlKeywordLogger</class>
  <method>endKeyword</method>
  <thread>1</thread>
  <message>End action : setText(findTestObject(&amp;quot;Pilar 1/Showroom-Supplier/UAT/CBU/Staff-MCBU-Submit-Task/Page_KunjunganShowroom/Page_KunjunganShowroomQuestionAnswer/textarea_Hasil Pemeriksaan RCU&amp;quot;), &amp;quot;Tidak sesuai&amp;quot;)</message>
  <nestedLevel>1</nestedLevel>
  <escapedJava>false</escapedJava>
</record>
<record>
  <date>2026-07-21T09:03:25.161587400Z</date>
  <millis>1784624605161</millis>
  <nanos>587400</nanos>
  <sequence>795</sequence>
  <level>START</level>
  <class>com.kms.katalon.core.logging.XmlKeywordLogger</class>
  <method>startKeyword</method>
  <thread>1</thread>
  <message>Start action : click(findTestObject(&amp;quot;Pilar 1/Showroom-Supplier/UAT/CBU/Staff-MCBU-Submit-Task/Page_KunjunganShowroom/Page_KunjunganShowroomQuestionAnswer/div_Unggah&amp;quot;))</message>
  <nestedLevel>1</nestedLevel>
  <escapedJava>false</escapedJava>
  <property name="startLine">99</property>
  <property name="stepIndex">36</property>
</record>
<record>
  <date>2026-07-21T09:03:25.696002900Z</date>
  <millis>1784624605696</millis>
  <nanos>2900</nanos>
  <sequence>806</sequence>
  <level>PASSED</level>
  <class>com.kms.katalon.core.logging.XmlKeywordLogger</class>
  <method>logMessage</method>
  <thread>1</thread>
  <message>Object: &amp;apos;Object Repository/Pilar 1/Showroom-Supplier/UAT/CBU/Staff-MCBU-Submit-Task/Page_KunjunganShowroom/Page_KunjunganShowroomQuestionAnswer/div_Unggah&amp;apos; is clicked on</message>
  <nestedLevel>1</nestedLevel>
  <escapedJava>false</escapedJava>
  <property name="testops-method-name">com.kms.katalon.core.webui.keyword.internal.WebUIKeywordMain.runKeywordUntilTimeout</property>
  <property name="testops-execution-stacktrace">com.kms.katalon.core.logging.KeywordLogger.logPassed(KeywordLogger.java:348)
com.kms.katalon.core.logging.KeywordLogger.logPassed(KeywordLogger.java:343)
com.kms.katalon.core.webui.keyword.builtin.ClickKeyword$_click_closure1.doCall(ClickKeyword.groovy:66)
java.base/jdk.internal.reflect.DirectMethodHandleAccessor.invoke(DirectMethodHandleAccessor.java:103)
jdk.proxy2/jdk.proxy2.$Proxy55.execute(Unknown Source)
com.kms.katalon.core.webui.model.SeleniumActionRetryController.performAction(SeleniumActionRetryController.java:96)
com.kms.katalon.core.webui.model.SeleniumActionRetryController.performAction(SeleniumActionRetryController.java:83)
com.kms.katalon.core.webui.keyword.internal.WebUIKeywordMain$_runKeywordUntilTimeout_closure1.doCall(WebUIKeywordMain.groovy:135)
com.kms.katalon.core.webui.keyword.internal.WebUIKeywordMain$_runKeywordUntilTimeout_closure1.call(WebUIKeywordMain.groovy)
com.kms.katalon.core.webui.keyword.internal.WebUIKeywordMain.runKeyword(WebUIKeywordMain.groovy:41)
com.kms.katalon.core.webui.keyword.internal.WebUIKeywordMain.runKeywordUntilTimeout(WebUIKeywordMain.groovy:133)
com.kms.katalon.core.webui.keyword.builtin.ClickKeyword.click(ClickKeyword.groovy:72)
com.kms.katalon.core.webui.keyword.builtin.ClickKeyword.execute(ClickKeyword.groovy:38)
com.kms.katalon.core.keyword.internal.KeywordExecutor.executeKeywordForPlatform(KeywordExecutor.groovy:95)
com.kms.katalon.core.webui.keyword.WebUiBuiltInKeywords.click(WebUiBuiltInKeywords.groovy:721)
Staff-MCBU-Submit-Task.run(Staff-MCBU-Submit-Task:99)
</property>
</record>
<record>
  <date>2026-07-21T09:03:25.698151600Z</date>
  <millis>1784624605698</millis>
  <nanos>151600</nanos>
  <sequence>807</sequence>
  <level>END</level>
  <class>com.kms.katalon.core.logging.XmlKeywordLogger</class>
  <method>endKeyword</method>
  <thread>1</thread>
  <message>End action : click(findTestObject(&amp;quot;Pilar 1/Showroom-Supplier/UAT/CBU/Staff-MCBU-Submit-Task/Page_KunjunganShowroom/Page_KunjunganShowroomQuestionAnswer/div_Unggah&amp;quot;))</message>
  <nestedLevel>1</nestedLevel>
  <escapedJava>false</escapedJava>
</record>
<record>
  <date>2026-07-21T09:03:25.699148500Z</date>
  <millis>1784624605699</millis>
  <nanos>148500</nanos>
  <sequence>808</sequence>
  <level>START</level>
  <class>com.kms.katalon.core.logging.XmlKeywordLogger</class>
  <method>startKeyword</method>
  <thread>1</thread>
  <message>Start action : delay(7)</message>
  <nestedLevel>1</nestedLevel>
  <escapedJava>false</escapedJava>
  <property name="startLine">101</property>
  <property name="stepIndex">37</property>
</record>
<record>
  <date>2026-07-21T09:03:32.705891100Z</date>
  <millis>1784624612705</millis>
  <nanos>891100</nanos>
  <sequence>811</sequence>
  <level>PASSED</level>
  <class>com.kms.katalon.core.logging.XmlKeywordLogger</class>
  <method>logMessage</method>
  <thread>1</thread>
  <message>Delayed 7 second(s)</message>
  <nestedLevel>1</nestedLevel>
  <escapedJava>false</escapedJava>
  <property name="testops-method-name">com.kms.katalon.core.keyword.builtin.DelayKeyword.delay</property>
  <property name="testops-execution-stacktrace"></property>
</record>
<record>
  <date>2026-07-21T09:03:32.707157800Z</date>
  <millis>1784624612707</millis>
  <nanos>157800</nanos>
  <sequence>812</sequence>
  <level>END</level>
  <class>com.kms.katalon.core.logging.XmlKeywordLogger</class>
  <method>endKeyword</method>
  <thread>1</thread>
  <message>End action : delay(7)</message>
  <nestedLevel>1</nestedLevel>
  <escapedJava>false</escapedJava>
</record>
<record>
  <date>2026-07-21T09:03:32.707157800Z</date>
  <millis>1784624612707</millis>
  <nanos>157800</nanos>
  <sequence>813</sequence>
  <level>START</level>
  <class>com.kms.katalon.core.logging.XmlKeywordLogger</class>
  <method>startKeyword</method>
  <thread>1</thread>
  <message>Start action : selectOptionByValue(findTestObject(&amp;quot;Pilar 1/Showroom-Supplier/UAT/CBU/Staff-MCBU-Submit-Task/Page_KunjunganShowroom/Page_KunjunganShowroomQuestionAnswer/select_Kategori Temuan&amp;quot;), &amp;quot;0&amp;quot;, false)</message>
  <nestedLevel>1</nestedLevel>
  <escapedJava>false</escapedJava>
  <property name="startLine">103</property>
  <property name="stepIndex">38</property>
</record>
<record>
  <date>2026-07-21T09:03:35.149712900Z</date>
  <millis>1784624615149</millis>
  <nanos>712900</nanos>
  <sequence>825</sequence>
  <level>PASSED</level>
  <class>com.kms.katalon.core.logging.XmlKeywordLogger</class>
  <method>logMessage</method>
  <thread>1</thread>
  <message>All options with value &amp;apos;0&amp;apos; are selected in object &amp;apos;Object Repository/Pilar 1/Showroom-Supplier/UAT/CBU/Staff-MCBU-Submit-Task/Page_KunjunganShowroom/Page_KunjunganShowroomQuestionAnswer/select_Kategori Temuan&amp;apos; </message>
  <nestedLevel>1</nestedLevel>
  <escapedJava>false</escapedJava>
  <property name="testops-method-name">com.kms.katalon.core.webui.keyword.internal.WebUIKeywordMain.runKeywordUntilTimeout</property>
  <property name="testops-execution-stacktrace">com.kms.katalon.core.logging.KeywordLogger.logPassed(KeywordLogger.java:348)
com.kms.katalon.core.logging.KeywordLogger.logPassed(KeywordLogger.java:343)
com.kms.katalon.core.webui.keyword.builtin.SelectOptionByValueKeyword$_selectOptionByValue_closure1.doCall(SelectOptionByValueKeyword.groovy:70)
java.base/jdk.internal.reflect.DirectMethodHandleAccessor.invoke(DirectMethodHandleAccessor.java:103)
jdk.proxy2/jdk.proxy2.$Proxy55.execute(Unknown Source)
com.kms.katalon.core.webui.model.SeleniumActionRetryController.performAction(SeleniumActionRetryController.java:96)
com.kms.katalon.core.webui.model.SeleniumActionRetryController.performAction(SeleniumActionRetryController.java:83)
com.kms.katalon.core.webui.keyword.internal.WebUIKeywordMain$_runKeywordUntilTimeout_closure1.doCall(WebUIKeywordMain.groovy:135)
com.kms.katalon.core.webui.keyword.internal.WebUIKeywordMain$_runKeywordUntilTimeout_closure1.call(WebUIKeywordMain.groovy)
com.kms.katalon.core.webui.keyword.internal.WebUIKeywordMain.runKeyword(WebUIKeywordMain.groovy:41)
com.kms.katalon.core.webui.keyword.internal.WebUIKeywordMain.runKeywordUntilTimeout(WebUIKeywordMain.groovy:133)
com.kms.katalon.core.webui.keyword.builtin.SelectOptionByValueKeyword.selectOptionByValue(SelectOptionByValueKeyword.groovy:79)
com.kms.katalon.core.webui.keyword.builtin.SelectOptionByValueKeyword.execute(SelectOptionByValueKeyword.groovy:44)
com.kms.katalon.core.keyword.internal.KeywordExecutor.executeKeywordForPlatform(KeywordExecutor.groovy:95)
com.kms.katalon.core.webui.keyword.WebUiBuiltInKeywords.selectOptionByValue(WebUiBuiltInKeywords.groovy:1269)
Staff-MCBU-Submit-Task.run(Staff-MCBU-Submit-Task:103)
</property>
</record>
<record>
  <date>2026-07-21T09:03:35.152036800Z</date>
  <millis>1784624615152</millis>
  <nanos>36800</nanos>
  <sequence>826</sequence>
  <level>END</level>
  <class>com.kms.katalon.core.logging.XmlKeywordLogger</class>
  <method>endKeyword</method>
  <thread>1</thread>
  <message>End action : selectOptionByValue(findTestObject(&amp;quot;Pilar 1/Showroom-Supplier/UAT/CBU/Staff-MCBU-Submit-Task/Page_KunjunganShowroom/Page_KunjunganShowroomQuestionAnswer/select_Kategori Temuan&amp;quot;), &amp;quot;0&amp;quot;, false)</message>
  <nestedLevel>1</nestedLevel>
  <escapedJava>false</escapedJava>
</record>
<record>
  <date>2026-07-21T09:03:35.152036800Z</date>
  <millis>1784624615152</millis>
  <nanos>36800</nanos>
  <sequence>827</sequence>
  <level>START</level>
  <class>com.kms.katalon.core.logging.XmlKeywordLogger</class>
  <method>startKeyword</method>
  <thread>1</thread>
  <message>Start action : click(findTestObject(&amp;quot;Pilar 1/Showroom-Supplier/UAT/CBU/Staff-MCBU-Submit-Task/Page_KunjunganShowroom/Page_KunjunganShowroomQuestionAnswer/button_Draft&amp;quot;))</message>
  <nestedLevel>1</nestedLevel>
  <escapedJava>false</escapedJava>
  <property name="startLine">106</property>
  <property name="stepIndex">39</property>
</record>
<record>
  <date>2026-07-21T09:03:35.152036800Z</date>
  <millis>1784624615152</millis>
  <nanos>36800</nanos>
  <sequence>828</sequence>
  <level>NOT_RUN</level>
  <class>com.kms.katalon.core.logging.XmlKeywordLogger</class>
  <method>logMessage</method>
  <thread>1</thread>
  <message>NOT_RUN: click(findTestObject(&amp;quot;Pilar 1/Showroom-Supplier/UAT/CBU/Staff-MCBU-Submit-Task/Page_KunjunganShowroom/Page_KunjunganShowroomQuestionAnswer/button_Draft&amp;quot;))</message>
  <nestedLevel>1</nestedLevel>
  <escapedJava>false</escapedJava>
</record>
<record>
  <date>2026-07-21T09:03:35.153419600Z</date>
  <millis>1784624615153</millis>
  <nanos>419600</nanos>
  <sequence>829</sequence>
  <level>END</level>
  <class>com.kms.katalon.core.logging.XmlKeywordLogger</class>
  <method>endKeyword</method>
  <thread>1</thread>
  <message>End action : click(findTestObject(&amp;quot;Pilar 1/Showroom-Supplier/UAT/CBU/Staff-MCBU-Submit-Task/Page_KunjunganShowroom/Page_KunjunganShowroomQuestionAnswer/button_Draft&amp;quot;))</message>
  <nestedLevel>1</nestedLevel>
  <escapedJava>false</escapedJava>
</record>
<record>
  <date>2026-07-21T09:03:35.154442300Z</date>
  <millis>1784624615154</millis>
  <nanos>442300</nanos>
  <sequence>830</sequence>
  <level>START</level>
  <class>com.kms.katalon.core.logging.XmlKeywordLogger</class>
  <method>startKeyword</method>
  <thread>1</thread>
  <message>Start action : click(findTestObject(&amp;quot;Pilar 1/Showroom-Supplier/UAT/CBU/Staff-MCBU-Submit-Task/Page_KunjunganShowroom/Page_KunjunganShowroomQuestionAnswer/button_Submit&amp;quot;))</message>
  <nestedLevel>1</nestedLevel>
  <escapedJava>false</escapedJava>
  <property name="startLine">108</property>
  <property name="stepIndex">40</property>
</record>
<record>
  <date>2026-07-21T09:03:35.782586900Z</date>
  <millis>1784624615782</millis>
  <nanos>586900</nanos>
  <sequence>841</sequence>
  <level>PASSED</level>
  <class>com.kms.katalon.core.logging.XmlKeywordLogger</class>
  <method>logMessage</method>
  <thread>1</thread>
  <message>Object: &amp;apos;Object Repository/Pilar 1/Showroom-Supplier/UAT/CBU/Staff-MCBU-Submit-Task/Page_KunjunganShowroom/Page_KunjunganShowroomQuestionAnswer/button_Submit&amp;apos; is clicked on</message>
  <nestedLevel>1</nestedLevel>
  <escapedJava>false</escapedJava>
  <property name="testops-method-name">com.kms.katalon.core.webui.keyword.internal.WebUIKeywordMain.runKeywordUntilTimeout</property>
  <property name="testops-execution-stacktrace">com.kms.katalon.core.logging.KeywordLogger.logPassed(KeywordLogger.java:348)
com.kms.katalon.core.logging.KeywordLogger.logPassed(KeywordLogger.java:343)
com.kms.katalon.core.webui.keyword.builtin.ClickKeyword$_click_closure1.doCall(ClickKeyword.groovy:66)
java.base/jdk.internal.reflect.DirectMethodHandleAccessor.invoke(DirectMethodHandleAccessor.java:103)
jdk.proxy2/jdk.proxy2.$Proxy55.execute(Unknown Source)
com.kms.katalon.core.webui.model.SeleniumActionRetryController.performAction(SeleniumActionRetryController.java:96)
com.kms.katalon.core.webui.model.SeleniumActionRetryController.performAction(SeleniumActionRetryController.java:83)
com.kms.katalon.core.webui.keyword.internal.WebUIKeywordMain$_runKeywordUntilTimeout_closure1.doCall(WebUIKeywordMain.groovy:135)
com.kms.katalon.core.webui.keyword.internal.WebUIKeywordMain$_runKeywordUntilTimeout_closure1.call(WebUIKeywordMain.groovy)
com.kms.katalon.core.webui.keyword.internal.WebUIKeywordMain.runKeyword(WebUIKeywordMain.groovy:41)
com.kms.katalon.core.webui.keyword.internal.WebUIKeywordMain.runKeywordUntilTimeout(WebUIKeywordMain.groovy:133)
com.kms.katalon.core.webui.keyword.builtin.ClickKeyword.click(ClickKeyword.groovy:72)
com.kms.katalon.core.webui.keyword.builtin.ClickKeyword.execute(ClickKeyword.groovy:38)
com.kms.katalon.core.keyword.internal.KeywordExecutor.executeKeywordForPlatform(KeywordExecutor.groovy:95)
com.kms.katalon.core.webui.keyword.WebUiBuiltInKeywords.click(WebUiBuiltInKeywords.groovy:721)
Staff-MCBU-Submit-Task.run(Staff-MCBU-Submit-Task:108)
</property>
</record>
<record>
  <date>2026-07-21T09:03:35.783646300Z</date>
  <millis>1784624615783</millis>
  <nanos>646300</nanos>
  <sequence>842</sequence>
  <level>END</level>
  <class>com.kms.katalon.core.logging.XmlKeywordLogger</class>
  <method>endKeyword</method>
  <thread>1</thread>
  <message>End action : click(findTestObject(&amp;quot;Pilar 1/Showroom-Supplier/UAT/CBU/Staff-MCBU-Submit-Task/Page_KunjunganShowroom/Page_KunjunganShowroomQuestionAnswer/button_Submit&amp;quot;))</message>
  <nestedLevel>1</nestedLevel>
  <escapedJava>false</escapedJava>
</record>
<record>
  <date>2026-07-21T09:03:35.783646300Z</date>
  <millis>1784624615783</millis>
  <nanos>646300</nanos>
  <sequence>843</sequence>
  <level>START</level>
  <class>com.kms.katalon.core.logging.XmlKeywordLogger</class>
  <method>startKeyword</method>
  <thread>1</thread>
  <message>Start action : click(findTestObject(&amp;quot;Pilar 1/Showroom-Supplier/UAT/CBU/Staff-MCBU-Submit-Task/Page_KunjunganShowroom/Page_KunjunganShowroomQuestionAnswer/button_Submit_PopUp&amp;quot;))</message>
  <nestedLevel>1</nestedLevel>
  <escapedJava>false</escapedJava>
  <property name="startLine">110</property>
  <property name="stepIndex">41</property>
</record>
<record>
  <date>2026-07-21T09:03:36.159734500Z</date>
  <millis>1784624616159</millis>
  <nanos>734500</nanos>
  <sequence>854</sequence>
  <level>PASSED</level>
  <class>com.kms.katalon.core.logging.XmlKeywordLogger</class>
  <method>logMessage</method>
  <thread>1</thread>
  <message>Object: &amp;apos;Object Repository/Pilar 1/Showroom-Supplier/UAT/CBU/Staff-MCBU-Submit-Task/Page_KunjunganShowroom/Page_KunjunganShowroomQuestionAnswer/button_Submit_PopUp&amp;apos; is clicked on</message>
  <nestedLevel>1</nestedLevel>
  <escapedJava>false</escapedJava>
  <property name="testops-method-name">com.kms.katalon.core.webui.keyword.internal.WebUIKeywordMain.runKeywordUntilTimeout</property>
  <property name="testops-execution-stacktrace">com.kms.katalon.core.logging.KeywordLogger.logPassed(KeywordLogger.java:348)
com.kms.katalon.core.logging.KeywordLogger.logPassed(KeywordLogger.java:343)
com.kms.katalon.core.webui.keyword.builtin.ClickKeyword$_click_closure1.doCall(ClickKeyword.groovy:66)
java.base/jdk.internal.reflect.DirectMethodHandleAccessor.invoke(DirectMethodHandleAccessor.java:103)
jdk.proxy2/jdk.proxy2.$Proxy55.execute(Unknown Source)
com.kms.katalon.core.webui.model.SeleniumActionRetryController.performAction(SeleniumActionRetryController.java:96)
com.kms.katalon.core.webui.model.SeleniumActionRetryController.performAction(SeleniumActionRetryController.java:83)
com.kms.katalon.core.webui.keyword.internal.WebUIKeywordMain$_runKeywordUntilTimeout_closure1.doCall(WebUIKeywordMain.groovy:135)
com.kms.katalon.core.webui.keyword.internal.WebUIKeywordMain$_runKeywordUntilTimeout_closure1.call(WebUIKeywordMain.groovy)
com.kms.katalon.core.webui.keyword.internal.WebUIKeywordMain.runKeyword(WebUIKeywordMain.groovy:41)
com.kms.katalon.core.webui.keyword.internal.WebUIKeywordMain.runKeywordUntilTimeout(WebUIKeywordMain.groovy:133)
com.kms.katalon.core.webui.keyword.builtin.ClickKeyword.click(ClickKeyword.groovy:72)
com.kms.katalon.core.webui.keyword.builtin.ClickKeyword.execute(ClickKeyword.groovy:38)
com.kms.katalon.core.keyword.internal.KeywordExecutor.executeKeywordForPlatform(KeywordExecutor.groovy:95)
com.kms.katalon.core.webui.keyword.WebUiBuiltInKeywords.click(WebUiBuiltInKeywords.groovy:721)
Staff-MCBU-Submit-Task.run(Staff-MCBU-Submit-Task:110)
</property>
</record>
<record>
  <date>2026-07-21T09:03:36.164127500Z</date>
  <millis>1784624616164</millis>
  <nanos>127500</nanos>
  <sequence>855</sequence>
  <level>END</level>
  <class>com.kms.katalon.core.logging.XmlKeywordLogger</class>
  <method>endKeyword</method>
  <thread>1</thread>
  <message>End action : click(findTestObject(&amp;quot;Pilar 1/Showroom-Supplier/UAT/CBU/Staff-MCBU-Submit-Task/Page_KunjunganShowroom/Page_KunjunganShowroomQuestionAnswer/button_Submit_PopUp&amp;quot;))</message>
  <nestedLevel>1</nestedLevel>
  <escapedJava>false</escapedJava>
</record>
<record>
  <date>2026-07-21T09:03:36.165126500Z</date>
  <millis>1784624616165</millis>
  <nanos>126500</nanos>
  <sequence>856</sequence>
  <level>START</level>
  <class>com.kms.katalon.core.logging.XmlKeywordLogger</class>
  <method>startKeyword</method>
  <thread>1</thread>
  <message>Start action : delay(5)</message>
  <nestedLevel>1</nestedLevel>
  <escapedJava>false</escapedJava>
  <property name="startLine">112</property>
  <property name="stepIndex">42</property>
</record>
<record>
  <date>2026-07-21T09:03:41.171098900Z</date>
  <millis>1784624621171</millis>
  <nanos>98900</nanos>
  <sequence>859</sequence>
  <level>PASSED</level>
  <class>com.kms.katalon.core.logging.XmlKeywordLogger</class>
  <method>logMessage</method>
  <thread>1</thread>
  <message>Delayed 5 second(s)</message>
  <nestedLevel>1</nestedLevel>
  <escapedJava>false</escapedJava>
  <property name="testops-method-name">com.kms.katalon.core.keyword.builtin.DelayKeyword.delay</property>
  <property name="testops-execution-stacktrace"></property>
</record>
<record>
  <date>2026-07-21T09:03:41.172345600Z</date>
  <millis>1784624621172</millis>
  <nanos>345600</nanos>
  <sequence>860</sequence>
  <level>END</level>
  <class>com.kms.katalon.core.logging.XmlKeywordLogger</class>
  <method>endKeyword</method>
  <thread>1</thread>
  <message>End action : delay(5)</message>
  <nestedLevel>1</nestedLevel>
  <escapedJava>false</escapedJava>
</record>
<record>
  <date>2026-07-21T09:03:41.172345600Z</date>
  <millis>1784624621172</millis>
  <nanos>345600</nanos>
  <sequence>861</sequence>
  <level>START</level>
  <class>com.kms.katalon.core.logging.XmlKeywordLogger</class>
  <method>startKeyword</method>
  <thread>1</thread>
  <message>Start action : click(findTestObject(&amp;quot;Pilar 1/Showroom-Supplier/UAT/CBU/Staff-MCBU-Submit-Task/Page_Home/span_Kunjungan Showroom&amp;quot;))</message>
  <nestedLevel>1</nestedLevel>
  <escapedJava>false</escapedJava>
  <property name="startLine">114</property>
  <property name="stepIndex">43</property>
</record>
<record>
  <date>2026-07-21T09:03:41.597128300Z</date>
  <millis>1784624621597</millis>
  <nanos>128300</nanos>
  <sequence>872</sequence>
  <level>PASSED</level>
  <class>com.kms.katalon.core.logging.XmlKeywordLogger</class>
  <method>logMessage</method>
  <thread>1</thread>
  <message>Object: &amp;apos;Object Repository/Pilar 1/Showroom-Supplier/UAT/CBU/Staff-MCBU-Submit-Task/Page_Home/span_Kunjungan Showroom&amp;apos; is clicked on</message>
  <nestedLevel>1</nestedLevel>
  <escapedJava>false</escapedJava>
  <property name="testops-method-name">com.kms.katalon.core.webui.keyword.internal.WebUIKeywordMain.runKeywordUntilTimeout</property>
  <property name="testops-execution-stacktrace">com.kms.katalon.core.logging.KeywordLogger.logPassed(KeywordLogger.java:348)
com.kms.katalon.core.logging.KeywordLogger.logPassed(KeywordLogger.java:343)
com.kms.katalon.core.webui.keyword.builtin.ClickKeyword$_click_closure1.doCall(ClickKeyword.groovy:66)
java.base/jdk.internal.reflect.DirectMethodHandleAccessor.invoke(DirectMethodHandleAccessor.java:103)
jdk.proxy2/jdk.proxy2.$Proxy55.execute(Unknown Source)
com.kms.katalon.core.webui.model.SeleniumActionRetryController.performAction(SeleniumActionRetryController.java:96)
com.kms.katalon.core.webui.model.SeleniumActionRetryController.performAction(SeleniumActionRetryController.java:83)
com.kms.katalon.core.webui.keyword.internal.WebUIKeywordMain$_runKeywordUntilTimeout_closure1.doCall(WebUIKeywordMain.groovy:135)
com.kms.katalon.core.webui.keyword.internal.WebUIKeywordMain$_runKeywordUntilTimeout_closure1.call(WebUIKeywordMain.groovy)
com.kms.katalon.core.webui.keyword.internal.WebUIKeywordMain.runKeyword(WebUIKeywordMain.groovy:41)
com.kms.katalon.core.webui.keyword.internal.WebUIKeywordMain.runKeywordUntilTimeout(WebUIKeywordMain.groovy:133)
com.kms.katalon.core.webui.keyword.builtin.ClickKeyword.click(ClickKeyword.groovy:72)
com.kms.katalon.core.webui.keyword.builtin.ClickKeyword.execute(ClickKeyword.groovy:38)
com.kms.katalon.core.keyword.internal.KeywordExecutor.executeKeywordForPlatform(KeywordExecutor.groovy:95)
com.kms.katalon.core.webui.keyword.WebUiBuiltInKeywords.click(WebUiBuiltInKeywords.groovy:721)
Staff-MCBU-Submit-Task.run(Staff-MCBU-Submit-Task:114)
</property>
</record>
<record>
  <date>2026-07-21T09:03:41.598125400Z</date>
  <millis>1784624621598</millis>
  <nanos>125400</nanos>
  <sequence>873</sequence>
  <level>END</level>
  <class>com.kms.katalon.core.logging.XmlKeywordLogger</class>
  <method>endKeyword</method>
  <thread>1</thread>
  <message>End action : click(findTestObject(&amp;quot;Pilar 1/Showroom-Supplier/UAT/CBU/Staff-MCBU-Submit-Task/Page_Home/span_Kunjungan Showroom&amp;quot;))</message>
  <nestedLevel>1</nestedLevel>
  <escapedJava>false</escapedJava>
</record>
<record>
  <date>2026-07-21T09:03:41.599382200Z</date>
  <millis>1784624621599</millis>
  <nanos>382200</nanos>
  <sequence>874</sequence>
  <level>START</level>
  <class>com.kms.katalon.core.logging.XmlKeywordLogger</class>
  <method>startKeyword</method>
  <thread>1</thread>
  <message>Start action : setText(findTestObject(&amp;quot;Pilar 1/Showroom-Supplier/UAT/CBU/Staff-MCBU-Submit-Task/Page_KunjunganShowroom/input_TextSearch&amp;quot;), &amp;quot;CBU/P1.3/07/26/014&amp;quot;)</message>
  <nestedLevel>1</nestedLevel>
  <escapedJava>false</escapedJava>
  <property name="startLine">116</property>
  <property name="stepIndex">44</property>
</record>
<record>
  <date>2026-07-21T09:03:41.600395400Z</date>
  <millis>1784624621600</millis>
  <nanos>395400</nanos>
  <sequence>875</sequence>
  <level>NOT_RUN</level>
  <class>com.kms.katalon.core.logging.XmlKeywordLogger</class>
  <method>logMessage</method>
  <thread>1</thread>
  <message>NOT_RUN: setText(findTestObject(&amp;quot;Pilar 1/Showroom-Supplier/UAT/CBU/Staff-MCBU-Submit-Task/Page_KunjunganShowroom/input_TextSearch&amp;quot;), &amp;quot;CBU/P1.3/07/26/014&amp;quot;)</message>
  <nestedLevel>1</nestedLevel>
  <escapedJava>false</escapedJava>
</record>
<record>
  <date>2026-07-21T09:03:41.602452300Z</date>
  <millis>1784624621602</millis>
  <nanos>452300</nanos>
  <sequence>876</sequence>
  <level>END</level>
  <class>com.kms.katalon.core.logging.XmlKeywordLogger</class>
  <method>endKeyword</method>
  <thread>1</thread>
  <message>End action : setText(findTestObject(&amp;quot;Pilar 1/Showroom-Supplier/UAT/CBU/Staff-MCBU-Submit-Task/Page_KunjunganShowroom/input_TextSearch&amp;quot;), &amp;quot;CBU/P1.3/07/26/014&amp;quot;)</message>
  <nestedLevel>1</nestedLevel>
  <escapedJava>false</escapedJava>
</record>
<record>
  <date>2026-07-21T09:03:41.602452300Z</date>
  <millis>1784624621602</millis>
  <nanos>452300</nanos>
  <sequence>877</sequence>
  <level>START</level>
  <class>com.kms.katalon.core.logging.XmlKeywordLogger</class>
  <method>startKeyword</method>
  <thread>1</thread>
  <message>Start action : click(findTestObject(&amp;quot;Pilar 1/Showroom-Supplier/UAT/CBU/Staff-MCBU-Submit-Task/Page_KunjunganShowroom/div_IconSearch&amp;quot;))</message>
  <nestedLevel>1</nestedLevel>
  <escapedJava>false</escapedJava>
  <property name="startLine">119</property>
  <property name="stepIndex">45</property>
</record>
<record>
  <date>2026-07-21T09:03:41.604770Z</date>
  <millis>1784624621604</millis>
  <nanos>770000</nanos>
  <sequence>878</sequence>
  <level>NOT_RUN</level>
  <class>com.kms.katalon.core.logging.XmlKeywordLogger</class>
  <method>logMessage</method>
  <thread>1</thread>
  <message>NOT_RUN: click(findTestObject(&amp;quot;Pilar 1/Showroom-Supplier/UAT/CBU/Staff-MCBU-Submit-Task/Page_KunjunganShowroom/div_IconSearch&amp;quot;))</message>
  <nestedLevel>1</nestedLevel>
  <escapedJava>false</escapedJava>
</record>
<record>
  <date>2026-07-21T09:03:41.604770Z</date>
  <millis>1784624621604</millis>
  <nanos>770000</nanos>
  <sequence>879</sequence>
  <level>END</level>
  <class>com.kms.katalon.core.logging.XmlKeywordLogger</class>
  <method>endKeyword</method>
  <thread>1</thread>
  <message>End action : click(findTestObject(&amp;quot;Pilar 1/Showroom-Supplier/UAT/CBU/Staff-MCBU-Submit-Task/Page_KunjunganShowroom/div_IconSearch&amp;quot;))</message>
  <nestedLevel>1</nestedLevel>
  <escapedJava>false</escapedJava>
</record>
<record>
  <date>2026-07-21T09:03:41.605766300Z</date>
  <millis>1784624621605</millis>
  <nanos>766300</nanos>
  <sequence>880</sequence>
  <level>PASSED</level>
  <class>com.kms.katalon.core.logging.XmlKeywordLogger</class>
  <method>logMessage</method>
  <thread>1</thread>
  <message>Test Cases/Pilar 1/Showroom-Supplier/UAT/CBU/Staff-MCBU-Submit-Task</message>
  <nestedLevel>1</nestedLevel>
  <escapedJava>false</escapedJava>
</record>
<record>
  <date>2026-07-21T09:03:41.607273200Z</date>
  <millis>1784624621607</millis>
  <nanos>273200</nanos>
  <sequence>881</sequence>
  <level>END</level>
  <class>com.kms.katalon.core.logging.XmlKeywordLogger</class>
  <method>endTest</method>
  <thread>1</thread>
  <message>End Test Case : Test Cases/Pilar 1/Showroom-Supplier/UAT/CBU/Staff-MCBU-Submit-Task</message>
  <nestedLevel>0</nestedLevel>
  <escapedJava>false</escapedJava>
  <property name="executionBindingVariables">[
  {
    &quot;value&quot;: &quot;C:\\Users\\PPU\\Downloads\\Tester File\\Lorem1_PDF.pdf&quot;,
    &quot;isDefault&quot;: true,
    &quot;name&quot;: &quot;Lorem&quot;,
    &quot;masked&quot;: false
  }
]</property>
  <property name="applitools">false</property>
  <property name="executedKeywords">{
  &quot;WebUI.setEncryptedText&quot;: 1,
  &quot;WebUI.switchToWindowTitle&quot;: 2,
  &quot;WebUI.waitForElementVisible&quot;: 1,
  &quot;WebUI.click&quot;: 21,
  &quot;WebUI.selectOptionByValue&quot;: 1,
  &quot;BuiltIn.callTestCase&quot;: 1,
  &quot;WebUI.openBrowser&quot;: 1,
  &quot;BuiltIn.delay&quot;: 8,
  &quot;WebUI.setText&quot;: 8
}</property>
  <property name="keywordsUsage">{
  &quot;web_ui&quot;: true,
  &quot;web_service&quot;: false,
  &quot;cucumber&quot;: false,
  &quot;builtin&quot;: true,
  &quot;mobile&quot;: false,
  &quot;windows&quot;: false,
  &quot;testng&quot;: false
}</property>
</record>
<record>
  <date>2026-07-21T09:03:41.617121300Z</date>
  <millis>1784624621617</millis>
  <nanos>121300</nanos>
  <sequence>882</sequence>
  <level>START</level>
  <class>com.kms.katalon.core.logging.XmlKeywordLogger</class>
  <method>startTest</method>
  <thread>1</thread>
  <message>Start Test Case : Test Cases/Pilar 1/Showroom-Supplier/UAT/CBU/SPV-CBU-Persetujuan</message>
  <nestedLevel>1</nestedLevel>
  <escapedJava>false</escapedJava>
  <property name="origin"></property>
  <property name="name">Test Cases/Pilar 1/Showroom-Supplier/UAT/CBU/SPV-CBU-Persetujuan</property>
  <property name="description"></property>
  <property name="iteration"></property>
  <property name="id">Test Cases/Pilar 1/Showroom-Supplier/UAT/CBU/SPV-CBU-Persetujuan</property>
  <property name="source">C:\Users\Syarifah Risyani\git\Pilar 1\CSUL-Pilar-1\Test Cases\Pilar 1\Showroom-Supplier\UAT\CBU\SPV-CBU-Persetujuan.tc</property>
  <property name="tag"></property>
  <property name="isOptional">false</property>
  <property name="uuid">80a3ee21-c62e-44b4-9e4f-041df0697358</property>
</record>
<record>
  <date>2026-07-21T09:03:41.641297900Z</date>
  <millis>1784624621641</millis>
  <nanos>297900</nanos>
  <sequence>884</sequence>
  <level>RUN_DATA</level>
  <class>com.kms.katalon.core.logging.XmlKeywordLogger</class>
  <method>logMessage</method>
  <thread>1</thread>
  <message>executionBindingVariables = []</message>
  <nestedLevel>1</nestedLevel>
  <escapedJava>false</escapedJava>
  <property name="executionBindingVariables">[]</property>
</record>
<record>
  <date>2026-07-21T09:03:41.764304200Z</date>
  <millis>1784624621764</millis>
  <nanos>304200</nanos>
  <sequence>885</sequence>
  <level>START</level>
  <class>com.kms.katalon.core.logging.XmlKeywordLogger</class>
  <method>startKeyword</method>
  <thread>1</thread>
  <message>Start action : callTestCase(findTestCase(&amp;quot;Pilar 1/Login/UAT/SPV-CBU&amp;quot;), [:], STOP_ON_FAILURE)</message>
  <nestedLevel>1</nestedLevel>
  <escapedJava>false</escapedJava>
  <property name="startLine">20</property>
  <property name="stepIndex">1</property>
</record>
<record>
  <date>2026-07-21T09:03:41.889629100Z</date>
  <millis>1784624621889</millis>
  <nanos>629100</nanos>
  <sequence>889</sequence>
  <level>START</level>
  <class>com.kms.katalon.core.logging.XmlKeywordLogger</class>
  <method>startTest</method>
  <thread>1</thread>
  <message>Start Test Case : Test Cases/Pilar 1/Login/UAT/SPV-CBU</message>
  <nestedLevel>2</nestedLevel>
  <escapedJava>false</escapedJava>
  <property name="origin"></property>
  <property name="name">Test Cases/Pilar 1/Login/UAT/SPV-CBU</property>
  <property name="description"></property>
  <property name="iteration"></property>
  <property name="id">Test Cases/Pilar 1/Login/UAT/SPV-CBU</property>
  <property name="source">C:\Users\Syarifah Risyani\git\Pilar 1\CSUL-Pilar-1\Test Cases\Pilar 1\Login\UAT\SPV-CBU.tc</property>
  <property name="tag"></property>
  <property name="isOptional">false</property>
</record>
<record>
  <date>2026-07-21T09:03:41.915940700Z</date>
  <millis>1784624621915</millis>
  <nanos>940700</nanos>
  <sequence>891</sequence>
  <level>RUN_DATA</level>
  <class>com.kms.katalon.core.logging.XmlKeywordLogger</class>
  <method>logMessage</method>
  <thread>1</thread>
  <message>executionBindingVariables = []</message>
  <nestedLevel>2</nestedLevel>
  <escapedJava>false</escapedJava>
  <property name="executionBindingVariables">[]</property>
</record>
<record>
  <date>2026-07-21T09:03:41.918290700Z</date>
  <millis>1784624621918</millis>
  <nanos>290700</nanos>
  <sequence>892</sequence>
  <level>START</level>
  <class>com.kms.katalon.core.logging.XmlKeywordLogger</class>
  <method>startKeyword</method>
  <thread>1</thread>
  <message>Start action : openBrowser(&amp;quot;https://sakti-test.csulfinance.com/CSULFoundation_Login/Login&amp;quot;)</message>
  <nestedLevel>1</nestedLevel>
  <escapedJava>false</escapedJava>
  <property name="startLine">20</property>
  <property name="stepIndex">1</property>
</record>
<record>
  <date>2026-07-21T09:03:41.922894700Z</date>
  <millis>1784624621922</millis>
  <nanos>894700</nanos>
  <sequence>895</sequence>
  <level>WARNING</level>
  <class>com.kms.katalon.core.logging.XmlKeywordLogger</class>
  <method>logMessage</method>
  <thread>1</thread>
  <message>A browser is already opened. Closing browser and opening a new one</message>
  <nestedLevel>2</nestedLevel>
  <escapedJava>false</escapedJava>
</record>
<record>
  <date>2026-07-21T09:03:42.450155800Z</date>
  <millis>1784624622450</millis>
  <nanos>155800</nanos>
  <sequence>896</sequence>
  <level>INFO</level>
  <class>com.kms.katalon.core.logging.XmlKeywordLogger</class>
  <method>logMessage</method>
  <thread>1</thread>
  <message>Starting &amp;apos;Chrome&amp;apos; driver</message>
  <nestedLevel>2</nestedLevel>
  <escapedJava>false</escapedJava>
</record>
<record>
  <date>2026-07-21T09:03:42.452464100Z</date>
  <millis>1784624622452</millis>
  <nanos>464100</nanos>
  <sequence>897</sequence>
  <level>INFO</level>
  <class>com.kms.katalon.core.logging.XmlKeywordLogger</class>
  <method>logMessage</method>
  <thread>1</thread>
  <message>Action delay is set to 0 milliseconds</message>
  <nestedLevel>2</nestedLevel>
  <escapedJava>false</escapedJava>
</record>
<record>
  <date>2026-07-21T09:03:43.535400Z</date>
  <millis>1784624623535</millis>
  <nanos>400000</nanos>
  <sequence>900</sequence>
  <level>RUN_DATA</level>
  <class>com.kms.katalon.core.logging.XmlKeywordLogger</class>
  <method>logMessage</method>
  <thread>1</thread>
  <message>sessionId = 394ed521f569531b789448720c9d2681</message>
  <nestedLevel>2</nestedLevel>
  <escapedJava>false</escapedJava>
  <property name="sessionId">394ed521f569531b789448720c9d2681</property>
</record>
<record>
  <date>2026-07-21T09:03:43.535904Z</date>
  <millis>1784624623535</millis>
  <nanos>904000</nanos>
  <sequence>901</sequence>
  <level>RUN_DATA</level>
  <class>com.kms.katalon.core.logging.XmlKeywordLogger</class>
  <method>logMessage</method>
  <thread>1</thread>
  <message>browser = Chrome 150.0.7871.128</message>
  <nestedLevel>2</nestedLevel>
  <escapedJava>false</escapedJava>
  <property name="browser">Chrome 150.0.7871.128</property>
</record>
<record>
  <date>2026-07-21T09:03:43.535904Z</date>
  <millis>1784624623535</millis>
  <nanos>904000</nanos>
  <sequence>902</sequence>
  <level>RUN_DATA</level>
  <class>com.kms.katalon.core.logging.XmlKeywordLogger</class>
  <method>logMessage</method>
  <thread>1</thread>
  <message>platform = Windows 11</message>
  <nestedLevel>2</nestedLevel>
  <escapedJava>false</escapedJava>
  <property name="platform">Windows 11</property>
</record>
<record>
  <date>2026-07-21T09:03:43.535904Z</date>
  <millis>1784624623535</millis>
  <nanos>904000</nanos>
  <sequence>903</sequence>
  <level>RUN_DATA</level>
  <class>com.kms.katalon.core.logging.XmlKeywordLogger</class>
  <method>logMessage</method>
  <thread>1</thread>
  <message>seleniumVersion = 4.39.0</message>
  <nestedLevel>2</nestedLevel>
  <escapedJava>false</escapedJava>
  <property name="seleniumVersion">4.39.0</property>
</record>
<record>
  <date>2026-07-21T09:03:43.536919400Z</date>
  <millis>1784624623536</millis>
  <nanos>919400</nanos>
  <sequence>904</sequence>
  <level>RUN_DATA</level>
  <class>com.kms.katalon.core.logging.XmlKeywordLogger</class>
  <method>logMessage</method>
  <thread>1</thread>
  <message>proxyInformation = ProxyInformation { proxyOption=NO_PROXY, proxyServerType=HTTP, username=, password=********, proxyServerAddress=, proxyServerPort=0, executionList=&amp;quot;&amp;quot;, isApplyToDesiredCapabilities=true }</message>
  <nestedLevel>2</nestedLevel>
  <escapedJava>false</escapedJava>
  <property name="proxyInformation">ProxyInformation { proxyOption=NO_PROXY, proxyServerType=HTTP, username=, password=********, proxyServerAddress=, proxyServerPort=0, executionList=&quot;&quot;, isApplyToDesiredCapabilities=true }</property>
</record>
<record>
  <date>2026-07-21T09:03:44.134811300Z</date>
  <millis>1784624624134</millis>
  <nanos>811300</nanos>
  <sequence>906</sequence>
  <level>PASSED</level>
  <class>com.kms.katalon.core.logging.XmlKeywordLogger</class>
  <method>logMessage</method>
  <thread>1</thread>
  <message>Browser is opened with url: &amp;apos;https://sakti-test.csulfinance.com/CSULFoundation_Login/Login&amp;apos;</message>
  <nestedLevel>2</nestedLevel>
  <escapedJava>false</escapedJava>
  <property name="testops-method-name">com.kms.katalon.core.webui.keyword.builtin.OpenBrowserKeyword.openBrowser</property>
  <property name="testops-execution-stacktrace"></property>
</record>
<record>
  <date>2026-07-21T09:03:44.136314900Z</date>
  <millis>1784624624136</millis>
  <nanos>314900</nanos>
  <sequence>907</sequence>
  <level>END</level>
  <class>com.kms.katalon.core.logging.XmlKeywordLogger</class>
  <method>endKeyword</method>
  <thread>1</thread>
  <message>End action : openBrowser(&amp;quot;https://sakti-test.csulfinance.com/CSULFoundation_Login/Login&amp;quot;)</message>
  <nestedLevel>1</nestedLevel>
  <escapedJava>false</escapedJava>
</record>
<record>
  <date>2026-07-21T09:03:44.136314900Z</date>
  <millis>1784624624136</millis>
  <nanos>314900</nanos>
  <sequence>908</sequence>
  <level>START</level>
  <class>com.kms.katalon.core.logging.XmlKeywordLogger</class>
  <method>startKeyword</method>
  <thread>1</thread>
  <message>Start action : maximizeWindow()</message>
  <nestedLevel>1</nestedLevel>
  <escapedJava>false</escapedJava>
  <property name="startLine">22</property>
  <property name="stepIndex">2</property>
</record>
<record>
  <date>2026-07-21T09:03:44.200192Z</date>
  <millis>1784624624200</millis>
  <nanos>192000</nanos>
  <sequence>911</sequence>
  <level>PASSED</level>
  <class>com.kms.katalon.core.logging.XmlKeywordLogger</class>
  <method>logMessage</method>
  <thread>1</thread>
  <message>Current window maximized</message>
  <nestedLevel>2</nestedLevel>
  <escapedJava>false</escapedJava>
  <property name="testops-method-name">com.kms.katalon.core.webui.keyword.builtin.MaximizeWindowKeyword.maximizeWindow</property>
  <property name="testops-execution-stacktrace"></property>
</record>
<record>
  <date>2026-07-21T09:03:44.200192Z</date>
  <millis>1784624624200</millis>
  <nanos>192000</nanos>
  <sequence>912</sequence>
  <level>END</level>
  <class>com.kms.katalon.core.logging.XmlKeywordLogger</class>
  <method>endKeyword</method>
  <thread>1</thread>
  <message>End action : maximizeWindow()</message>
  <nestedLevel>1</nestedLevel>
  <escapedJava>false</escapedJava>
</record>
<record>
  <date>2026-07-21T09:03:44.200192Z</date>
  <millis>1784624624200</millis>
  <nanos>192000</nanos>
  <sequence>913</sequence>
  <level>START</level>
  <class>com.kms.katalon.core.logging.XmlKeywordLogger</class>
  <method>startKeyword</method>
  <thread>1</thread>
  <message>Start action : waitForElementVisible(findTestObject(&amp;quot;Pilar 1/Login/UAT/Page_Login/input_Username&amp;quot;), 10)</message>
  <nestedLevel>1</nestedLevel>
  <escapedJava>false</escapedJava>
  <property name="startLine">24</property>
  <property name="stepIndex">3</property>
</record>
<record>
  <date>2026-07-21T09:03:47.795914400Z</date>
  <millis>1784624627795</millis>
  <nanos>914400</nanos>
  <sequence>920</sequence>
  <level>PASSED</level>
  <class>com.kms.katalon.core.logging.XmlKeywordLogger</class>
  <method>logMessage</method>
  <thread>1</thread>
  <message>Object &amp;apos;Object Repository/Pilar 1/Login/UAT/Page_Login/input_Username&amp;apos; is visible</message>
  <nestedLevel>2</nestedLevel>
  <escapedJava>false</escapedJava>
  <property name="testops-method-name">com.kms.katalon.core.webui.keyword.internal.WebUIKeywordMain.runKeywordUntilTimeout</property>
  <property name="testops-execution-stacktrace">com.kms.katalon.core.logging.KeywordLogger.logPassed(KeywordLogger.java:348)
com.kms.katalon.core.logging.KeywordLogger.logPassed(KeywordLogger.java:343)
com.kms.katalon.core.logging.KeywordLogger$logPassed$0.call(Unknown Source)
com.kms.katalon.core.webui.keyword.builtin.WaitForElementVisibleKeyword$_waitForElementVisible_closure1.doCall(WaitForElementVisibleKeyword.groovy:86)
java.base/jdk.internal.reflect.DirectMethodHandleAccessor.invoke(DirectMethodHandleAccessor.java:103)
jdk.proxy2/jdk.proxy2.$Proxy55.execute(Unknown Source)
com.kms.katalon.core.webui.model.SeleniumActionRetryController.performAction(SeleniumActionRetryController.java:96)
com.kms.katalon.core.webui.model.SeleniumActionRetryController.performAction(SeleniumActionRetryController.java:83)
com.kms.katalon.core.webui.keyword.internal.WebUIKeywordMain$_runKeywordUntilTimeout_closure2.doCall(WebUIKeywordMain.groovy:155)
com.kms.katalon.core.webui.keyword.internal.WebUIKeywordMain$_runKeywordUntilTimeout_closure2.call(WebUIKeywordMain.groovy)
com.kms.katalon.core.webui.keyword.internal.WebUIKeywordMain.runKeyword(WebUIKeywordMain.groovy:41)
com.kms.katalon.core.webui.keyword.internal.WebUIKeywordMain.runKeywordUntilTimeout(WebUIKeywordMain.groovy:152)
com.kms.katalon.core.webui.keyword.internal.WebUIKeywordMain$runKeywordUntilTimeout.call(Unknown Source)
com.kms.katalon.core.webui.keyword.builtin.WaitForElementVisibleKeyword.waitForElementVisible(WaitForElementVisibleKeyword.groovy:101)
com.kms.katalon.core.webui.keyword.builtin.WaitForElementVisibleKeyword.execute(WaitForElementVisibleKeyword.groovy:69)
com.kms.katalon.core.keyword.internal.KeywordExecutor.executeKeywordForPlatform(KeywordExecutor.groovy:95)
com.kms.katalon.core.webui.keyword.WebUiBuiltInKeywords.waitForElementVisible(WebUiBuiltInKeywords.groovy:514)
SPV-CBU.run(SPV-CBU:24)
</property>
</record>
<record>
  <date>2026-07-21T09:03:47.795914400Z</date>
  <millis>1784624627795</millis>
  <nanos>914400</nanos>
  <sequence>921</sequence>
  <level>END</level>
  <class>com.kms.katalon.core.logging.XmlKeywordLogger</class>
  <method>endKeyword</method>
  <thread>1</thread>
  <message>End action : waitForElementVisible(findTestObject(&amp;quot;Pilar 1/Login/UAT/Page_Login/input_Username&amp;quot;), 10)</message>
  <nestedLevel>1</nestedLevel>
  <escapedJava>false</escapedJava>
</record>
<record>
  <date>2026-07-21T09:03:47.795914400Z</date>
  <millis>1784624627795</millis>
  <nanos>914400</nanos>
  <sequence>922</sequence>
  <level>START</level>
  <class>com.kms.katalon.core.logging.XmlKeywordLogger</class>
  <method>startKeyword</method>
  <thread>1</thread>
  <message>Start action : setText(findTestObject(&amp;quot;Pilar 1/Login/UAT/Page_Login/input_Username&amp;quot;), &amp;quot;adhy.surnanto&amp;quot;)</message>
  <nestedLevel>1</nestedLevel>
  <escapedJava>false</escapedJava>
  <property name="startLine">26</property>
  <property name="stepIndex">4</property>
</record>
<record>
  <date>2026-07-21T09:03:48.449853100Z</date>
  <millis>1784624628449</millis>
  <nanos>853100</nanos>
  <sequence>936</sequence>
  <level>PASSED</level>
  <class>com.kms.katalon.core.logging.XmlKeywordLogger</class>
  <method>logMessage</method>
  <thread>1</thread>
  <message>Text &amp;apos;adhy.surnanto&amp;apos; is set on object &amp;apos;Object Repository/Pilar 1/Login/UAT/Page_Login/input_Username&amp;apos;</message>
  <nestedLevel>2</nestedLevel>
  <escapedJava>false</escapedJava>
  <property name="testops-method-name">com.kms.katalon.core.webui.keyword.internal.WebUIKeywordMain.runKeywordUntilTimeout</property>
  <property name="testops-execution-stacktrace">com.kms.katalon.core.logging.KeywordLogger.logPassed(KeywordLogger.java:348)
com.kms.katalon.core.logging.KeywordLogger.logPassed(KeywordLogger.java:343)
com.kms.katalon.core.webui.keyword.builtin.SetTextKeyword$_setText_closure1.doCall(SetTextKeyword.groovy:99)
java.base/jdk.internal.reflect.DirectMethodHandleAccessor.invoke(DirectMethodHandleAccessor.java:103)
jdk.proxy2/jdk.proxy2.$Proxy55.execute(Unknown Source)
com.kms.katalon.core.webui.model.SeleniumActionRetryController.performAction(SeleniumActionRetryController.java:96)
com.kms.katalon.core.webui.model.SeleniumActionRetryController.performAction(SeleniumActionRetryController.java:83)
com.kms.katalon.core.webui.keyword.internal.WebUIKeywordMain$_runKeywordUntilTimeout_closure1.doCall(WebUIKeywordMain.groovy:135)
com.kms.katalon.core.webui.keyword.internal.WebUIKeywordMain$_runKeywordUntilTimeout_closure1.call(WebUIKeywordMain.groovy)
com.kms.katalon.core.webui.keyword.internal.WebUIKeywordMain.runKeyword(WebUIKeywordMain.groovy:41)
com.kms.katalon.core.webui.keyword.internal.WebUIKeywordMain.runKeywordUntilTimeout(WebUIKeywordMain.groovy:133)
com.kms.katalon.core.webui.keyword.builtin.SetTextKeyword.setText(SetTextKeyword.groovy:106)
com.kms.katalon.core.webui.keyword.builtin.SetTextKeyword.execute(SetTextKeyword.groovy:49)
com.kms.katalon.core.keyword.internal.KeywordExecutor.executeKeywordForPlatform(KeywordExecutor.groovy:95)
com.kms.katalon.core.webui.keyword.WebUiBuiltInKeywords.setText(WebUiBuiltInKeywords.groovy:1081)
SPV-CBU.run(SPV-CBU:26)
</property>
</record>
<record>
  <date>2026-07-21T09:03:48.449853100Z</date>
  <millis>1784624628449</millis>
  <nanos>853100</nanos>
  <sequence>937</sequence>
  <level>END</level>
  <class>com.kms.katalon.core.logging.XmlKeywordLogger</class>
  <method>endKeyword</method>
  <thread>1</thread>
  <message>End action : setText(findTestObject(&amp;quot;Pilar 1/Login/UAT/Page_Login/input_Username&amp;quot;), &amp;quot;adhy.surnanto&amp;quot;)</message>
  <nestedLevel>1</nestedLevel>
  <escapedJava>false</escapedJava>
</record>
<record>
  <date>2026-07-21T09:03:48.449853100Z</date>
  <millis>1784624628449</millis>
  <nanos>853100</nanos>
  <sequence>938</sequence>
  <level>START</level>
  <class>com.kms.katalon.core.logging.XmlKeywordLogger</class>
  <method>startKeyword</method>
  <thread>1</thread>
  <message>Start action : setEncryptedText(findTestObject(&amp;quot;Pilar 1/Login/UAT/Page_Login/input_Password&amp;quot;), &amp;quot;DKZg8gTnVzw=&amp;quot;)</message>
  <nestedLevel>1</nestedLevel>
  <escapedJava>false</escapedJava>
  <property name="startLine">28</property>
  <property name="stepIndex">5</property>
</record>
<record>
  <date>2026-07-21T09:03:49.060709300Z</date>
  <millis>1784624629060</millis>
  <nanos>709300</nanos>
  <sequence>951</sequence>
  <level>PASSED</level>
  <class>com.kms.katalon.core.logging.XmlKeywordLogger</class>
  <method>logMessage</method>
  <thread>1</thread>
  <message>Text ****** has been set on object &amp;apos;Object Repository/Pilar 1/Login/UAT/Page_Login/input_Password&amp;apos;</message>
  <nestedLevel>2</nestedLevel>
  <escapedJava>false</escapedJava>
  <property name="testops-method-name">com.kms.katalon.core.webui.keyword.internal.WebUIKeywordMain.runKeywordUntilTimeout</property>
  <property name="testops-execution-stacktrace">com.kms.katalon.core.logging.KeywordLogger.logPassed(KeywordLogger.java:348)
com.kms.katalon.core.logging.KeywordLogger.logPassed(KeywordLogger.java:343)
com.kms.katalon.core.webui.keyword.builtin.SetEncryptedTextKeyword$_setEncryptedText_closure1.doCall(SetEncryptedTextKeyword.groovy:82)
java.base/jdk.internal.reflect.DirectMethodHandleAccessor.invoke(DirectMethodHandleAccessor.java:103)
jdk.proxy2/jdk.proxy2.$Proxy55.execute(Unknown Source)
com.kms.katalon.core.webui.model.SeleniumActionRetryController.performAction(SeleniumActionRetryController.java:96)
com.kms.katalon.core.webui.model.SeleniumActionRetryController.performAction(SeleniumActionRetryController.java:83)
com.kms.katalon.core.webui.keyword.internal.WebUIKeywordMain$_runKeywordUntilTimeout_closure1.doCall(WebUIKeywordMain.groovy:135)
com.kms.katalon.core.webui.keyword.internal.WebUIKeywordMain$_runKeywordUntilTimeout_closure1.call(WebUIKeywordMain.groovy)
com.kms.katalon.core.webui.keyword.internal.WebUIKeywordMain.runKeyword(WebUIKeywordMain.groovy:41)
com.kms.katalon.core.webui.keyword.internal.WebUIKeywordMain.runKeywordUntilTimeout(WebUIKeywordMain.groovy:133)
com.kms.katalon.core.webui.keyword.builtin.SetEncryptedTextKeyword.setEncryptedText(SetEncryptedTextKeyword.groovy:88)
com.kms.katalon.core.webui.keyword.builtin.SetEncryptedTextKeyword.execute(SetEncryptedTextKeyword.groovy:48)
com.kms.katalon.core.keyword.internal.KeywordExecutor.executeKeywordForPlatform(KeywordExecutor.groovy:95)
com.kms.katalon.core.webui.keyword.WebUiBuiltInKeywords.setEncryptedText(WebUiBuiltInKeywords.groovy:1112)
SPV-CBU.run(SPV-CBU:28)
</property>
</record>
<record>
  <date>2026-07-21T09:03:49.068000100Z</date>
  <millis>1784624629068</millis>
  <nanos>100</nanos>
  <sequence>952</sequence>
  <level>END</level>
  <class>com.kms.katalon.core.logging.XmlKeywordLogger</class>
  <method>endKeyword</method>
  <thread>1</thread>
  <message>End action : setEncryptedText(findTestObject(&amp;quot;Pilar 1/Login/UAT/Page_Login/input_Password&amp;quot;), &amp;quot;DKZg8gTnVzw=&amp;quot;)</message>
  <nestedLevel>1</nestedLevel>
  <escapedJava>false</escapedJava>
</record>
<record>
  <date>2026-07-21T09:03:49.070007800Z</date>
  <millis>1784624629070</millis>
  <nanos>7800</nanos>
  <sequence>953</sequence>
  <level>START</level>
  <class>com.kms.katalon.core.logging.XmlKeywordLogger</class>
  <method>startKeyword</method>
  <thread>1</thread>
  <message>Start action : delay(20)</message>
  <nestedLevel>1</nestedLevel>
  <escapedJava>false</escapedJava>
  <property name="startLine">30</property>
  <property name="stepIndex">6</property>
</record>
<record>
  <date>2026-07-21T09:04:09.072862800Z</date>
  <millis>1784624649072</millis>
  <nanos>862800</nanos>
  <sequence>956</sequence>
  <level>PASSED</level>
  <class>com.kms.katalon.core.logging.XmlKeywordLogger</class>
  <method>logMessage</method>
  <thread>1</thread>
  <message>Delayed 20 second(s)</message>
  <nestedLevel>2</nestedLevel>
  <escapedJava>false</escapedJava>
  <property name="testops-method-name">com.kms.katalon.core.keyword.builtin.DelayKeyword.delay</property>
  <property name="testops-execution-stacktrace"></property>
</record>
<record>
  <date>2026-07-21T09:04:09.072862800Z</date>
  <millis>1784624649072</millis>
  <nanos>862800</nanos>
  <sequence>957</sequence>
  <level>END</level>
  <class>com.kms.katalon.core.logging.XmlKeywordLogger</class>
  <method>endKeyword</method>
  <thread>1</thread>
  <message>End action : delay(20)</message>
  <nestedLevel>1</nestedLevel>
  <escapedJava>false</escapedJava>
</record>
<record>
  <date>2026-07-21T09:04:09.072862800Z</date>
  <millis>1784624649072</millis>
  <nanos>862800</nanos>
  <sequence>958</sequence>
  <level>START</level>
  <class>com.kms.katalon.core.logging.XmlKeywordLogger</class>
  <method>startKeyword</method>
  <thread>1</thread>
  <message>Start action : click(findTestObject(&amp;quot;Pilar 1/Login/UAT/Page_Login/button_Login&amp;quot;))</message>
  <nestedLevel>1</nestedLevel>
  <escapedJava>false</escapedJava>
  <property name="startLine">32</property>
  <property name="stepIndex">7</property>
</record>
<record>
  <date>2026-07-21T09:04:09.372632900Z</date>
  <millis>1784624649372</millis>
  <nanos>632900</nanos>
  <sequence>969</sequence>
  <level>PASSED</level>
  <class>com.kms.katalon.core.logging.XmlKeywordLogger</class>
  <method>logMessage</method>
  <thread>1</thread>
  <message>Object: &amp;apos;Object Repository/Pilar 1/Login/UAT/Page_Login/button_Login&amp;apos; is clicked on</message>
  <nestedLevel>2</nestedLevel>
  <escapedJava>false</escapedJava>
  <property name="testops-method-name">com.kms.katalon.core.webui.keyword.internal.WebUIKeywordMain.runKeywordUntilTimeout</property>
  <property name="testops-execution-stacktrace">com.kms.katalon.core.logging.KeywordLogger.logPassed(KeywordLogger.java:348)
com.kms.katalon.core.logging.KeywordLogger.logPassed(KeywordLogger.java:343)
com.kms.katalon.core.webui.keyword.builtin.ClickKeyword$_click_closure1.doCall(ClickKeyword.groovy:66)
java.base/jdk.internal.reflect.DirectMethodHandleAccessor.invoke(DirectMethodHandleAccessor.java:103)
jdk.proxy2/jdk.proxy2.$Proxy55.execute(Unknown Source)
com.kms.katalon.core.webui.model.SeleniumActionRetryController.performAction(SeleniumActionRetryController.java:96)
com.kms.katalon.core.webui.model.SeleniumActionRetryController.performAction(SeleniumActionRetryController.java:83)
com.kms.katalon.core.webui.keyword.internal.WebUIKeywordMain$_runKeywordUntilTimeout_closure1.doCall(WebUIKeywordMain.groovy:135)
com.kms.katalon.core.webui.keyword.internal.WebUIKeywordMain$_runKeywordUntilTimeout_closure1.call(WebUIKeywordMain.groovy)
com.kms.katalon.core.webui.keyword.internal.WebUIKeywordMain.runKeyword(WebUIKeywordMain.groovy:41)
com.kms.katalon.core.webui.keyword.internal.WebUIKeywordMain.runKeywordUntilTimeout(WebUIKeywordMain.groovy:133)
com.kms.katalon.core.webui.keyword.builtin.ClickKeyword.click(ClickKeyword.groovy:72)
com.kms.katalon.core.webui.keyword.builtin.ClickKeyword.execute(ClickKeyword.groovy:38)
com.kms.katalon.core.keyword.internal.KeywordExecutor.executeKeywordForPlatform(KeywordExecutor.groovy:95)
com.kms.katalon.core.webui.keyword.WebUiBuiltInKeywords.click(WebUiBuiltInKeywords.groovy:721)
SPV-CBU.run(SPV-CBU:32)
</property>
</record>
<record>
  <date>2026-07-21T09:04:09.373633200Z</date>
  <millis>1784624649373</millis>
  <nanos>633200</nanos>
  <sequence>970</sequence>
  <level>END</level>
  <class>com.kms.katalon.core.logging.XmlKeywordLogger</class>
  <method>endKeyword</method>
  <thread>1</thread>
  <message>End action : click(findTestObject(&amp;quot;Pilar 1/Login/UAT/Page_Login/button_Login&amp;quot;))</message>
  <nestedLevel>1</nestedLevel>
  <escapedJava>false</escapedJava>
</record>
<record>
  <date>2026-07-21T09:04:09.373633200Z</date>
  <millis>1784624649373</millis>
  <nanos>633200</nanos>
  <sequence>971</sequence>
  <level>START</level>
  <class>com.kms.katalon.core.logging.XmlKeywordLogger</class>
  <method>startKeyword</method>
  <thread>1</thread>
  <message>Start action : delay(5)</message>
  <nestedLevel>1</nestedLevel>
  <escapedJava>false</escapedJava>
  <property name="startLine">34</property>
  <property name="stepIndex">8</property>
</record>
<record>
  <date>2026-07-21T09:04:14.381433700Z</date>
  <millis>1784624654381</millis>
  <nanos>433700</nanos>
  <sequence>974</sequence>
  <level>PASSED</level>
  <class>com.kms.katalon.core.logging.XmlKeywordLogger</class>
  <method>logMessage</method>
  <thread>1</thread>
  <message>Delayed 5 second(s)</message>
  <nestedLevel>2</nestedLevel>
  <escapedJava>false</escapedJava>
  <property name="testops-method-name">com.kms.katalon.core.keyword.builtin.DelayKeyword.delay</property>
  <property name="testops-execution-stacktrace"></property>
</record>
<record>
  <date>2026-07-21T09:04:14.381433700Z</date>
  <millis>1784624654381</millis>
  <nanos>433700</nanos>
  <sequence>975</sequence>
  <level>END</level>
  <class>com.kms.katalon.core.logging.XmlKeywordLogger</class>
  <method>endKeyword</method>
  <thread>1</thread>
  <message>End action : delay(5)</message>
  <nestedLevel>1</nestedLevel>
  <escapedJava>false</escapedJava>
</record>
<record>
  <date>2026-07-21T09:04:14.381433700Z</date>
  <millis>1784624654381</millis>
  <nanos>433700</nanos>
  <sequence>976</sequence>
  <level>START</level>
  <class>com.kms.katalon.core.logging.XmlKeywordLogger</class>
  <method>startKeyword</method>
  <thread>1</thread>
  <message>Start action : waitForElementVisible(findTestObject(&amp;quot;Pilar 1/Login/UAT/Page_Login/Page_ApplicationsCatalog/span_Risk Control Unit Application&amp;quot;), 10)</message>
  <nestedLevel>1</nestedLevel>
  <escapedJava>false</escapedJava>
  <property name="startLine">36</property>
  <property name="stepIndex">9</property>
</record>
<record>
  <date>2026-07-21T09:04:15.898818600Z</date>
  <millis>1784624655898</millis>
  <nanos>818600</nanos>
  <sequence>983</sequence>
  <level>PASSED</level>
  <class>com.kms.katalon.core.logging.XmlKeywordLogger</class>
  <method>logMessage</method>
  <thread>1</thread>
  <message>Object &amp;apos;Object Repository/Pilar 1/Login/UAT/Page_Login/Page_ApplicationsCatalog/span_Risk Control Unit Application&amp;apos; is visible</message>
  <nestedLevel>2</nestedLevel>
  <escapedJava>false</escapedJava>
  <property name="testops-method-name">com.kms.katalon.core.webui.keyword.internal.WebUIKeywordMain.runKeywordUntilTimeout</property>
  <property name="testops-execution-stacktrace">com.kms.katalon.core.logging.KeywordLogger.logPassed(KeywordLogger.java:348)
com.kms.katalon.core.logging.KeywordLogger.logPassed(KeywordLogger.java:343)
com.kms.katalon.core.logging.KeywordLogger$logPassed$0.call(Unknown Source)
com.kms.katalon.core.webui.keyword.builtin.WaitForElementVisibleKeyword$_waitForElementVisible_closure1.doCall(WaitForElementVisibleKeyword.groovy:86)
java.base/jdk.internal.reflect.DirectMethodHandleAccessor.invoke(DirectMethodHandleAccessor.java:103)
jdk.proxy2/jdk.proxy2.$Proxy55.execute(Unknown Source)
com.kms.katalon.core.webui.model.SeleniumActionRetryController.performAction(SeleniumActionRetryController.java:96)
com.kms.katalon.core.webui.model.SeleniumActionRetryController.performAction(SeleniumActionRetryController.java:83)
com.kms.katalon.core.webui.keyword.internal.WebUIKeywordMain$_runKeywordUntilTimeout_closure2.doCall(WebUIKeywordMain.groovy:155)
com.kms.katalon.core.webui.keyword.internal.WebUIKeywordMain$_runKeywordUntilTimeout_closure2.call(WebUIKeywordMain.groovy)
com.kms.katalon.core.webui.keyword.internal.WebUIKeywordMain.runKeyword(WebUIKeywordMain.groovy:41)
com.kms.katalon.core.webui.keyword.internal.WebUIKeywordMain.runKeywordUntilTimeout(WebUIKeywordMain.groovy:152)
com.kms.katalon.core.webui.keyword.internal.WebUIKeywordMain$runKeywordUntilTimeout.call(Unknown Source)
com.kms.katalon.core.webui.keyword.builtin.WaitForElementVisibleKeyword.waitForElementVisible(WaitForElementVisibleKeyword.groovy:101)
com.kms.katalon.core.webui.keyword.builtin.WaitForElementVisibleKeyword.execute(WaitForElementVisibleKeyword.groovy:69)
com.kms.katalon.core.keyword.internal.KeywordExecutor.executeKeywordForPlatform(KeywordExecutor.groovy:95)
com.kms.katalon.core.webui.keyword.WebUiBuiltInKeywords.waitForElementVisible(WebUiBuiltInKeywords.groovy:514)
SPV-CBU.run(SPV-CBU:36)
</property>
</record>
<record>
  <date>2026-07-21T09:04:15.898818600Z</date>
  <millis>1784624655898</millis>
  <nanos>818600</nanos>
  <sequence>984</sequence>
  <level>END</level>
  <class>com.kms.katalon.core.logging.XmlKeywordLogger</class>
  <method>endKeyword</method>
  <thread>1</thread>
  <message>End action : waitForElementVisible(findTestObject(&amp;quot;Pilar 1/Login/UAT/Page_Login/Page_ApplicationsCatalog/span_Risk Control Unit Application&amp;quot;), 10)</message>
  <nestedLevel>1</nestedLevel>
  <escapedJava>false</escapedJava>
</record>
<record>
  <date>2026-07-21T09:04:15.914653900Z</date>
  <millis>1784624655914</millis>
  <nanos>653900</nanos>
  <sequence>985</sequence>
  <level>START</level>
  <class>com.kms.katalon.core.logging.XmlKeywordLogger</class>
  <method>startKeyword</method>
  <thread>1</thread>
  <message>Start action : doubleClick(findTestObject(&amp;quot;Pilar 1/Login/UAT/Page_Login/Page_ApplicationsCatalog/span_Risk Control Unit Application&amp;quot;))</message>
  <nestedLevel>1</nestedLevel>
  <escapedJava>false</escapedJava>
  <property name="startLine">39</property>
  <property name="stepIndex">10</property>
</record>
<record>
  <date>2026-07-21T09:04:16.292364900Z</date>
  <millis>1784624656292</millis>
  <nanos>364900</nanos>
  <sequence>996</sequence>
  <level>PASSED</level>
  <class>com.kms.katalon.core.logging.XmlKeywordLogger</class>
  <method>logMessage</method>
  <thread>1</thread>
  <message>Object: &amp;apos;Object Repository/Pilar 1/Login/UAT/Page_Login/Page_ApplicationsCatalog/span_Risk Control Unit Application&amp;apos; is double clicked on</message>
  <nestedLevel>2</nestedLevel>
  <escapedJava>false</escapedJava>
  <property name="testops-method-name">com.kms.katalon.core.webui.keyword.internal.WebUIKeywordMain.runKeywordUntilTimeout</property>
  <property name="testops-execution-stacktrace">com.kms.katalon.core.logging.KeywordLogger.logPassed(KeywordLogger.java:348)
com.kms.katalon.core.logging.KeywordLogger.logPassed(KeywordLogger.java:343)
com.kms.katalon.core.webui.keyword.builtin.DoubleClickKeyword$_doubleClick_closure1.doCall(DoubleClickKeyword.groovy:89)
java.base/jdk.internal.reflect.DirectMethodHandleAccessor.invoke(DirectMethodHandleAccessor.java:103)
jdk.proxy2/jdk.proxy2.$Proxy55.execute(Unknown Source)
com.kms.katalon.core.webui.model.SeleniumActionRetryController.performAction(SeleniumActionRetryController.java:96)
com.kms.katalon.core.webui.model.SeleniumActionRetryController.performAction(SeleniumActionRetryController.java:83)
com.kms.katalon.core.webui.keyword.internal.WebUIKeywordMain$_runKeywordUntilTimeout_closure1.doCall(WebUIKeywordMain.groovy:135)
com.kms.katalon.core.webui.keyword.internal.WebUIKeywordMain$_runKeywordUntilTimeout_closure1.call(WebUIKeywordMain.groovy)
com.kms.katalon.core.webui.keyword.internal.WebUIKeywordMain.runKeyword(WebUIKeywordMain.groovy:41)
com.kms.katalon.core.webui.keyword.internal.WebUIKeywordMain.runKeywordUntilTimeout(WebUIKeywordMain.groovy:133)
com.kms.katalon.core.webui.keyword.builtin.DoubleClickKeyword.doubleClick(DoubleClickKeyword.groovy:95)
com.kms.katalon.core.webui.keyword.builtin.DoubleClickKeyword.execute(DoubleClickKeyword.groovy:67)
com.kms.katalon.core.keyword.internal.KeywordExecutor.executeKeywordForPlatform(KeywordExecutor.groovy:95)
com.kms.katalon.core.webui.keyword.WebUiBuiltInKeywords.doubleClick(WebUiBuiltInKeywords.groovy:828)
SPV-CBU.run(SPV-CBU:39)
</property>
</record>
<record>
  <date>2026-07-21T09:04:16.292364900Z</date>
  <millis>1784624656292</millis>
  <nanos>364900</nanos>
  <sequence>997</sequence>
  <level>END</level>
  <class>com.kms.katalon.core.logging.XmlKeywordLogger</class>
  <method>endKeyword</method>
  <thread>1</thread>
  <message>End action : doubleClick(findTestObject(&amp;quot;Pilar 1/Login/UAT/Page_Login/Page_ApplicationsCatalog/span_Risk Control Unit Application&amp;quot;))</message>
  <nestedLevel>1</nestedLevel>
  <escapedJava>false</escapedJava>
</record>
<record>
  <date>2026-07-21T09:04:16.292364900Z</date>
  <millis>1784624656292</millis>
  <nanos>364900</nanos>
  <sequence>998</sequence>
  <level>PASSED</level>
  <class>com.kms.katalon.core.logging.XmlKeywordLogger</class>
  <method>logMessage</method>
  <thread>1</thread>
  <message>Test Cases/Pilar 1/Login/UAT/SPV-CBU</message>
  <nestedLevel>2</nestedLevel>
  <escapedJava>false</escapedJava>
</record>
<record>
  <date>2026-07-21T09:04:16.292364900Z</date>
  <millis>1784624656292</millis>
  <nanos>364900</nanos>
  <sequence>999</sequence>
  <level>END</level>
  <class>com.kms.katalon.core.logging.XmlKeywordLogger</class>
  <method>endTest</method>
  <thread>1</thread>
  <message>End Test Case : Test Cases/Pilar 1/Login/UAT/SPV-CBU</message>
  <nestedLevel>1</nestedLevel>
  <escapedJava>false</escapedJava>
</record>
<record>
  <date>2026-07-21T09:04:16.292364900Z</date>
  <millis>1784624656292</millis>
  <nanos>364900</nanos>
  <sequence>1000</sequence>
  <level>PASSED</level>
  <class>com.kms.katalon.core.logging.XmlKeywordLogger</class>
  <method>logMessage</method>
  <thread>1</thread>
  <message>Call Test Case &amp;apos;Test Cases/Pilar 1/Login/UAT/SPV-CBU&amp;apos; successfully</message>
  <nestedLevel>1</nestedLevel>
  <escapedJava>false</escapedJava>
  <property name="testops-method-name">com.kms.katalon.core.keyword.builtin.CallTestCaseKeyword.callTestCase</property>
  <property name="testops-execution-stacktrace"></property>
</record>
<record>
  <date>2026-07-21T09:04:16.293423800Z</date>
  <millis>1784624656293</millis>
  <nanos>423800</nanos>
  <sequence>1001</sequence>
  <level>END</level>
  <class>com.kms.katalon.core.logging.XmlKeywordLogger</class>
  <method>endKeyword</method>
  <thread>1</thread>
  <message>End action : callTestCase(findTestCase(&amp;quot;Pilar 1/Login/UAT/SPV-CBU&amp;quot;), [:], STOP_ON_FAILURE)</message>
  <nestedLevel>1</nestedLevel>
  <escapedJava>false</escapedJava>
</record>
<record>
  <date>2026-07-21T09:04:16.293423800Z</date>
  <millis>1784624656293</millis>
  <nanos>423800</nanos>
  <sequence>1002</sequence>
  <level>START</level>
  <class>com.kms.katalon.core.logging.XmlKeywordLogger</class>
  <method>startKeyword</method>
  <thread>1</thread>
  <message>Start action : click(findTestObject(&amp;quot;Pilar 1/Showroom-Supplier/UAT/CBU/SPV-CBU-Persetujuan/Page_Dashboard/div_b2-l1-17_9-b3-SubMenuHeader&amp;quot;))</message>
  <nestedLevel>1</nestedLevel>
  <escapedJava>false</escapedJava>
  <property name="startLine">22</property>
  <property name="stepIndex">2</property>
</record>
<record>
  <date>2026-07-21T09:04:20.788784700Z</date>
  <millis>1784624660788</millis>
  <nanos>784700</nanos>
  <sequence>1013</sequence>
  <level>PASSED</level>
  <class>com.kms.katalon.core.logging.XmlKeywordLogger</class>
  <method>logMessage</method>
  <thread>1</thread>
  <message>Object: &amp;apos;Object Repository/Pilar 1/Showroom-Supplier/UAT/CBU/SPV-CBU-Persetujuan/Page_Dashboard/div_b2-l1-17_9-b3-SubMenuHeader&amp;apos; is clicked on</message>
  <nestedLevel>1</nestedLevel>
  <escapedJava>false</escapedJava>
  <property name="testops-method-name">com.kms.katalon.core.webui.keyword.internal.WebUIKeywordMain.runKeywordUntilTimeout</property>
  <property name="testops-execution-stacktrace">com.kms.katalon.core.logging.KeywordLogger.logPassed(KeywordLogger.java:348)
com.kms.katalon.core.logging.KeywordLogger.logPassed(KeywordLogger.java:343)
com.kms.katalon.core.webui.keyword.builtin.ClickKeyword$_click_closure1.doCall(ClickKeyword.groovy:66)
java.base/jdk.internal.reflect.DirectMethodHandleAccessor.invoke(DirectMethodHandleAccessor.java:103)
jdk.proxy2/jdk.proxy2.$Proxy55.execute(Unknown Source)
com.kms.katalon.core.webui.model.SeleniumActionRetryController.performAction(SeleniumActionRetryController.java:96)
com.kms.katalon.core.webui.model.SeleniumActionRetryController.performAction(SeleniumActionRetryController.java:83)
com.kms.katalon.core.webui.keyword.internal.WebUIKeywordMain$_runKeywordUntilTimeout_closure1.doCall(WebUIKeywordMain.groovy:135)
com.kms.katalon.core.webui.keyword.internal.WebUIKeywordMain$_runKeywordUntilTimeout_closure1.call(WebUIKeywordMain.groovy)
com.kms.katalon.core.webui.keyword.internal.WebUIKeywordMain.runKeyword(WebUIKeywordMain.groovy:41)
com.kms.katalon.core.webui.keyword.internal.WebUIKeywordMain.runKeywordUntilTimeout(WebUIKeywordMain.groovy:133)
com.kms.katalon.core.webui.keyword.builtin.ClickKeyword.click(ClickKeyword.groovy:72)
com.kms.katalon.core.webui.keyword.builtin.ClickKeyword.execute(ClickKeyword.groovy:38)
com.kms.katalon.core.keyword.internal.KeywordExecutor.executeKeywordForPlatform(KeywordExecutor.groovy:95)
com.kms.katalon.core.webui.keyword.WebUiBuiltInKeywords.click(WebUiBuiltInKeywords.groovy:721)
SPV-CBU-Persetujuan.run(SPV-CBU-Persetujuan:22)
</property>
</record>
<record>
  <date>2026-07-21T09:04:20.788784700Z</date>
  <millis>1784624660788</millis>
  <nanos>784700</nanos>
  <sequence>1014</sequence>
  <level>END</level>
  <class>com.kms.katalon.core.logging.XmlKeywordLogger</class>
  <method>endKeyword</method>
  <thread>1</thread>
  <message>End action : click(findTestObject(&amp;quot;Pilar 1/Showroom-Supplier/UAT/CBU/SPV-CBU-Persetujuan/Page_Dashboard/div_b2-l1-17_9-b3-SubMenuHeader&amp;quot;))</message>
  <nestedLevel>1</nestedLevel>
  <escapedJava>false</escapedJava>
</record>
<record>
  <date>2026-07-21T09:04:20.788784700Z</date>
  <millis>1784624660788</millis>
  <nanos>784700</nanos>
  <sequence>1015</sequence>
  <level>START</level>
  <class>com.kms.katalon.core.logging.XmlKeywordLogger</class>
  <method>startKeyword</method>
  <thread>1</thread>
  <message>Start action : click(findTestObject(&amp;quot;Pilar 1/Showroom-Supplier/UAT/CBU/SPV-CBU-Persetujuan/Page_Dashboard/div_b2-l1-17_9-b4-l1-35_4-b1-SubMenuHeader&amp;quot;))</message>
  <nestedLevel>1</nestedLevel>
  <escapedJava>false</escapedJava>
  <property name="startLine">24</property>
  <property name="stepIndex">3</property>
</record>
<record>
  <date>2026-07-21T09:04:21.746845800Z</date>
  <millis>1784624661746</millis>
  <nanos>845800</nanos>
  <sequence>1026</sequence>
  <level>PASSED</level>
  <class>com.kms.katalon.core.logging.XmlKeywordLogger</class>
  <method>logMessage</method>
  <thread>1</thread>
  <message>Object: &amp;apos;Object Repository/Pilar 1/Showroom-Supplier/UAT/CBU/SPV-CBU-Persetujuan/Page_Dashboard/div_b2-l1-17_9-b4-l1-35_4-b1-SubMenuHeader&amp;apos; is clicked on</message>
  <nestedLevel>1</nestedLevel>
  <escapedJava>false</escapedJava>
  <property name="testops-method-name">com.kms.katalon.core.webui.keyword.internal.WebUIKeywordMain.runKeywordUntilTimeout</property>
  <property name="testops-execution-stacktrace">com.kms.katalon.core.logging.KeywordLogger.logPassed(KeywordLogger.java:348)
com.kms.katalon.core.logging.KeywordLogger.logPassed(KeywordLogger.java:343)
com.kms.katalon.core.webui.keyword.builtin.ClickKeyword$_click_closure1.doCall(ClickKeyword.groovy:66)
java.base/jdk.internal.reflect.DirectMethodHandleAccessor.invoke(DirectMethodHandleAccessor.java:103)
jdk.proxy2/jdk.proxy2.$Proxy55.execute(Unknown Source)
com.kms.katalon.core.webui.model.SeleniumActionRetryController.performAction(SeleniumActionRetryController.java:96)
com.kms.katalon.core.webui.model.SeleniumActionRetryController.performAction(SeleniumActionRetryController.java:83)
com.kms.katalon.core.webui.keyword.internal.WebUIKeywordMain$_runKeywordUntilTimeout_closure1.doCall(WebUIKeywordMain.groovy:135)
com.kms.katalon.core.webui.keyword.internal.WebUIKeywordMain$_runKeywordUntilTimeout_closure1.call(WebUIKeywordMain.groovy)
com.kms.katalon.core.webui.keyword.internal.WebUIKeywordMain.runKeyword(WebUIKeywordMain.groovy:41)
com.kms.katalon.core.webui.keyword.internal.WebUIKeywordMain.runKeywordUntilTimeout(WebUIKeywordMain.groovy:133)
com.kms.katalon.core.webui.keyword.builtin.ClickKeyword.click(ClickKeyword.groovy:72)
com.kms.katalon.core.webui.keyword.builtin.ClickKeyword.execute(ClickKeyword.groovy:38)
com.kms.katalon.core.keyword.internal.KeywordExecutor.executeKeywordForPlatform(KeywordExecutor.groovy:95)
com.kms.katalon.core.webui.keyword.WebUiBuiltInKeywords.click(WebUiBuiltInKeywords.groovy:721)
SPV-CBU-Persetujuan.run(SPV-CBU-Persetujuan:24)
</property>
</record>
<record>
  <date>2026-07-21T09:04:21.746845800Z</date>
  <millis>1784624661746</millis>
  <nanos>845800</nanos>
  <sequence>1027</sequence>
  <level>END</level>
  <class>com.kms.katalon.core.logging.XmlKeywordLogger</class>
  <method>endKeyword</method>
  <thread>1</thread>
  <message>End action : click(findTestObject(&amp;quot;Pilar 1/Showroom-Supplier/UAT/CBU/SPV-CBU-Persetujuan/Page_Dashboard/div_b2-l1-17_9-b4-l1-35_4-b1-SubMenuHeader&amp;quot;))</message>
  <nestedLevel>1</nestedLevel>
  <escapedJava>false</escapedJava>
</record>
<record>
  <date>2026-07-21T09:04:21.746845800Z</date>
  <millis>1784624661746</millis>
  <nanos>845800</nanos>
  <sequence>1028</sequence>
  <level>START</level>
  <class>com.kms.katalon.core.logging.XmlKeywordLogger</class>
  <method>startKeyword</method>
  <thread>1</thread>
  <message>Start action : click(findTestObject(&amp;quot;Pilar 1/Showroom-Supplier/UAT/CBU/SPV-CBU-Persetujuan/Page_Dashboard/a_Showroom_Supplier&amp;quot;))</message>
  <nestedLevel>1</nestedLevel>
  <escapedJava>false</escapedJava>
  <property name="startLine">26</property>
  <property name="stepIndex">4</property>
</record>
<record>
  <date>2026-07-21T09:04:22.049494200Z</date>
  <millis>1784624662049</millis>
  <nanos>494200</nanos>
  <sequence>1039</sequence>
  <level>PASSED</level>
  <class>com.kms.katalon.core.logging.XmlKeywordLogger</class>
  <method>logMessage</method>
  <thread>1</thread>
  <message>Object: &amp;apos;Object Repository/Pilar 1/Showroom-Supplier/UAT/CBU/SPV-CBU-Persetujuan/Page_Dashboard/a_Showroom_Supplier&amp;apos; is clicked on</message>
  <nestedLevel>1</nestedLevel>
  <escapedJava>false</escapedJava>
  <property name="testops-method-name">com.kms.katalon.core.webui.keyword.internal.WebUIKeywordMain.runKeywordUntilTimeout</property>
  <property name="testops-execution-stacktrace">com.kms.katalon.core.logging.KeywordLogger.logPassed(KeywordLogger.java:348)
com.kms.katalon.core.logging.KeywordLogger.logPassed(KeywordLogger.java:343)
com.kms.katalon.core.webui.keyword.builtin.ClickKeyword$_click_closure1.doCall(ClickKeyword.groovy:66)
java.base/jdk.internal.reflect.DirectMethodHandleAccessor.invoke(DirectMethodHandleAccessor.java:103)
jdk.proxy2/jdk.proxy2.$Proxy55.execute(Unknown Source)
com.kms.katalon.core.webui.model.SeleniumActionRetryController.performAction(SeleniumActionRetryController.java:96)
com.kms.katalon.core.webui.model.SeleniumActionRetryController.performAction(SeleniumActionRetryController.java:83)
com.kms.katalon.core.webui.keyword.internal.WebUIKeywordMain$_runKeywordUntilTimeout_closure1.doCall(WebUIKeywordMain.groovy:135)
com.kms.katalon.core.webui.keyword.internal.WebUIKeywordMain$_runKeywordUntilTimeout_closure1.call(WebUIKeywordMain.groovy)
com.kms.katalon.core.webui.keyword.internal.WebUIKeywordMain.runKeyword(WebUIKeywordMain.groovy:41)
com.kms.katalon.core.webui.keyword.internal.WebUIKeywordMain.runKeywordUntilTimeout(WebUIKeywordMain.groovy:133)
com.kms.katalon.core.webui.keyword.builtin.ClickKeyword.click(ClickKeyword.groovy:72)
com.kms.katalon.core.webui.keyword.builtin.ClickKeyword.execute(ClickKeyword.groovy:38)
com.kms.katalon.core.keyword.internal.KeywordExecutor.executeKeywordForPlatform(KeywordExecutor.groovy:95)
com.kms.katalon.core.webui.keyword.WebUiBuiltInKeywords.click(WebUiBuiltInKeywords.groovy:721)
SPV-CBU-Persetujuan.run(SPV-CBU-Persetujuan:26)
</property>
</record>
<record>
  <date>2026-07-21T09:04:22.050512400Z</date>
  <millis>1784624662050</millis>
  <nanos>512400</nanos>
  <sequence>1040</sequence>
  <level>END</level>
  <class>com.kms.katalon.core.logging.XmlKeywordLogger</class>
  <method>endKeyword</method>
  <thread>1</thread>
  <message>End action : click(findTestObject(&amp;quot;Pilar 1/Showroom-Supplier/UAT/CBU/SPV-CBU-Persetujuan/Page_Dashboard/a_Showroom_Supplier&amp;quot;))</message>
  <nestedLevel>1</nestedLevel>
  <escapedJava>false</escapedJava>
</record>
<record>
  <date>2026-07-21T09:04:22.050512400Z</date>
  <millis>1784624662050</millis>
  <nanos>512400</nanos>
  <sequence>1041</sequence>
  <level>START</level>
  <class>com.kms.katalon.core.logging.XmlKeywordLogger</class>
  <method>startKeyword</method>
  <thread>1</thread>
  <message>Start action : setText(findTestObject(&amp;quot;Pilar 1/Showroom-Supplier/UAT/CBU/SPV-CBU-Persetujuan/Page_ApprovalKunjunganShowroom/input_StartDate&amp;quot;), &amp;quot;21-07-2026&amp;quot;)</message>
  <nestedLevel>1</nestedLevel>
  <escapedJava>false</escapedJava>
  <property name="startLine">28</property>
  <property name="stepIndex">5</property>
</record>
<record>
  <date>2026-07-21T09:04:25.124481200Z</date>
  <millis>1784624665124</millis>
  <nanos>481200</nanos>
  <sequence>1055</sequence>
  <level>PASSED</level>
  <class>com.kms.katalon.core.logging.XmlKeywordLogger</class>
  <method>logMessage</method>
  <thread>1</thread>
  <message>Text &amp;apos;21-07-2026&amp;apos; is set on object &amp;apos;Object Repository/Pilar 1/Showroom-Supplier/UAT/CBU/SPV-CBU-Persetujuan/Page_ApprovalKunjunganShowroom/input_StartDate&amp;apos;</message>
  <nestedLevel>1</nestedLevel>
  <escapedJava>false</escapedJava>
  <property name="testops-method-name">com.kms.katalon.core.webui.keyword.internal.WebUIKeywordMain.runKeywordUntilTimeout</property>
  <property name="testops-execution-stacktrace">com.kms.katalon.core.logging.KeywordLogger.logPassed(KeywordLogger.java:348)
com.kms.katalon.core.logging.KeywordLogger.logPassed(KeywordLogger.java:343)
com.kms.katalon.core.webui.keyword.builtin.SetTextKeyword$_setText_closure1.doCall(SetTextKeyword.groovy:99)
java.base/jdk.internal.reflect.DirectMethodHandleAccessor.invoke(DirectMethodHandleAccessor.java:103)
jdk.proxy2/jdk.proxy2.$Proxy55.execute(Unknown Source)
com.kms.katalon.core.webui.model.SeleniumActionRetryController.performAction(SeleniumActionRetryController.java:96)
com.kms.katalon.core.webui.model.SeleniumActionRetryController.performAction(SeleniumActionRetryController.java:83)
com.kms.katalon.core.webui.keyword.internal.WebUIKeywordMain$_runKeywordUntilTimeout_closure1.doCall(WebUIKeywordMain.groovy:135)
com.kms.katalon.core.webui.keyword.internal.WebUIKeywordMain$_runKeywordUntilTimeout_closure1.call(WebUIKeywordMain.groovy)
com.kms.katalon.core.webui.keyword.internal.WebUIKeywordMain.runKeyword(WebUIKeywordMain.groovy:41)
com.kms.katalon.core.webui.keyword.internal.WebUIKeywordMain.runKeywordUntilTimeout(WebUIKeywordMain.groovy:133)
com.kms.katalon.core.webui.keyword.builtin.SetTextKeyword.setText(SetTextKeyword.groovy:106)
com.kms.katalon.core.webui.keyword.builtin.SetTextKeyword.execute(SetTextKeyword.groovy:49)
com.kms.katalon.core.keyword.internal.KeywordExecutor.executeKeywordForPlatform(KeywordExecutor.groovy:95)
com.kms.katalon.core.webui.keyword.WebUiBuiltInKeywords.setText(WebUiBuiltInKeywords.groovy:1081)
SPV-CBU-Persetujuan.run(SPV-CBU-Persetujuan:28)
</property>
</record>
<record>
  <date>2026-07-21T09:04:25.124481200Z</date>
  <millis>1784624665124</millis>
  <nanos>481200</nanos>
  <sequence>1056</sequence>
  <level>END</level>
  <class>com.kms.katalon.core.logging.XmlKeywordLogger</class>
  <method>endKeyword</method>
  <thread>1</thread>
  <message>End action : setText(findTestObject(&amp;quot;Pilar 1/Showroom-Supplier/UAT/CBU/SPV-CBU-Persetujuan/Page_ApprovalKunjunganShowroom/input_StartDate&amp;quot;), &amp;quot;21-07-2026&amp;quot;)</message>
  <nestedLevel>1</nestedLevel>
  <escapedJava>false</escapedJava>
</record>
<record>
  <date>2026-07-21T09:04:25.124481200Z</date>
  <millis>1784624665124</millis>
  <nanos>481200</nanos>
  <sequence>1057</sequence>
  <level>START</level>
  <class>com.kms.katalon.core.logging.XmlKeywordLogger</class>
  <method>startKeyword</method>
  <thread>1</thread>
  <message>Start action : setText(findTestObject(&amp;quot;Pilar 1/Showroom-Supplier/UAT/CBU/SPV-CBU-Persetujuan/Page_ApprovalKunjunganShowroom/input_EndDate&amp;quot;), &amp;quot;21-07-2026&amp;quot;)</message>
  <nestedLevel>1</nestedLevel>
  <escapedJava>false</escapedJava>
  <property name="startLine">31</property>
  <property name="stepIndex">6</property>
</record>
<record>
  <date>2026-07-21T09:04:25.733364800Z</date>
  <millis>1784624665733</millis>
  <nanos>364800</nanos>
  <sequence>1071</sequence>
  <level>PASSED</level>
  <class>com.kms.katalon.core.logging.XmlKeywordLogger</class>
  <method>logMessage</method>
  <thread>1</thread>
  <message>Text &amp;apos;21-07-2026&amp;apos; is set on object &amp;apos;Object Repository/Pilar 1/Showroom-Supplier/UAT/CBU/SPV-CBU-Persetujuan/Page_ApprovalKunjunganShowroom/input_EndDate&amp;apos;</message>
  <nestedLevel>1</nestedLevel>
  <escapedJava>false</escapedJava>
  <property name="testops-method-name">com.kms.katalon.core.webui.keyword.internal.WebUIKeywordMain.runKeywordUntilTimeout</property>
  <property name="testops-execution-stacktrace">com.kms.katalon.core.logging.KeywordLogger.logPassed(KeywordLogger.java:348)
com.kms.katalon.core.logging.KeywordLogger.logPassed(KeywordLogger.java:343)
com.kms.katalon.core.webui.keyword.builtin.SetTextKeyword$_setText_closure1.doCall(SetTextKeyword.groovy:99)
java.base/jdk.internal.reflect.DirectMethodHandleAccessor.invoke(DirectMethodHandleAccessor.java:103)
jdk.proxy2/jdk.proxy2.$Proxy55.execute(Unknown Source)
com.kms.katalon.core.webui.model.SeleniumActionRetryController.performAction(SeleniumActionRetryController.java:96)
com.kms.katalon.core.webui.model.SeleniumActionRetryController.performAction(SeleniumActionRetryController.java:83)
com.kms.katalon.core.webui.keyword.internal.WebUIKeywordMain$_runKeywordUntilTimeout_closure1.doCall(WebUIKeywordMain.groovy:135)
com.kms.katalon.core.webui.keyword.internal.WebUIKeywordMain$_runKeywordUntilTimeout_closure1.call(WebUIKeywordMain.groovy)
com.kms.katalon.core.webui.keyword.internal.WebUIKeywordMain.runKeyword(WebUIKeywordMain.groovy:41)
com.kms.katalon.core.webui.keyword.internal.WebUIKeywordMain.runKeywordUntilTimeout(WebUIKeywordMain.groovy:133)
com.kms.katalon.core.webui.keyword.builtin.SetTextKeyword.setText(SetTextKeyword.groovy:106)
com.kms.katalon.core.webui.keyword.builtin.SetTextKeyword.execute(SetTextKeyword.groovy:49)
com.kms.katalon.core.keyword.internal.KeywordExecutor.executeKeywordForPlatform(KeywordExecutor.groovy:95)
com.kms.katalon.core.webui.keyword.WebUiBuiltInKeywords.setText(WebUiBuiltInKeywords.groovy:1081)
SPV-CBU-Persetujuan.run(SPV-CBU-Persetujuan:31)
</property>
</record>
<record>
  <date>2026-07-21T09:04:25.733733600Z</date>
  <millis>1784624665733</millis>
  <nanos>733600</nanos>
  <sequence>1072</sequence>
  <level>END</level>
  <class>com.kms.katalon.core.logging.XmlKeywordLogger</class>
  <method>endKeyword</method>
  <thread>1</thread>
  <message>End action : setText(findTestObject(&amp;quot;Pilar 1/Showroom-Supplier/UAT/CBU/SPV-CBU-Persetujuan/Page_ApprovalKunjunganShowroom/input_EndDate&amp;quot;), &amp;quot;21-07-2026&amp;quot;)</message>
  <nestedLevel>1</nestedLevel>
  <escapedJava>false</escapedJava>
</record>
<record>
  <date>2026-07-21T09:04:25.733733600Z</date>
  <millis>1784624665733</millis>
  <nanos>733600</nanos>
  <sequence>1073</sequence>
  <level>START</level>
  <class>com.kms.katalon.core.logging.XmlKeywordLogger</class>
  <method>startKeyword</method>
  <thread>1</thread>
  <message>Start action : selectOptionByValue(findTestObject(&amp;quot;Pilar 1/Showroom-Supplier/UAT/CBU/SPV-CBU-Persetujuan/Page_ApprovalKunjunganShowroom/select_b3-b1-DropdownCabang&amp;quot;), &amp;quot;2&amp;quot;, false)</message>
  <nestedLevel>1</nestedLevel>
  <escapedJava>false</escapedJava>
  <property name="startLine">34</property>
  <property name="stepIndex">7</property>
</record>
<record>
  <date>2026-07-21T09:04:26.282807300Z</date>
  <millis>1784624666282</millis>
  <nanos>807300</nanos>
  <sequence>1085</sequence>
  <level>PASSED</level>
  <class>com.kms.katalon.core.logging.XmlKeywordLogger</class>
  <method>logMessage</method>
  <thread>1</thread>
  <message>All options with value &amp;apos;2&amp;apos; are selected in object &amp;apos;Object Repository/Pilar 1/Showroom-Supplier/UAT/CBU/SPV-CBU-Persetujuan/Page_ApprovalKunjunganShowroom/select_b3-b1-DropdownCabang&amp;apos; </message>
  <nestedLevel>1</nestedLevel>
  <escapedJava>false</escapedJava>
  <property name="testops-method-name">com.kms.katalon.core.webui.keyword.internal.WebUIKeywordMain.runKeywordUntilTimeout</property>
  <property name="testops-execution-stacktrace">com.kms.katalon.core.logging.KeywordLogger.logPassed(KeywordLogger.java:348)
com.kms.katalon.core.logging.KeywordLogger.logPassed(KeywordLogger.java:343)
com.kms.katalon.core.webui.keyword.builtin.SelectOptionByValueKeyword$_selectOptionByValue_closure1.doCall(SelectOptionByValueKeyword.groovy:70)
java.base/jdk.internal.reflect.DirectMethodHandleAccessor.invoke(DirectMethodHandleAccessor.java:103)
jdk.proxy2/jdk.proxy2.$Proxy55.execute(Unknown Source)
com.kms.katalon.core.webui.model.SeleniumActionRetryController.performAction(SeleniumActionRetryController.java:96)
com.kms.katalon.core.webui.model.SeleniumActionRetryController.performAction(SeleniumActionRetryController.java:83)
com.kms.katalon.core.webui.keyword.internal.WebUIKeywordMain$_runKeywordUntilTimeout_closure1.doCall(WebUIKeywordMain.groovy:135)
com.kms.katalon.core.webui.keyword.internal.WebUIKeywordMain$_runKeywordUntilTimeout_closure1.call(WebUIKeywordMain.groovy)
com.kms.katalon.core.webui.keyword.internal.WebUIKeywordMain.runKeyword(WebUIKeywordMain.groovy:41)
com.kms.katalon.core.webui.keyword.internal.WebUIKeywordMain.runKeywordUntilTimeout(WebUIKeywordMain.groovy:133)
com.kms.katalon.core.webui.keyword.builtin.SelectOptionByValueKeyword.selectOptionByValue(SelectOptionByValueKeyword.groovy:79)
com.kms.katalon.core.webui.keyword.builtin.SelectOptionByValueKeyword.execute(SelectOptionByValueKeyword.groovy:44)
com.kms.katalon.core.keyword.internal.KeywordExecutor.executeKeywordForPlatform(KeywordExecutor.groovy:95)
com.kms.katalon.core.webui.keyword.WebUiBuiltInKeywords.selectOptionByValue(WebUiBuiltInKeywords.groovy:1269)
SPV-CBU-Persetujuan.run(SPV-CBU-Persetujuan:34)
</property>
</record>
<record>
  <date>2026-07-21T09:04:26.282807300Z</date>
  <millis>1784624666282</millis>
  <nanos>807300</nanos>
  <sequence>1086</sequence>
  <level>END</level>
  <class>com.kms.katalon.core.logging.XmlKeywordLogger</class>
  <method>endKeyword</method>
  <thread>1</thread>
  <message>End action : selectOptionByValue(findTestObject(&amp;quot;Pilar 1/Showroom-Supplier/UAT/CBU/SPV-CBU-Persetujuan/Page_ApprovalKunjunganShowroom/select_b3-b1-DropdownCabang&amp;quot;), &amp;quot;2&amp;quot;, false)</message>
  <nestedLevel>1</nestedLevel>
  <escapedJava>false</escapedJava>
</record>
<record>
  <date>2026-07-21T09:04:26.282807300Z</date>
  <millis>1784624666282</millis>
  <nanos>807300</nanos>
  <sequence>1087</sequence>
  <level>START</level>
  <class>com.kms.katalon.core.logging.XmlKeywordLogger</class>
  <method>startKeyword</method>
  <thread>1</thread>
  <message>Start action : selectOptionByValue(findTestObject(&amp;quot;Pilar 1/Showroom-Supplier/UAT/CBU/SPV-CBU-Persetujuan/Page_ApprovalKunjunganShowroom/select_Select Status&amp;quot;), &amp;quot;0&amp;quot;, false)</message>
  <nestedLevel>1</nestedLevel>
  <escapedJava>false</escapedJava>
  <property name="startLine">37</property>
  <property name="stepIndex">8</property>
</record>
<record>
  <date>2026-07-21T09:04:26.282807300Z</date>
  <millis>1784624666282</millis>
  <nanos>807300</nanos>
  <sequence>1088</sequence>
  <level>NOT_RUN</level>
  <class>com.kms.katalon.core.logging.XmlKeywordLogger</class>
  <method>logMessage</method>
  <thread>1</thread>
  <message>NOT_RUN: selectOptionByValue(findTestObject(&amp;quot;Pilar 1/Showroom-Supplier/UAT/CBU/SPV-CBU-Persetujuan/Page_ApprovalKunjunganShowroom/select_Select Status&amp;quot;), &amp;quot;0&amp;quot;, false)</message>
  <nestedLevel>1</nestedLevel>
  <escapedJava>false</escapedJava>
</record>
<record>
  <date>2026-07-21T09:04:26.282807300Z</date>
  <millis>1784624666282</millis>
  <nanos>807300</nanos>
  <sequence>1089</sequence>
  <level>END</level>
  <class>com.kms.katalon.core.logging.XmlKeywordLogger</class>
  <method>endKeyword</method>
  <thread>1</thread>
  <message>End action : selectOptionByValue(findTestObject(&amp;quot;Pilar 1/Showroom-Supplier/UAT/CBU/SPV-CBU-Persetujuan/Page_ApprovalKunjunganShowroom/select_Select Status&amp;quot;), &amp;quot;0&amp;quot;, false)</message>
  <nestedLevel>1</nestedLevel>
  <escapedJava>false</escapedJava>
</record>
<record>
  <date>2026-07-21T09:04:26.282807300Z</date>
  <millis>1784624666282</millis>
  <nanos>807300</nanos>
  <sequence>1090</sequence>
  <level>START</level>
  <class>com.kms.katalon.core.logging.XmlKeywordLogger</class>
  <method>startKeyword</method>
  <thread>1</thread>
  <message>Start action : click(findTestObject(&amp;quot;Pilar 1/Showroom-Supplier/UAT/CBU/SPV-CBU-Persetujuan/Page_ApprovalKunjunganShowroom/button_Cari&amp;quot;))</message>
  <nestedLevel>1</nestedLevel>
  <escapedJava>false</escapedJava>
  <property name="startLine">40</property>
  <property name="stepIndex">9</property>
</record>
<record>
  <date>2026-07-21T09:04:26.582424Z</date>
  <millis>1784624666582</millis>
  <nanos>424000</nanos>
  <sequence>1101</sequence>
  <level>PASSED</level>
  <class>com.kms.katalon.core.logging.XmlKeywordLogger</class>
  <method>logMessage</method>
  <thread>1</thread>
  <message>Object: &amp;apos;Object Repository/Pilar 1/Showroom-Supplier/UAT/CBU/SPV-CBU-Persetujuan/Page_ApprovalKunjunganShowroom/button_Cari&amp;apos; is clicked on</message>
  <nestedLevel>1</nestedLevel>
  <escapedJava>false</escapedJava>
  <property name="testops-method-name">com.kms.katalon.core.webui.keyword.internal.WebUIKeywordMain.runKeywordUntilTimeout</property>
  <property name="testops-execution-stacktrace">com.kms.katalon.core.logging.KeywordLogger.logPassed(KeywordLogger.java:348)
com.kms.katalon.core.logging.KeywordLogger.logPassed(KeywordLogger.java:343)
com.kms.katalon.core.webui.keyword.builtin.ClickKeyword$_click_closure1.doCall(ClickKeyword.groovy:66)
java.base/jdk.internal.reflect.DirectMethodHandleAccessor.invoke(DirectMethodHandleAccessor.java:103)
jdk.proxy2/jdk.proxy2.$Proxy55.execute(Unknown Source)
com.kms.katalon.core.webui.model.SeleniumActionRetryController.performAction(SeleniumActionRetryController.java:96)
com.kms.katalon.core.webui.model.SeleniumActionRetryController.performAction(SeleniumActionRetryController.java:83)
com.kms.katalon.core.webui.keyword.internal.WebUIKeywordMain$_runKeywordUntilTimeout_closure1.doCall(WebUIKeywordMain.groovy:135)
com.kms.katalon.core.webui.keyword.internal.WebUIKeywordMain$_runKeywordUntilTimeout_closure1.call(WebUIKeywordMain.groovy)
com.kms.katalon.core.webui.keyword.internal.WebUIKeywordMain.runKeyword(WebUIKeywordMain.groovy:41)
com.kms.katalon.core.webui.keyword.internal.WebUIKeywordMain.runKeywordUntilTimeout(WebUIKeywordMain.groovy:133)
com.kms.katalon.core.webui.keyword.builtin.ClickKeyword.click(ClickKeyword.groovy:72)
com.kms.katalon.core.webui.keyword.builtin.ClickKeyword.execute(ClickKeyword.groovy:38)
com.kms.katalon.core.keyword.internal.KeywordExecutor.executeKeywordForPlatform(KeywordExecutor.groovy:95)
com.kms.katalon.core.webui.keyword.WebUiBuiltInKeywords.click(WebUiBuiltInKeywords.groovy:721)
SPV-CBU-Persetujuan.run(SPV-CBU-Persetujuan:40)
</property>
</record>
<record>
  <date>2026-07-21T09:04:26.584873500Z</date>
  <millis>1784624666584</millis>
  <nanos>873500</nanos>
  <sequence>1102</sequence>
  <level>END</level>
  <class>com.kms.katalon.core.logging.XmlKeywordLogger</class>
  <method>endKeyword</method>
  <thread>1</thread>
  <message>End action : click(findTestObject(&amp;quot;Pilar 1/Showroom-Supplier/UAT/CBU/SPV-CBU-Persetujuan/Page_ApprovalKunjunganShowroom/button_Cari&amp;quot;))</message>
  <nestedLevel>1</nestedLevel>
  <escapedJava>false</escapedJava>
</record>
<record>
  <date>2026-07-21T09:04:26.584873500Z</date>
  <millis>1784624666584</millis>
  <nanos>873500</nanos>
  <sequence>1103</sequence>
  <level>START</level>
  <class>com.kms.katalon.core.logging.XmlKeywordLogger</class>
  <method>startKeyword</method>
  <thread>1</thread>
  <message>Start action : click(findTestObject(&amp;quot;Pilar 1/Showroom-Supplier/UAT/CBU/SPV-CBU-Persetujuan/Page_ApprovalKunjunganShowroom/button_Persetujuan&amp;quot;))</message>
  <nestedLevel>1</nestedLevel>
  <escapedJava>false</escapedJava>
  <property name="startLine">42</property>
  <property name="stepIndex">10</property>
</record>
<record>
  <date>2026-07-21T09:04:28.306875300Z</date>
  <millis>1784624668306</millis>
  <nanos>875300</nanos>
  <sequence>1114</sequence>
  <level>PASSED</level>
  <class>com.kms.katalon.core.logging.XmlKeywordLogger</class>
  <method>logMessage</method>
  <thread>1</thread>
  <message>Object: &amp;apos;Object Repository/Pilar 1/Showroom-Supplier/UAT/CBU/SPV-CBU-Persetujuan/Page_ApprovalKunjunganShowroom/button_Persetujuan&amp;apos; is clicked on</message>
  <nestedLevel>1</nestedLevel>
  <escapedJava>false</escapedJava>
  <property name="testops-method-name">com.kms.katalon.core.webui.keyword.internal.WebUIKeywordMain.runKeywordUntilTimeout</property>
  <property name="testops-execution-stacktrace">com.kms.katalon.core.logging.KeywordLogger.logPassed(KeywordLogger.java:348)
com.kms.katalon.core.logging.KeywordLogger.logPassed(KeywordLogger.java:343)
com.kms.katalon.core.webui.keyword.builtin.ClickKeyword$_click_closure1.doCall(ClickKeyword.groovy:66)
java.base/jdk.internal.reflect.DirectMethodHandleAccessor.invoke(DirectMethodHandleAccessor.java:103)
jdk.proxy2/jdk.proxy2.$Proxy55.execute(Unknown Source)
com.kms.katalon.core.webui.model.SeleniumActionRetryController.performAction(SeleniumActionRetryController.java:96)
com.kms.katalon.core.webui.model.SeleniumActionRetryController.performAction(SeleniumActionRetryController.java:83)
com.kms.katalon.core.webui.keyword.internal.WebUIKeywordMain$_runKeywordUntilTimeout_closure1.doCall(WebUIKeywordMain.groovy:135)
com.kms.katalon.core.webui.keyword.internal.WebUIKeywordMain$_runKeywordUntilTimeout_closure1.call(WebUIKeywordMain.groovy)
com.kms.katalon.core.webui.keyword.internal.WebUIKeywordMain.runKeyword(WebUIKeywordMain.groovy:41)
com.kms.katalon.core.webui.keyword.internal.WebUIKeywordMain.runKeywordUntilTimeout(WebUIKeywordMain.groovy:133)
com.kms.katalon.core.webui.keyword.builtin.ClickKeyword.click(ClickKeyword.groovy:72)
com.kms.katalon.core.webui.keyword.builtin.ClickKeyword.execute(ClickKeyword.groovy:38)
com.kms.katalon.core.keyword.internal.KeywordExecutor.executeKeywordForPlatform(KeywordExecutor.groovy:95)
com.kms.katalon.core.webui.keyword.WebUiBuiltInKeywords.click(WebUiBuiltInKeywords.groovy:721)
SPV-CBU-Persetujuan.run(SPV-CBU-Persetujuan:42)
</property>
</record>
<record>
  <date>2026-07-21T09:04:28.307897900Z</date>
  <millis>1784624668307</millis>
  <nanos>897900</nanos>
  <sequence>1115</sequence>
  <level>END</level>
  <class>com.kms.katalon.core.logging.XmlKeywordLogger</class>
  <method>endKeyword</method>
  <thread>1</thread>
  <message>End action : click(findTestObject(&amp;quot;Pilar 1/Showroom-Supplier/UAT/CBU/SPV-CBU-Persetujuan/Page_ApprovalKunjunganShowroom/button_Persetujuan&amp;quot;))</message>
  <nestedLevel>1</nestedLevel>
  <escapedJava>false</escapedJava>
</record>
<record>
  <date>2026-07-21T09:04:28.309922100Z</date>
  <millis>1784624668309</millis>
  <nanos>922100</nanos>
  <sequence>1116</sequence>
  <level>START</level>
  <class>com.kms.katalon.core.logging.XmlKeywordLogger</class>
  <method>startKeyword</method>
  <thread>1</thread>
  <message>Start action : click(findTestObject(&amp;quot;Pilar 1/Showroom-Supplier/UAT/CBU/SPV-CBU-Persetujuan/Page_ApprovalKunjunganShowroomDetail/button_Lihat Foto&amp;quot;))</message>
  <nestedLevel>1</nestedLevel>
  <escapedJava>false</escapedJava>
  <property name="startLine">44</property>
  <property name="stepIndex">11</property>
</record>
<record>
  <date>2026-07-21T09:04:30.386044100Z</date>
  <millis>1784624670386</millis>
  <nanos>44100</nanos>
  <sequence>1127</sequence>
  <level>PASSED</level>
  <class>com.kms.katalon.core.logging.XmlKeywordLogger</class>
  <method>logMessage</method>
  <thread>1</thread>
  <message>Object: &amp;apos;Object Repository/Pilar 1/Showroom-Supplier/UAT/CBU/SPV-CBU-Persetujuan/Page_ApprovalKunjunganShowroomDetail/button_Lihat Foto&amp;apos; is clicked on</message>
  <nestedLevel>1</nestedLevel>
  <escapedJava>false</escapedJava>
  <property name="testops-method-name">com.kms.katalon.core.webui.keyword.internal.WebUIKeywordMain.runKeywordUntilTimeout</property>
  <property name="testops-execution-stacktrace">com.kms.katalon.core.logging.KeywordLogger.logPassed(KeywordLogger.java:348)
com.kms.katalon.core.logging.KeywordLogger.logPassed(KeywordLogger.java:343)
com.kms.katalon.core.webui.keyword.builtin.ClickKeyword$_click_closure1.doCall(ClickKeyword.groovy:66)
java.base/jdk.internal.reflect.DirectMethodHandleAccessor.invoke(DirectMethodHandleAccessor.java:103)
jdk.proxy2/jdk.proxy2.$Proxy55.execute(Unknown Source)
com.kms.katalon.core.webui.model.SeleniumActionRetryController.performAction(SeleniumActionRetryController.java:96)
com.kms.katalon.core.webui.model.SeleniumActionRetryController.performAction(SeleniumActionRetryController.java:83)
com.kms.katalon.core.webui.keyword.internal.WebUIKeywordMain$_runKeywordUntilTimeout_closure1.doCall(WebUIKeywordMain.groovy:135)
com.kms.katalon.core.webui.keyword.internal.WebUIKeywordMain$_runKeywordUntilTimeout_closure1.call(WebUIKeywordMain.groovy)
com.kms.katalon.core.webui.keyword.internal.WebUIKeywordMain.runKeyword(WebUIKeywordMain.groovy:41)
com.kms.katalon.core.webui.keyword.internal.WebUIKeywordMain.runKeywordUntilTimeout(WebUIKeywordMain.groovy:133)
com.kms.katalon.core.webui.keyword.builtin.ClickKeyword.click(ClickKeyword.groovy:72)
com.kms.katalon.core.webui.keyword.builtin.ClickKeyword.execute(ClickKeyword.groovy:38)
com.kms.katalon.core.keyword.internal.KeywordExecutor.executeKeywordForPlatform(KeywordExecutor.groovy:95)
com.kms.katalon.core.webui.keyword.WebUiBuiltInKeywords.click(WebUiBuiltInKeywords.groovy:721)
SPV-CBU-Persetujuan.run(SPV-CBU-Persetujuan:44)
</property>
</record>
<record>
  <date>2026-07-21T09:04:30.386933500Z</date>
  <millis>1784624670386</millis>
  <nanos>933500</nanos>
  <sequence>1128</sequence>
  <level>END</level>
  <class>com.kms.katalon.core.logging.XmlKeywordLogger</class>
  <method>endKeyword</method>
  <thread>1</thread>
  <message>End action : click(findTestObject(&amp;quot;Pilar 1/Showroom-Supplier/UAT/CBU/SPV-CBU-Persetujuan/Page_ApprovalKunjunganShowroomDetail/button_Lihat Foto&amp;quot;))</message>
  <nestedLevel>1</nestedLevel>
  <escapedJava>false</escapedJava>
</record>
<record>
  <date>2026-07-21T09:04:30.386933500Z</date>
  <millis>1784624670386</millis>
  <nanos>933500</nanos>
  <sequence>1129</sequence>
  <level>START</level>
  <class>com.kms.katalon.core.logging.XmlKeywordLogger</class>
  <method>startKeyword</method>
  <thread>1</thread>
  <message>Start action : click(findTestObject(&amp;quot;Pilar 1/Showroom-Supplier/UAT/CBU/SPV-CBU-Persetujuan/Page_ApprovalKunjunganShowroomDetail/button_Lihat Foto_1&amp;quot;))</message>
  <nestedLevel>1</nestedLevel>
  <escapedJava>false</escapedJava>
  <property name="startLine">46</property>
  <property name="stepIndex">12</property>
</record>
<record>
  <date>2026-07-21T09:04:31.877025200Z</date>
  <millis>1784624671877</millis>
  <nanos>25200</nanos>
  <sequence>1140</sequence>
  <level>PASSED</level>
  <class>com.kms.katalon.core.logging.XmlKeywordLogger</class>
  <method>logMessage</method>
  <thread>1</thread>
  <message>Object: &amp;apos;Object Repository/Pilar 1/Showroom-Supplier/UAT/CBU/SPV-CBU-Persetujuan/Page_ApprovalKunjunganShowroomDetail/button_Lihat Foto_1&amp;apos; is clicked on</message>
  <nestedLevel>1</nestedLevel>
  <escapedJava>false</escapedJava>
  <property name="testops-method-name">com.kms.katalon.core.webui.keyword.internal.WebUIKeywordMain.runKeywordUntilTimeout</property>
  <property name="testops-execution-stacktrace">com.kms.katalon.core.logging.KeywordLogger.logPassed(KeywordLogger.java:348)
com.kms.katalon.core.logging.KeywordLogger.logPassed(KeywordLogger.java:343)
com.kms.katalon.core.webui.keyword.builtin.ClickKeyword$_click_closure1.doCall(ClickKeyword.groovy:66)
java.base/jdk.internal.reflect.DirectMethodHandleAccessor.invoke(DirectMethodHandleAccessor.java:103)
jdk.proxy2/jdk.proxy2.$Proxy55.execute(Unknown Source)
com.kms.katalon.core.webui.model.SeleniumActionRetryController.performAction(SeleniumActionRetryController.java:96)
com.kms.katalon.core.webui.model.SeleniumActionRetryController.performAction(SeleniumActionRetryController.java:83)
com.kms.katalon.core.webui.keyword.internal.WebUIKeywordMain$_runKeywordUntilTimeout_closure1.doCall(WebUIKeywordMain.groovy:135)
com.kms.katalon.core.webui.keyword.internal.WebUIKeywordMain$_runKeywordUntilTimeout_closure1.call(WebUIKeywordMain.groovy)
com.kms.katalon.core.webui.keyword.internal.WebUIKeywordMain.runKeyword(WebUIKeywordMain.groovy:41)
com.kms.katalon.core.webui.keyword.internal.WebUIKeywordMain.runKeywordUntilTimeout(WebUIKeywordMain.groovy:133)
com.kms.katalon.core.webui.keyword.builtin.ClickKeyword.click(ClickKeyword.groovy:72)
com.kms.katalon.core.webui.keyword.builtin.ClickKeyword.execute(ClickKeyword.groovy:38)
com.kms.katalon.core.keyword.internal.KeywordExecutor.executeKeywordForPlatform(KeywordExecutor.groovy:95)
com.kms.katalon.core.webui.keyword.WebUiBuiltInKeywords.click(WebUiBuiltInKeywords.groovy:721)
SPV-CBU-Persetujuan.run(SPV-CBU-Persetujuan:46)
</property>
</record>
<record>
  <date>2026-07-21T09:04:31.877025200Z</date>
  <millis>1784624671877</millis>
  <nanos>25200</nanos>
  <sequence>1141</sequence>
  <level>END</level>
  <class>com.kms.katalon.core.logging.XmlKeywordLogger</class>
  <method>endKeyword</method>
  <thread>1</thread>
  <message>End action : click(findTestObject(&amp;quot;Pilar 1/Showroom-Supplier/UAT/CBU/SPV-CBU-Persetujuan/Page_ApprovalKunjunganShowroomDetail/button_Lihat Foto_1&amp;quot;))</message>
  <nestedLevel>1</nestedLevel>
  <escapedJava>false</escapedJava>
</record>
<record>
  <date>2026-07-21T09:04:31.877025200Z</date>
  <millis>1784624671877</millis>
  <nanos>25200</nanos>
  <sequence>1142</sequence>
  <level>START</level>
  <class>com.kms.katalon.core.logging.XmlKeywordLogger</class>
  <method>startKeyword</method>
  <thread>1</thread>
  <message>Start action : click(findTestObject(&amp;quot;Pilar 1/Showroom-Supplier/UAT/CBU/SPV-CBU-Persetujuan/Page_ApprovalKunjunganShowroomDetail/button_Lihat Foto_2&amp;quot;))</message>
  <nestedLevel>1</nestedLevel>
  <escapedJava>false</escapedJava>
  <property name="startLine">48</property>
  <property name="stepIndex">13</property>
</record>
<record>
  <date>2026-07-21T09:04:32.853718800Z</date>
  <millis>1784624672853</millis>
  <nanos>718800</nanos>
  <sequence>1153</sequence>
  <level>PASSED</level>
  <class>com.kms.katalon.core.logging.XmlKeywordLogger</class>
  <method>logMessage</method>
  <thread>1</thread>
  <message>Object: &amp;apos;Object Repository/Pilar 1/Showroom-Supplier/UAT/CBU/SPV-CBU-Persetujuan/Page_ApprovalKunjunganShowroomDetail/button_Lihat Foto_2&amp;apos; is clicked on</message>
  <nestedLevel>1</nestedLevel>
  <escapedJava>false</escapedJava>
  <property name="testops-method-name">com.kms.katalon.core.webui.keyword.internal.WebUIKeywordMain.runKeywordUntilTimeout</property>
  <property name="testops-execution-stacktrace">com.kms.katalon.core.logging.KeywordLogger.logPassed(KeywordLogger.java:348)
com.kms.katalon.core.logging.KeywordLogger.logPassed(KeywordLogger.java:343)
com.kms.katalon.core.webui.keyword.builtin.ClickKeyword$_click_closure1.doCall(ClickKeyword.groovy:66)
java.base/jdk.internal.reflect.DirectMethodHandleAccessor.invoke(DirectMethodHandleAccessor.java:103)
jdk.proxy2/jdk.proxy2.$Proxy55.execute(Unknown Source)
com.kms.katalon.core.webui.model.SeleniumActionRetryController.performAction(SeleniumActionRetryController.java:96)
com.kms.katalon.core.webui.model.SeleniumActionRetryController.performAction(SeleniumActionRetryController.java:83)
com.kms.katalon.core.webui.keyword.internal.WebUIKeywordMain$_runKeywordUntilTimeout_closure1.doCall(WebUIKeywordMain.groovy:135)
com.kms.katalon.core.webui.keyword.internal.WebUIKeywordMain$_runKeywordUntilTimeout_closure1.call(WebUIKeywordMain.groovy)
com.kms.katalon.core.webui.keyword.internal.WebUIKeywordMain.runKeyword(WebUIKeywordMain.groovy:41)
com.kms.katalon.core.webui.keyword.internal.WebUIKeywordMain.runKeywordUntilTimeout(WebUIKeywordMain.groovy:133)
com.kms.katalon.core.webui.keyword.builtin.ClickKeyword.click(ClickKeyword.groovy:72)
com.kms.katalon.core.webui.keyword.builtin.ClickKeyword.execute(ClickKeyword.groovy:38)
com.kms.katalon.core.keyword.internal.KeywordExecutor.executeKeywordForPlatform(KeywordExecutor.groovy:95)
com.kms.katalon.core.webui.keyword.WebUiBuiltInKeywords.click(WebUiBuiltInKeywords.groovy:721)
SPV-CBU-Persetujuan.run(SPV-CBU-Persetujuan:48)
</property>
</record>
<record>
  <date>2026-07-21T09:04:32.859947500Z</date>
  <millis>1784624672859</millis>
  <nanos>947500</nanos>
  <sequence>1154</sequence>
  <level>END</level>
  <class>com.kms.katalon.core.logging.XmlKeywordLogger</class>
  <method>endKeyword</method>
  <thread>1</thread>
  <message>End action : click(findTestObject(&amp;quot;Pilar 1/Showroom-Supplier/UAT/CBU/SPV-CBU-Persetujuan/Page_ApprovalKunjunganShowroomDetail/button_Lihat Foto_2&amp;quot;))</message>
  <nestedLevel>1</nestedLevel>
  <escapedJava>false</escapedJava>
</record>
<record>
  <date>2026-07-21T09:04:32.859947500Z</date>
  <millis>1784624672859</millis>
  <nanos>947500</nanos>
  <sequence>1155</sequence>
  <level>START</level>
  <class>com.kms.katalon.core.logging.XmlKeywordLogger</class>
  <method>startKeyword</method>
  <thread>1</thread>
  <message>Start action : click(findTestObject(&amp;quot;Pilar 1/Showroom-Supplier/UAT/CBU/SPV-CBU-Persetujuan/Page_ApprovalKunjunganShowroomDetail/button_Lihat Foto_3&amp;quot;))</message>
  <nestedLevel>1</nestedLevel>
  <escapedJava>false</escapedJava>
  <property name="startLine">50</property>
  <property name="stepIndex">14</property>
</record>
<record>
  <date>2026-07-21T09:04:33.677733800Z</date>
  <millis>1784624673677</millis>
  <nanos>733800</nanos>
  <sequence>1166</sequence>
  <level>PASSED</level>
  <class>com.kms.katalon.core.logging.XmlKeywordLogger</class>
  <method>logMessage</method>
  <thread>1</thread>
  <message>Object: &amp;apos;Object Repository/Pilar 1/Showroom-Supplier/UAT/CBU/SPV-CBU-Persetujuan/Page_ApprovalKunjunganShowroomDetail/button_Lihat Foto_3&amp;apos; is clicked on</message>
  <nestedLevel>1</nestedLevel>
  <escapedJava>false</escapedJava>
  <property name="testops-method-name">com.kms.katalon.core.webui.keyword.internal.WebUIKeywordMain.runKeywordUntilTimeout</property>
  <property name="testops-execution-stacktrace">com.kms.katalon.core.logging.KeywordLogger.logPassed(KeywordLogger.java:348)
com.kms.katalon.core.logging.KeywordLogger.logPassed(KeywordLogger.java:343)
com.kms.katalon.core.webui.keyword.builtin.ClickKeyword$_click_closure1.doCall(ClickKeyword.groovy:66)
java.base/jdk.internal.reflect.DirectMethodHandleAccessor.invoke(DirectMethodHandleAccessor.java:103)
jdk.proxy2/jdk.proxy2.$Proxy55.execute(Unknown Source)
com.kms.katalon.core.webui.model.SeleniumActionRetryController.performAction(SeleniumActionRetryController.java:96)
com.kms.katalon.core.webui.model.SeleniumActionRetryController.performAction(SeleniumActionRetryController.java:83)
com.kms.katalon.core.webui.keyword.internal.WebUIKeywordMain$_runKeywordUntilTimeout_closure1.doCall(WebUIKeywordMain.groovy:135)
com.kms.katalon.core.webui.keyword.internal.WebUIKeywordMain$_runKeywordUntilTimeout_closure1.call(WebUIKeywordMain.groovy)
com.kms.katalon.core.webui.keyword.internal.WebUIKeywordMain.runKeyword(WebUIKeywordMain.groovy:41)
com.kms.katalon.core.webui.keyword.internal.WebUIKeywordMain.runKeywordUntilTimeout(WebUIKeywordMain.groovy:133)
com.kms.katalon.core.webui.keyword.builtin.ClickKeyword.click(ClickKeyword.groovy:72)
com.kms.katalon.core.webui.keyword.builtin.ClickKeyword.execute(ClickKeyword.groovy:38)
com.kms.katalon.core.keyword.internal.KeywordExecutor.executeKeywordForPlatform(KeywordExecutor.groovy:95)
com.kms.katalon.core.webui.keyword.WebUiBuiltInKeywords.click(WebUiBuiltInKeywords.groovy:721)
SPV-CBU-Persetujuan.run(SPV-CBU-Persetujuan:50)
</property>
</record>
<record>
  <date>2026-07-21T09:04:33.678730600Z</date>
  <millis>1784624673678</millis>
  <nanos>730600</nanos>
  <sequence>1167</sequence>
  <level>END</level>
  <class>com.kms.katalon.core.logging.XmlKeywordLogger</class>
  <method>endKeyword</method>
  <thread>1</thread>
  <message>End action : click(findTestObject(&amp;quot;Pilar 1/Showroom-Supplier/UAT/CBU/SPV-CBU-Persetujuan/Page_ApprovalKunjunganShowroomDetail/button_Lihat Foto_3&amp;quot;))</message>
  <nestedLevel>1</nestedLevel>
  <escapedJava>false</escapedJava>
</record>
<record>
  <date>2026-07-21T09:04:33.678730600Z</date>
  <millis>1784624673678</millis>
  <nanos>730600</nanos>
  <sequence>1168</sequence>
  <level>START</level>
  <class>com.kms.katalon.core.logging.XmlKeywordLogger</class>
  <method>startKeyword</method>
  <thread>1</thread>
  <message>Start action : click(findTestObject(&amp;quot;Pilar 1/Showroom-Supplier/UAT/CBU/SPV-CBU-Persetujuan/Page_ApprovalKunjunganShowroomDetail/button_Lihat Dokumen&amp;quot;))</message>
  <nestedLevel>1</nestedLevel>
  <escapedJava>false</escapedJava>
  <property name="startLine">52</property>
  <property name="stepIndex">15</property>
</record>
<record>
  <date>2026-07-21T09:04:34.442758300Z</date>
  <millis>1784624674442</millis>
  <nanos>758300</nanos>
  <sequence>1179</sequence>
  <level>PASSED</level>
  <class>com.kms.katalon.core.logging.XmlKeywordLogger</class>
  <method>logMessage</method>
  <thread>1</thread>
  <message>Object: &amp;apos;Object Repository/Pilar 1/Showroom-Supplier/UAT/CBU/SPV-CBU-Persetujuan/Page_ApprovalKunjunganShowroomDetail/button_Lihat Dokumen&amp;apos; is clicked on</message>
  <nestedLevel>1</nestedLevel>
  <escapedJava>false</escapedJava>
  <property name="testops-method-name">com.kms.katalon.core.webui.keyword.internal.WebUIKeywordMain.runKeywordUntilTimeout</property>
  <property name="testops-execution-stacktrace">com.kms.katalon.core.logging.KeywordLogger.logPassed(KeywordLogger.java:348)
com.kms.katalon.core.logging.KeywordLogger.logPassed(KeywordLogger.java:343)
com.kms.katalon.core.webui.keyword.builtin.ClickKeyword$_click_closure1.doCall(ClickKeyword.groovy:66)
java.base/jdk.internal.reflect.DirectMethodHandleAccessor.invoke(DirectMethodHandleAccessor.java:103)
jdk.proxy2/jdk.proxy2.$Proxy55.execute(Unknown Source)
com.kms.katalon.core.webui.model.SeleniumActionRetryController.performAction(SeleniumActionRetryController.java:96)
com.kms.katalon.core.webui.model.SeleniumActionRetryController.performAction(SeleniumActionRetryController.java:83)
com.kms.katalon.core.webui.keyword.internal.WebUIKeywordMain$_runKeywordUntilTimeout_closure1.doCall(WebUIKeywordMain.groovy:135)
com.kms.katalon.core.webui.keyword.internal.WebUIKeywordMain$_runKeywordUntilTimeout_closure1.call(WebUIKeywordMain.groovy)
com.kms.katalon.core.webui.keyword.internal.WebUIKeywordMain.runKeyword(WebUIKeywordMain.groovy:41)
com.kms.katalon.core.webui.keyword.internal.WebUIKeywordMain.runKeywordUntilTimeout(WebUIKeywordMain.groovy:133)
com.kms.katalon.core.webui.keyword.builtin.ClickKeyword.click(ClickKeyword.groovy:72)
com.kms.katalon.core.webui.keyword.builtin.ClickKeyword.execute(ClickKeyword.groovy:38)
com.kms.katalon.core.keyword.internal.KeywordExecutor.executeKeywordForPlatform(KeywordExecutor.groovy:95)
com.kms.katalon.core.webui.keyword.WebUiBuiltInKeywords.click(WebUiBuiltInKeywords.groovy:721)
SPV-CBU-Persetujuan.run(SPV-CBU-Persetujuan:52)
</property>
</record>
<record>
  <date>2026-07-21T09:04:34.442758300Z</date>
  <millis>1784624674442</millis>
  <nanos>758300</nanos>
  <sequence>1180</sequence>
  <level>END</level>
  <class>com.kms.katalon.core.logging.XmlKeywordLogger</class>
  <method>endKeyword</method>
  <thread>1</thread>
  <message>End action : click(findTestObject(&amp;quot;Pilar 1/Showroom-Supplier/UAT/CBU/SPV-CBU-Persetujuan/Page_ApprovalKunjunganShowroomDetail/button_Lihat Dokumen&amp;quot;))</message>
  <nestedLevel>1</nestedLevel>
  <escapedJava>false</escapedJava>
</record>
<record>
  <date>2026-07-21T09:04:34.442758300Z</date>
  <millis>1784624674442</millis>
  <nanos>758300</nanos>
  <sequence>1181</sequence>
  <level>START</level>
  <class>com.kms.katalon.core.logging.XmlKeywordLogger</class>
  <method>startKeyword</method>
  <thread>1</thread>
  <message>Start action : selectOptionByValue(findTestObject(&amp;quot;Pilar 1/Showroom-Supplier/UAT/CBU/SPV-CBU-Persetujuan/Page_ApprovalKunjunganShowroomDetail/select_b3-b2-Status2&amp;quot;), &amp;quot;0&amp;quot;, false)</message>
  <nestedLevel>1</nestedLevel>
  <escapedJava>false</escapedJava>
  <property name="startLine">54</property>
  <property name="stepIndex">16</property>
</record>
<record>
  <date>2026-07-21T09:04:35.401803900Z</date>
  <millis>1784624675401</millis>
  <nanos>803900</nanos>
  <sequence>1193</sequence>
  <level>PASSED</level>
  <class>com.kms.katalon.core.logging.XmlKeywordLogger</class>
  <method>logMessage</method>
  <thread>1</thread>
  <message>All options with value &amp;apos;0&amp;apos; are selected in object &amp;apos;Object Repository/Pilar 1/Showroom-Supplier/UAT/CBU/SPV-CBU-Persetujuan/Page_ApprovalKunjunganShowroomDetail/select_b3-b2-Status2&amp;apos; </message>
  <nestedLevel>1</nestedLevel>
  <escapedJava>false</escapedJava>
  <property name="testops-method-name">com.kms.katalon.core.webui.keyword.internal.WebUIKeywordMain.runKeywordUntilTimeout</property>
  <property name="testops-execution-stacktrace">com.kms.katalon.core.logging.KeywordLogger.logPassed(KeywordLogger.java:348)
com.kms.katalon.core.logging.KeywordLogger.logPassed(KeywordLogger.java:343)
com.kms.katalon.core.webui.keyword.builtin.SelectOptionByValueKeyword$_selectOptionByValue_closure1.doCall(SelectOptionByValueKeyword.groovy:70)
java.base/jdk.internal.reflect.DirectMethodHandleAccessor.invoke(DirectMethodHandleAccessor.java:103)
jdk.proxy2/jdk.proxy2.$Proxy55.execute(Unknown Source)
com.kms.katalon.core.webui.model.SeleniumActionRetryController.performAction(SeleniumActionRetryController.java:96)
com.kms.katalon.core.webui.model.SeleniumActionRetryController.performAction(SeleniumActionRetryController.java:83)
com.kms.katalon.core.webui.keyword.internal.WebUIKeywordMain$_runKeywordUntilTimeout_closure1.doCall(WebUIKeywordMain.groovy:135)
com.kms.katalon.core.webui.keyword.internal.WebUIKeywordMain$_runKeywordUntilTimeout_closure1.call(WebUIKeywordMain.groovy)
com.kms.katalon.core.webui.keyword.internal.WebUIKeywordMain.runKeyword(WebUIKeywordMain.groovy:41)
com.kms.katalon.core.webui.keyword.internal.WebUIKeywordMain.runKeywordUntilTimeout(WebUIKeywordMain.groovy:133)
com.kms.katalon.core.webui.keyword.builtin.SelectOptionByValueKeyword.selectOptionByValue(SelectOptionByValueKeyword.groovy:79)
com.kms.katalon.core.webui.keyword.builtin.SelectOptionByValueKeyword.execute(SelectOptionByValueKeyword.groovy:44)
com.kms.katalon.core.keyword.internal.KeywordExecutor.executeKeywordForPlatform(KeywordExecutor.groovy:95)
com.kms.katalon.core.webui.keyword.WebUiBuiltInKeywords.selectOptionByValue(WebUiBuiltInKeywords.groovy:1269)
SPV-CBU-Persetujuan.run(SPV-CBU-Persetujuan:54)
</property>
</record>
<record>
  <date>2026-07-21T09:04:35.406773800Z</date>
  <millis>1784624675406</millis>
  <nanos>773800</nanos>
  <sequence>1194</sequence>
  <level>END</level>
  <class>com.kms.katalon.core.logging.XmlKeywordLogger</class>
  <method>endKeyword</method>
  <thread>1</thread>
  <message>End action : selectOptionByValue(findTestObject(&amp;quot;Pilar 1/Showroom-Supplier/UAT/CBU/SPV-CBU-Persetujuan/Page_ApprovalKunjunganShowroomDetail/select_b3-b2-Status2&amp;quot;), &amp;quot;0&amp;quot;, false)</message>
  <nestedLevel>1</nestedLevel>
  <escapedJava>false</escapedJava>
</record>
<record>
  <date>2026-07-21T09:04:35.407778200Z</date>
  <millis>1784624675407</millis>
  <nanos>778200</nanos>
  <sequence>1195</sequence>
  <level>START</level>
  <class>com.kms.katalon.core.logging.XmlKeywordLogger</class>
  <method>startKeyword</method>
  <thread>1</thread>
  <message>Start action : setText(findTestObject(&amp;quot;Pilar 1/Showroom-Supplier/UAT/CBU/SPV-CBU-Persetujuan/Page_ApprovalKunjunganShowroomDetail/textarea_b3-b2-TextArea_Catatan&amp;quot;), &amp;quot;Okay saya setujui dan akan tindak lanjut&amp;quot;)</message>
  <nestedLevel>1</nestedLevel>
  <escapedJava>false</escapedJava>
  <property name="startLine">57</property>
  <property name="stepIndex">17</property>
</record>
<record>
  <date>2026-07-21T09:04:36.093759400Z</date>
  <millis>1784624676093</millis>
  <nanos>759400</nanos>
  <sequence>1209</sequence>
  <level>PASSED</level>
  <class>com.kms.katalon.core.logging.XmlKeywordLogger</class>
  <method>logMessage</method>
  <thread>1</thread>
  <message>Text &amp;apos;Okay saya setujui dan akan tindak lanjut&amp;apos; is set on object &amp;apos;Object Repository/Pilar 1/Showroom-Supplier/UAT/CBU/SPV-CBU-Persetujuan/Page_ApprovalKunjunganShowroomDetail/textarea_b3-b2-TextArea_Catatan&amp;apos;</message>
  <nestedLevel>1</nestedLevel>
  <escapedJava>false</escapedJava>
  <property name="testops-method-name">com.kms.katalon.core.webui.keyword.internal.WebUIKeywordMain.runKeywordUntilTimeout</property>
  <property name="testops-execution-stacktrace">com.kms.katalon.core.logging.KeywordLogger.logPassed(KeywordLogger.java:348)
com.kms.katalon.core.logging.KeywordLogger.logPassed(KeywordLogger.java:343)
com.kms.katalon.core.webui.keyword.builtin.SetTextKeyword$_setText_closure1.doCall(SetTextKeyword.groovy:99)
java.base/jdk.internal.reflect.DirectMethodHandleAccessor.invoke(DirectMethodHandleAccessor.java:103)
jdk.proxy2/jdk.proxy2.$Proxy55.execute(Unknown Source)
com.kms.katalon.core.webui.model.SeleniumActionRetryController.performAction(SeleniumActionRetryController.java:96)
com.kms.katalon.core.webui.model.SeleniumActionRetryController.performAction(SeleniumActionRetryController.java:83)
com.kms.katalon.core.webui.keyword.internal.WebUIKeywordMain$_runKeywordUntilTimeout_closure1.doCall(WebUIKeywordMain.groovy:135)
com.kms.katalon.core.webui.keyword.internal.WebUIKeywordMain$_runKeywordUntilTimeout_closure1.call(WebUIKeywordMain.groovy)
com.kms.katalon.core.webui.keyword.internal.WebUIKeywordMain.runKeyword(WebUIKeywordMain.groovy:41)
com.kms.katalon.core.webui.keyword.internal.WebUIKeywordMain.runKeywordUntilTimeout(WebUIKeywordMain.groovy:133)
com.kms.katalon.core.webui.keyword.builtin.SetTextKeyword.setText(SetTextKeyword.groovy:106)
com.kms.katalon.core.webui.keyword.builtin.SetTextKeyword.execute(SetTextKeyword.groovy:49)
com.kms.katalon.core.keyword.internal.KeywordExecutor.executeKeywordForPlatform(KeywordExecutor.groovy:95)
com.kms.katalon.core.webui.keyword.WebUiBuiltInKeywords.setText(WebUiBuiltInKeywords.groovy:1081)
SPV-CBU-Persetujuan.run(SPV-CBU-Persetujuan:57)
</property>
</record>
<record>
  <date>2026-07-21T09:04:36.104586Z</date>
  <millis>1784624676104</millis>
  <nanos>586000</nanos>
  <sequence>1210</sequence>
  <level>END</level>
  <class>com.kms.katalon.core.logging.XmlKeywordLogger</class>
  <method>endKeyword</method>
  <thread>1</thread>
  <message>End action : setText(findTestObject(&amp;quot;Pilar 1/Showroom-Supplier/UAT/CBU/SPV-CBU-Persetujuan/Page_ApprovalKunjunganShowroomDetail/textarea_b3-b2-TextArea_Catatan&amp;quot;), &amp;quot;Okay saya setujui dan akan tindak lanjut&amp;quot;)</message>
  <nestedLevel>1</nestedLevel>
  <escapedJava>false</escapedJava>
</record>
<record>
  <date>2026-07-21T09:04:36.106589700Z</date>
  <millis>1784624676106</millis>
  <nanos>589700</nanos>
  <sequence>1211</sequence>
  <level>START</level>
  <class>com.kms.katalon.core.logging.XmlKeywordLogger</class>
  <method>startKeyword</method>
  <thread>1</thread>
  <message>Start action : click(findTestObject(&amp;quot;Pilar 1/Showroom-Supplier/UAT/CBU/SPV-CBU-Persetujuan/Page_ApprovalKunjunganShowroomDetail/button_Submit&amp;quot;))</message>
  <nestedLevel>1</nestedLevel>
  <escapedJava>false</escapedJava>
  <property name="startLine">60</property>
  <property name="stepIndex">18</property>
</record>
<record>
  <date>2026-07-21T09:04:36.655743800Z</date>
  <millis>1784624676655</millis>
  <nanos>743800</nanos>
  <sequence>1222</sequence>
  <level>PASSED</level>
  <class>com.kms.katalon.core.logging.XmlKeywordLogger</class>
  <method>logMessage</method>
  <thread>1</thread>
  <message>Object: &amp;apos;Object Repository/Pilar 1/Showroom-Supplier/UAT/CBU/SPV-CBU-Persetujuan/Page_ApprovalKunjunganShowroomDetail/button_Submit&amp;apos; is clicked on</message>
  <nestedLevel>1</nestedLevel>
  <escapedJava>false</escapedJava>
  <property name="testops-method-name">com.kms.katalon.core.webui.keyword.internal.WebUIKeywordMain.runKeywordUntilTimeout</property>
  <property name="testops-execution-stacktrace">com.kms.katalon.core.logging.KeywordLogger.logPassed(KeywordLogger.java:348)
com.kms.katalon.core.logging.KeywordLogger.logPassed(KeywordLogger.java:343)
com.kms.katalon.core.webui.keyword.builtin.ClickKeyword$_click_closure1.doCall(ClickKeyword.groovy:66)
java.base/jdk.internal.reflect.DirectMethodHandleAccessor.invoke(DirectMethodHandleAccessor.java:103)
jdk.proxy2/jdk.proxy2.$Proxy55.execute(Unknown Source)
com.kms.katalon.core.webui.model.SeleniumActionRetryController.performAction(SeleniumActionRetryController.java:96)
com.kms.katalon.core.webui.model.SeleniumActionRetryController.performAction(SeleniumActionRetryController.java:83)
com.kms.katalon.core.webui.keyword.internal.WebUIKeywordMain$_runKeywordUntilTimeout_closure1.doCall(WebUIKeywordMain.groovy:135)
com.kms.katalon.core.webui.keyword.internal.WebUIKeywordMain$_runKeywordUntilTimeout_closure1.call(WebUIKeywordMain.groovy)
com.kms.katalon.core.webui.keyword.internal.WebUIKeywordMain.runKeyword(WebUIKeywordMain.groovy:41)
com.kms.katalon.core.webui.keyword.internal.WebUIKeywordMain.runKeywordUntilTimeout(WebUIKeywordMain.groovy:133)
com.kms.katalon.core.webui.keyword.builtin.ClickKeyword.click(ClickKeyword.groovy:72)
com.kms.katalon.core.webui.keyword.builtin.ClickKeyword.execute(ClickKeyword.groovy:38)
com.kms.katalon.core.keyword.internal.KeywordExecutor.executeKeywordForPlatform(KeywordExecutor.groovy:95)
com.kms.katalon.core.webui.keyword.WebUiBuiltInKeywords.click(WebUiBuiltInKeywords.groovy:721)
SPV-CBU-Persetujuan.run(SPV-CBU-Persetujuan:60)
</property>
</record>
<record>
  <date>2026-07-21T09:04:36.655743800Z</date>
  <millis>1784624676655</millis>
  <nanos>743800</nanos>
  <sequence>1223</sequence>
  <level>END</level>
  <class>com.kms.katalon.core.logging.XmlKeywordLogger</class>
  <method>endKeyword</method>
  <thread>1</thread>
  <message>End action : click(findTestObject(&amp;quot;Pilar 1/Showroom-Supplier/UAT/CBU/SPV-CBU-Persetujuan/Page_ApprovalKunjunganShowroomDetail/button_Submit&amp;quot;))</message>
  <nestedLevel>1</nestedLevel>
  <escapedJava>false</escapedJava>
</record>
<record>
  <date>2026-07-21T09:04:36.655743800Z</date>
  <millis>1784624676655</millis>
  <nanos>743800</nanos>
  <sequence>1224</sequence>
  <level>START</level>
  <class>com.kms.katalon.core.logging.XmlKeywordLogger</class>
  <method>startKeyword</method>
  <thread>1</thread>
  <message>Start action : delay(3)</message>
  <nestedLevel>1</nestedLevel>
  <escapedJava>false</escapedJava>
  <property name="startLine">62</property>
  <property name="stepIndex">19</property>
</record>
<record>
  <date>2026-07-21T09:04:39.668957500Z</date>
  <millis>1784624679668</millis>
  <nanos>957500</nanos>
  <sequence>1227</sequence>
  <level>PASSED</level>
  <class>com.kms.katalon.core.logging.XmlKeywordLogger</class>
  <method>logMessage</method>
  <thread>1</thread>
  <message>Delayed 3 second(s)</message>
  <nestedLevel>1</nestedLevel>
  <escapedJava>false</escapedJava>
  <property name="testops-method-name">com.kms.katalon.core.keyword.builtin.DelayKeyword.delay</property>
  <property name="testops-execution-stacktrace"></property>
</record>
<record>
  <date>2026-07-21T09:04:39.668957500Z</date>
  <millis>1784624679668</millis>
  <nanos>957500</nanos>
  <sequence>1228</sequence>
  <level>END</level>
  <class>com.kms.katalon.core.logging.XmlKeywordLogger</class>
  <method>endKeyword</method>
  <thread>1</thread>
  <message>End action : delay(3)</message>
  <nestedLevel>1</nestedLevel>
  <escapedJava>false</escapedJava>
</record>
<record>
  <date>2026-07-21T09:04:39.668957500Z</date>
  <millis>1784624679668</millis>
  <nanos>957500</nanos>
  <sequence>1229</sequence>
  <level>START</level>
  <class>com.kms.katalon.core.logging.XmlKeywordLogger</class>
  <method>startKeyword</method>
  <thread>1</thread>
  <message>Start action : selectOptionByValue(findTestObject(&amp;quot;Pilar 1/Showroom-Supplier/UAT/CBU/SPV-CBU-Persetujuan/Page_ApprovalKunjunganShowroom/select_Select Status&amp;quot;), &amp;quot;2&amp;quot;, false)</message>
  <nestedLevel>1</nestedLevel>
  <escapedJava>false</escapedJava>
  <property name="startLine">64</property>
  <property name="stepIndex">20</property>
</record>
<record>
  <date>2026-07-21T09:04:44.091601800Z</date>
  <millis>1784624684091</millis>
  <nanos>601800</nanos>
  <sequence>1241</sequence>
  <level>PASSED</level>
  <class>com.kms.katalon.core.logging.XmlKeywordLogger</class>
  <method>logMessage</method>
  <thread>1</thread>
  <message>All options with value &amp;apos;2&amp;apos; are selected in object &amp;apos;Object Repository/Pilar 1/Showroom-Supplier/UAT/CBU/SPV-CBU-Persetujuan/Page_ApprovalKunjunganShowroom/select_Select Status&amp;apos; </message>
  <nestedLevel>1</nestedLevel>
  <escapedJava>false</escapedJava>
  <property name="testops-method-name">com.kms.katalon.core.webui.keyword.internal.WebUIKeywordMain.runKeywordUntilTimeout</property>
  <property name="testops-execution-stacktrace">com.kms.katalon.core.logging.KeywordLogger.logPassed(KeywordLogger.java:348)
com.kms.katalon.core.logging.KeywordLogger.logPassed(KeywordLogger.java:343)
com.kms.katalon.core.webui.keyword.builtin.SelectOptionByValueKeyword$_selectOptionByValue_closure1.doCall(SelectOptionByValueKeyword.groovy:70)
java.base/jdk.internal.reflect.DirectMethodHandleAccessor.invoke(DirectMethodHandleAccessor.java:103)
jdk.proxy2/jdk.proxy2.$Proxy55.execute(Unknown Source)
com.kms.katalon.core.webui.model.SeleniumActionRetryController.performAction(SeleniumActionRetryController.java:96)
com.kms.katalon.core.webui.model.SeleniumActionRetryController.performAction(SeleniumActionRetryController.java:83)
com.kms.katalon.core.webui.keyword.internal.WebUIKeywordMain$_runKeywordUntilTimeout_closure1.doCall(WebUIKeywordMain.groovy:135)
com.kms.katalon.core.webui.keyword.internal.WebUIKeywordMain$_runKeywordUntilTimeout_closure1.call(WebUIKeywordMain.groovy)
com.kms.katalon.core.webui.keyword.internal.WebUIKeywordMain.runKeyword(WebUIKeywordMain.groovy:41)
com.kms.katalon.core.webui.keyword.internal.WebUIKeywordMain.runKeywordUntilTimeout(WebUIKeywordMain.groovy:133)
com.kms.katalon.core.webui.keyword.builtin.SelectOptionByValueKeyword.selectOptionByValue(SelectOptionByValueKeyword.groovy:79)
com.kms.katalon.core.webui.keyword.builtin.SelectOptionByValueKeyword.execute(SelectOptionByValueKeyword.groovy:44)
com.kms.katalon.core.keyword.internal.KeywordExecutor.executeKeywordForPlatform(KeywordExecutor.groovy:95)
com.kms.katalon.core.webui.keyword.WebUiBuiltInKeywords.selectOptionByValue(WebUiBuiltInKeywords.groovy:1269)
SPV-CBU-Persetujuan.run(SPV-CBU-Persetujuan:64)
</property>
</record>
<record>
  <date>2026-07-21T09:04:44.094725300Z</date>
  <millis>1784624684094</millis>
  <nanos>725300</nanos>
  <sequence>1242</sequence>
  <level>END</level>
  <class>com.kms.katalon.core.logging.XmlKeywordLogger</class>
  <method>endKeyword</method>
  <thread>1</thread>
  <message>End action : selectOptionByValue(findTestObject(&amp;quot;Pilar 1/Showroom-Supplier/UAT/CBU/SPV-CBU-Persetujuan/Page_ApprovalKunjunganShowroom/select_Select Status&amp;quot;), &amp;quot;2&amp;quot;, false)</message>
  <nestedLevel>1</nestedLevel>
  <escapedJava>false</escapedJava>
</record>
<record>
  <date>2026-07-21T09:04:44.094725300Z</date>
  <millis>1784624684094</millis>
  <nanos>725300</nanos>
  <sequence>1243</sequence>
  <level>START</level>
  <class>com.kms.katalon.core.logging.XmlKeywordLogger</class>
  <method>startKeyword</method>
  <thread>1</thread>
  <message>Start action : click(findTestObject(&amp;quot;Pilar 1/Showroom-Supplier/UAT/CBU/SPV-CBU-Persetujuan/Page_ApprovalKunjunganShowroom/button_Hasil&amp;quot;))</message>
  <nestedLevel>1</nestedLevel>
  <escapedJava>false</escapedJava>
  <property name="startLine">67</property>
  <property name="stepIndex">21</property>
</record>
<record>
  <date>2026-07-21T09:04:44.393470600Z</date>
  <millis>1784624684393</millis>
  <nanos>470600</nanos>
  <sequence>1254</sequence>
  <level>PASSED</level>
  <class>com.kms.katalon.core.logging.XmlKeywordLogger</class>
  <method>logMessage</method>
  <thread>1</thread>
  <message>Object: &amp;apos;Object Repository/Pilar 1/Showroom-Supplier/UAT/CBU/SPV-CBU-Persetujuan/Page_ApprovalKunjunganShowroom/button_Hasil&amp;apos; is clicked on</message>
  <nestedLevel>1</nestedLevel>
  <escapedJava>false</escapedJava>
  <property name="testops-method-name">com.kms.katalon.core.webui.keyword.internal.WebUIKeywordMain.runKeywordUntilTimeout</property>
  <property name="testops-execution-stacktrace">com.kms.katalon.core.logging.KeywordLogger.logPassed(KeywordLogger.java:348)
com.kms.katalon.core.logging.KeywordLogger.logPassed(KeywordLogger.java:343)
com.kms.katalon.core.webui.keyword.builtin.ClickKeyword$_click_closure1.doCall(ClickKeyword.groovy:66)
java.base/jdk.internal.reflect.DirectMethodHandleAccessor.invoke(DirectMethodHandleAccessor.java:103)
jdk.proxy2/jdk.proxy2.$Proxy55.execute(Unknown Source)
com.kms.katalon.core.webui.model.SeleniumActionRetryController.performAction(SeleniumActionRetryController.java:96)
com.kms.katalon.core.webui.model.SeleniumActionRetryController.performAction(SeleniumActionRetryController.java:83)
com.kms.katalon.core.webui.keyword.internal.WebUIKeywordMain$_runKeywordUntilTimeout_closure1.doCall(WebUIKeywordMain.groovy:135)
com.kms.katalon.core.webui.keyword.internal.WebUIKeywordMain$_runKeywordUntilTimeout_closure1.call(WebUIKeywordMain.groovy)
com.kms.katalon.core.webui.keyword.internal.WebUIKeywordMain.runKeyword(WebUIKeywordMain.groovy:41)
com.kms.katalon.core.webui.keyword.internal.WebUIKeywordMain.runKeywordUntilTimeout(WebUIKeywordMain.groovy:133)
com.kms.katalon.core.webui.keyword.builtin.ClickKeyword.click(ClickKeyword.groovy:72)
com.kms.katalon.core.webui.keyword.builtin.ClickKeyword.execute(ClickKeyword.groovy:38)
com.kms.katalon.core.keyword.internal.KeywordExecutor.executeKeywordForPlatform(KeywordExecutor.groovy:95)
com.kms.katalon.core.webui.keyword.WebUiBuiltInKeywords.click(WebUiBuiltInKeywords.groovy:721)
SPV-CBU-Persetujuan.run(SPV-CBU-Persetujuan:67)
</property>
</record>
<record>
  <date>2026-07-21T09:04:44.394525100Z</date>
  <millis>1784624684394</millis>
  <nanos>525100</nanos>
  <sequence>1255</sequence>
  <level>END</level>
  <class>com.kms.katalon.core.logging.XmlKeywordLogger</class>
  <method>endKeyword</method>
  <thread>1</thread>
  <message>End action : click(findTestObject(&amp;quot;Pilar 1/Showroom-Supplier/UAT/CBU/SPV-CBU-Persetujuan/Page_ApprovalKunjunganShowroom/button_Hasil&amp;quot;))</message>
  <nestedLevel>1</nestedLevel>
  <escapedJava>false</escapedJava>
</record>
<record>
  <date>2026-07-21T09:04:44.394525100Z</date>
  <millis>1784624684394</millis>
  <nanos>525100</nanos>
  <sequence>1256</sequence>
  <level>PASSED</level>
  <class>com.kms.katalon.core.logging.XmlKeywordLogger</class>
  <method>logMessage</method>
  <thread>1</thread>
  <message>Test Cases/Pilar 1/Showroom-Supplier/UAT/CBU/SPV-CBU-Persetujuan</message>
  <nestedLevel>1</nestedLevel>
  <escapedJava>false</escapedJava>
</record>
<record>
  <date>2026-07-21T09:04:44.394525100Z</date>
  <millis>1784624684394</millis>
  <nanos>525100</nanos>
  <sequence>1257</sequence>
  <level>END</level>
  <class>com.kms.katalon.core.logging.XmlKeywordLogger</class>
  <method>endTest</method>
  <thread>1</thread>
  <message>End Test Case : Test Cases/Pilar 1/Showroom-Supplier/UAT/CBU/SPV-CBU-Persetujuan</message>
  <nestedLevel>0</nestedLevel>
  <escapedJava>false</escapedJava>
  <property name="executionBindingVariables">[]</property>
  <property name="applitools">false</property>
  <property name="executedKeywords">{
  &quot;WebUI.setEncryptedText&quot;: 1,
  &quot;WebUI.maximizeWindow&quot;: 1,
  &quot;WebUI.waitForElementVisible&quot;: 2,
  &quot;WebUI.click&quot;: 13,
  &quot;WebUI.doubleClick&quot;: 1,
  &quot;WebUI.selectOptionByValue&quot;: 3,
  &quot;BuiltIn.callTestCase&quot;: 1,
  &quot;WebUI.openBrowser&quot;: 1,
  &quot;BuiltIn.delay&quot;: 3,
  &quot;WebUI.setText&quot;: 4
}</property>
  <property name="keywordsUsage">{
  &quot;web_ui&quot;: true,
  &quot;web_service&quot;: false,
  &quot;cucumber&quot;: false,
  &quot;builtin&quot;: true,
  &quot;mobile&quot;: false,
  &quot;windows&quot;: false,
  &quot;testng&quot;: false
}</property>
</record>
<record>
  <date>2026-07-21T09:04:44.398429400Z</date>
  <millis>1784624684398</millis>
  <nanos>429400</nanos>
  <sequence>1258</sequence>
  <level>START</level>
  <class>com.kms.katalon.core.logging.XmlKeywordLogger</class>
  <method>startTest</method>
  <thread>1</thread>
  <message>Start Test Case : Test Cases/Pilar 1/Showroom-Supplier/UAT/CBU/SPV_CBU_Assign_PIC</message>
  <nestedLevel>1</nestedLevel>
  <escapedJava>false</escapedJava>
  <property name="origin"></property>
  <property name="name">Test Cases/Pilar 1/Showroom-Supplier/UAT/CBU/SPV_CBU_Assign_PIC</property>
  <property name="description"></property>
  <property name="iteration"></property>
  <property name="id">Test Cases/Pilar 1/Showroom-Supplier/UAT/CBU/SPV_CBU_Assign_PIC</property>
  <property name="source">C:\Users\Syarifah Risyani\git\Pilar 1\CSUL-Pilar-1\Test Cases\Pilar 1\Showroom-Supplier\UAT\CBU\SPV_CBU_Assign_PIC.tc</property>
  <property name="tag"></property>
  <property name="isOptional">false</property>
  <property name="uuid">526084be-74ac-4145-9bc6-792de843343a</property>
</record>
<record>
  <date>2026-07-21T09:04:44.417507300Z</date>
  <millis>1784624684417</millis>
  <nanos>507300</nanos>
  <sequence>1260</sequence>
  <level>RUN_DATA</level>
  <class>com.kms.katalon.core.logging.XmlKeywordLogger</class>
  <method>logMessage</method>
  <thread>1</thread>
  <message>executionBindingVariables = []</message>
  <nestedLevel>1</nestedLevel>
  <escapedJava>false</escapedJava>
  <property name="executionBindingVariables">[]</property>
</record>
<record>
  <date>2026-07-21T09:04:44.891043300Z</date>
  <millis>1784624684891</millis>
  <nanos>43300</nanos>
  <sequence>1261</sequence>
  <level>START</level>
  <class>com.kms.katalon.core.logging.XmlKeywordLogger</class>
  <method>startKeyword</method>
  <thread>1</thread>
  <message>Start action : callTestCase(findTestCase(&amp;quot;Pilar 1/Login/UAT/SPV-CBU&amp;quot;), [:], STOP_ON_FAILURE)</message>
  <nestedLevel>1</nestedLevel>
  <escapedJava>false</escapedJava>
  <property name="startLine">20</property>
  <property name="stepIndex">1</property>
</record>
<record>
  <date>2026-07-21T09:04:44.970285700Z</date>
  <millis>1784624684970</millis>
  <nanos>285700</nanos>
  <sequence>1265</sequence>
  <level>START</level>
  <class>com.kms.katalon.core.logging.XmlKeywordLogger</class>
  <method>startTest</method>
  <thread>1</thread>
  <message>Start Test Case : Test Cases/Pilar 1/Login/UAT/SPV-CBU</message>
  <nestedLevel>2</nestedLevel>
  <escapedJava>false</escapedJava>
  <property name="origin"></property>
  <property name="name">Test Cases/Pilar 1/Login/UAT/SPV-CBU</property>
  <property name="description"></property>
  <property name="iteration"></property>
  <property name="id">Test Cases/Pilar 1/Login/UAT/SPV-CBU</property>
  <property name="source">C:\Users\Syarifah Risyani\git\Pilar 1\CSUL-Pilar-1\Test Cases\Pilar 1\Login\UAT\SPV-CBU.tc</property>
  <property name="tag"></property>
  <property name="isOptional">false</property>
</record>
<record>
  <date>2026-07-21T09:04:44.978482400Z</date>
  <millis>1784624684978</millis>
  <nanos>482400</nanos>
  <sequence>1267</sequence>
  <level>RUN_DATA</level>
  <class>com.kms.katalon.core.logging.XmlKeywordLogger</class>
  <method>logMessage</method>
  <thread>1</thread>
  <message>executionBindingVariables = []</message>
  <nestedLevel>2</nestedLevel>
  <escapedJava>false</escapedJava>
  <property name="executionBindingVariables">[]</property>
</record>
<record>
  <date>2026-07-21T09:04:44.984174100Z</date>
  <millis>1784624684984</millis>
  <nanos>174100</nanos>
  <sequence>1268</sequence>
  <level>START</level>
  <class>com.kms.katalon.core.logging.XmlKeywordLogger</class>
  <method>startKeyword</method>
  <thread>1</thread>
  <message>Start action : openBrowser(&amp;quot;https://sakti-test.csulfinance.com/CSULFoundation_Login/Login&amp;quot;)</message>
  <nestedLevel>1</nestedLevel>
  <escapedJava>false</escapedJava>
  <property name="startLine">20</property>
  <property name="stepIndex">1</property>
</record>
<record>
  <date>2026-07-21T09:04:44.986180300Z</date>
  <millis>1784624684986</millis>
  <nanos>180300</nanos>
  <sequence>1271</sequence>
  <level>WARNING</level>
  <class>com.kms.katalon.core.logging.XmlKeywordLogger</class>
  <method>logMessage</method>
  <thread>1</thread>
  <message>A browser is already opened. Closing browser and opening a new one</message>
  <nestedLevel>2</nestedLevel>
  <escapedJava>false</escapedJava>
</record>
<record>
  <date>2026-07-21T09:04:45.373903100Z</date>
  <millis>1784624685373</millis>
  <nanos>903100</nanos>
  <sequence>1272</sequence>
  <level>INFO</level>
  <class>com.kms.katalon.core.logging.XmlKeywordLogger</class>
  <method>logMessage</method>
  <thread>1</thread>
  <message>Starting &amp;apos;Chrome&amp;apos; driver</message>
  <nestedLevel>2</nestedLevel>
  <escapedJava>false</escapedJava>
</record>
<record>
  <date>2026-07-21T09:04:45.374901Z</date>
  <millis>1784624685374</millis>
  <nanos>901000</nanos>
  <sequence>1273</sequence>
  <level>INFO</level>
  <class>com.kms.katalon.core.logging.XmlKeywordLogger</class>
  <method>logMessage</method>
  <thread>1</thread>
  <message>Action delay is set to 0 milliseconds</message>
  <nestedLevel>2</nestedLevel>
  <escapedJava>false</escapedJava>
</record>
<record>
  <date>2026-07-21T09:04:46.403665900Z</date>
  <millis>1784624686403</millis>
  <nanos>665900</nanos>
  <sequence>1276</sequence>
  <level>RUN_DATA</level>
  <class>com.kms.katalon.core.logging.XmlKeywordLogger</class>
  <method>logMessage</method>
  <thread>1</thread>
  <message>sessionId = fff3f85c7c89184e9bb002d2ed320f42</message>
  <nestedLevel>2</nestedLevel>
  <escapedJava>false</escapedJava>
  <property name="sessionId">fff3f85c7c89184e9bb002d2ed320f42</property>
</record>
<record>
  <date>2026-07-21T09:04:46.404663400Z</date>
  <millis>1784624686404</millis>
  <nanos>663400</nanos>
  <sequence>1277</sequence>
  <level>RUN_DATA</level>
  <class>com.kms.katalon.core.logging.XmlKeywordLogger</class>
  <method>logMessage</method>
  <thread>1</thread>
  <message>browser = Chrome 150.0.7871.128</message>
  <nestedLevel>2</nestedLevel>
  <escapedJava>false</escapedJava>
  <property name="browser">Chrome 150.0.7871.128</property>
</record>
<record>
  <date>2026-07-21T09:04:46.408652600Z</date>
  <millis>1784624686408</millis>
  <nanos>652600</nanos>
  <sequence>1278</sequence>
  <level>RUN_DATA</level>
  <class>com.kms.katalon.core.logging.XmlKeywordLogger</class>
  <method>logMessage</method>
  <thread>1</thread>
  <message>platform = Windows 11</message>
  <nestedLevel>2</nestedLevel>
  <escapedJava>false</escapedJava>
  <property name="platform">Windows 11</property>
</record>
<record>
  <date>2026-07-21T09:04:46.409650200Z</date>
  <millis>1784624686409</millis>
  <nanos>650200</nanos>
  <sequence>1279</sequence>
  <level>RUN_DATA</level>
  <class>com.kms.katalon.core.logging.XmlKeywordLogger</class>
  <method>logMessage</method>
  <thread>1</thread>
  <message>seleniumVersion = 4.39.0</message>
  <nestedLevel>2</nestedLevel>
  <escapedJava>false</escapedJava>
  <property name="seleniumVersion">4.39.0</property>
</record>
<record>
  <date>2026-07-21T09:04:46.409650200Z</date>
  <millis>1784624686409</millis>
  <nanos>650200</nanos>
  <sequence>1280</sequence>
  <level>RUN_DATA</level>
  <class>com.kms.katalon.core.logging.XmlKeywordLogger</class>
  <method>logMessage</method>
  <thread>1</thread>
  <message>proxyInformation = ProxyInformation { proxyOption=NO_PROXY, proxyServerType=HTTP, username=, password=********, proxyServerAddress=, proxyServerPort=0, executionList=&amp;quot;&amp;quot;, isApplyToDesiredCapabilities=true }</message>
  <nestedLevel>2</nestedLevel>
  <escapedJava>false</escapedJava>
  <property name="proxyInformation">ProxyInformation { proxyOption=NO_PROXY, proxyServerType=HTTP, username=, password=********, proxyServerAddress=, proxyServerPort=0, executionList=&quot;&quot;, isApplyToDesiredCapabilities=true }</property>
</record>
<record>
  <date>2026-07-21T09:04:47.182158200Z</date>
  <millis>1784624687182</millis>
  <nanos>158200</nanos>
  <sequence>1282</sequence>
  <level>PASSED</level>
  <class>com.kms.katalon.core.logging.XmlKeywordLogger</class>
  <method>logMessage</method>
  <thread>1</thread>
  <message>Browser is opened with url: &amp;apos;https://sakti-test.csulfinance.com/CSULFoundation_Login/Login&amp;apos;</message>
  <nestedLevel>2</nestedLevel>
  <escapedJava>false</escapedJava>
  <property name="testops-method-name">com.kms.katalon.core.webui.keyword.builtin.OpenBrowserKeyword.openBrowser</property>
  <property name="testops-execution-stacktrace"></property>
</record>
<record>
  <date>2026-07-21T09:04:47.185200600Z</date>
  <millis>1784624687185</millis>
  <nanos>200600</nanos>
  <sequence>1283</sequence>
  <level>END</level>
  <class>com.kms.katalon.core.logging.XmlKeywordLogger</class>
  <method>endKeyword</method>
  <thread>1</thread>
  <message>End action : openBrowser(&amp;quot;https://sakti-test.csulfinance.com/CSULFoundation_Login/Login&amp;quot;)</message>
  <nestedLevel>1</nestedLevel>
  <escapedJava>false</escapedJava>
</record>
<record>
  <date>2026-07-21T09:04:47.186197800Z</date>
  <millis>1784624687186</millis>
  <nanos>197800</nanos>
  <sequence>1284</sequence>
  <level>START</level>
  <class>com.kms.katalon.core.logging.XmlKeywordLogger</class>
  <method>startKeyword</method>
  <thread>1</thread>
  <message>Start action : maximizeWindow()</message>
  <nestedLevel>1</nestedLevel>
  <escapedJava>false</escapedJava>
  <property name="startLine">22</property>
  <property name="stepIndex">2</property>
</record>
<record>
  <date>2026-07-21T09:04:47.271305100Z</date>
  <millis>1784624687271</millis>
  <nanos>305100</nanos>
  <sequence>1287</sequence>
  <level>PASSED</level>
  <class>com.kms.katalon.core.logging.XmlKeywordLogger</class>
  <method>logMessage</method>
  <thread>1</thread>
  <message>Current window maximized</message>
  <nestedLevel>2</nestedLevel>
  <escapedJava>false</escapedJava>
  <property name="testops-method-name">com.kms.katalon.core.webui.keyword.builtin.MaximizeWindowKeyword.maximizeWindow</property>
  <property name="testops-execution-stacktrace"></property>
</record>
<record>
  <date>2026-07-21T09:04:47.275329100Z</date>
  <millis>1784624687275</millis>
  <nanos>329100</nanos>
  <sequence>1288</sequence>
  <level>END</level>
  <class>com.kms.katalon.core.logging.XmlKeywordLogger</class>
  <method>endKeyword</method>
  <thread>1</thread>
  <message>End action : maximizeWindow()</message>
  <nestedLevel>1</nestedLevel>
  <escapedJava>false</escapedJava>
</record>
<record>
  <date>2026-07-21T09:04:47.275329100Z</date>
  <millis>1784624687275</millis>
  <nanos>329100</nanos>
  <sequence>1289</sequence>
  <level>START</level>
  <class>com.kms.katalon.core.logging.XmlKeywordLogger</class>
  <method>startKeyword</method>
  <thread>1</thread>
  <message>Start action : waitForElementVisible(findTestObject(&amp;quot;Pilar 1/Login/UAT/Page_Login/input_Username&amp;quot;), 10)</message>
  <nestedLevel>1</nestedLevel>
  <escapedJava>false</escapedJava>
  <property name="startLine">24</property>
  <property name="stepIndex">3</property>
</record>
<record>
  <date>2026-07-21T09:04:50.116620900Z</date>
  <millis>1784624690116</millis>
  <nanos>620900</nanos>
  <sequence>1296</sequence>
  <level>PASSED</level>
  <class>com.kms.katalon.core.logging.XmlKeywordLogger</class>
  <method>logMessage</method>
  <thread>1</thread>
  <message>Object &amp;apos;Object Repository/Pilar 1/Login/UAT/Page_Login/input_Username&amp;apos; is visible</message>
  <nestedLevel>2</nestedLevel>
  <escapedJava>false</escapedJava>
  <property name="testops-method-name">com.kms.katalon.core.webui.keyword.internal.WebUIKeywordMain.runKeywordUntilTimeout</property>
  <property name="testops-execution-stacktrace">com.kms.katalon.core.logging.KeywordLogger.logPassed(KeywordLogger.java:348)
com.kms.katalon.core.logging.KeywordLogger.logPassed(KeywordLogger.java:343)
com.kms.katalon.core.logging.KeywordLogger$logPassed$0.call(Unknown Source)
com.kms.katalon.core.webui.keyword.builtin.WaitForElementVisibleKeyword$_waitForElementVisible_closure1.doCall(WaitForElementVisibleKeyword.groovy:86)
java.base/jdk.internal.reflect.DirectMethodHandleAccessor.invoke(DirectMethodHandleAccessor.java:103)
jdk.proxy2/jdk.proxy2.$Proxy55.execute(Unknown Source)
com.kms.katalon.core.webui.model.SeleniumActionRetryController.performAction(SeleniumActionRetryController.java:96)
com.kms.katalon.core.webui.model.SeleniumActionRetryController.performAction(SeleniumActionRetryController.java:83)
com.kms.katalon.core.webui.keyword.internal.WebUIKeywordMain$_runKeywordUntilTimeout_closure2.doCall(WebUIKeywordMain.groovy:155)
com.kms.katalon.core.webui.keyword.internal.WebUIKeywordMain$_runKeywordUntilTimeout_closure2.call(WebUIKeywordMain.groovy)
com.kms.katalon.core.webui.keyword.internal.WebUIKeywordMain.runKeyword(WebUIKeywordMain.groovy:41)
com.kms.katalon.core.webui.keyword.internal.WebUIKeywordMain.runKeywordUntilTimeout(WebUIKeywordMain.groovy:152)
com.kms.katalon.core.webui.keyword.internal.WebUIKeywordMain$runKeywordUntilTimeout.call(Unknown Source)
com.kms.katalon.core.webui.keyword.builtin.WaitForElementVisibleKeyword.waitForElementVisible(WaitForElementVisibleKeyword.groovy:101)
com.kms.katalon.core.webui.keyword.builtin.WaitForElementVisibleKeyword.execute(WaitForElementVisibleKeyword.groovy:69)
com.kms.katalon.core.keyword.internal.KeywordExecutor.executeKeywordForPlatform(KeywordExecutor.groovy:95)
com.kms.katalon.core.webui.keyword.WebUiBuiltInKeywords.waitForElementVisible(WebUiBuiltInKeywords.groovy:514)
SPV-CBU.run(SPV-CBU:24)
</property>
</record>
<record>
  <date>2026-07-21T09:04:50.120898100Z</date>
  <millis>1784624690120</millis>
  <nanos>898100</nanos>
  <sequence>1297</sequence>
  <level>END</level>
  <class>com.kms.katalon.core.logging.XmlKeywordLogger</class>
  <method>endKeyword</method>
  <thread>1</thread>
  <message>End action : waitForElementVisible(findTestObject(&amp;quot;Pilar 1/Login/UAT/Page_Login/input_Username&amp;quot;), 10)</message>
  <nestedLevel>1</nestedLevel>
  <escapedJava>false</escapedJava>
</record>
<record>
  <date>2026-07-21T09:04:50.120898100Z</date>
  <millis>1784624690120</millis>
  <nanos>898100</nanos>
  <sequence>1298</sequence>
  <level>START</level>
  <class>com.kms.katalon.core.logging.XmlKeywordLogger</class>
  <method>startKeyword</method>
  <thread>1</thread>
  <message>Start action : setText(findTestObject(&amp;quot;Pilar 1/Login/UAT/Page_Login/input_Username&amp;quot;), &amp;quot;adhy.surnanto&amp;quot;)</message>
  <nestedLevel>1</nestedLevel>
  <escapedJava>false</escapedJava>
  <property name="startLine">26</property>
  <property name="stepIndex">4</property>
</record>
<record>
  <date>2026-07-21T09:04:51.760620100Z</date>
  <millis>1784624691760</millis>
  <nanos>620100</nanos>
  <sequence>1312</sequence>
  <level>PASSED</level>
  <class>com.kms.katalon.core.logging.XmlKeywordLogger</class>
  <method>logMessage</method>
  <thread>1</thread>
  <message>Text &amp;apos;adhy.surnanto&amp;apos; is set on object &amp;apos;Object Repository/Pilar 1/Login/UAT/Page_Login/input_Username&amp;apos;</message>
  <nestedLevel>2</nestedLevel>
  <escapedJava>false</escapedJava>
  <property name="testops-method-name">com.kms.katalon.core.webui.keyword.internal.WebUIKeywordMain.runKeywordUntilTimeout</property>
  <property name="testops-execution-stacktrace">com.kms.katalon.core.logging.KeywordLogger.logPassed(KeywordLogger.java:348)
com.kms.katalon.core.logging.KeywordLogger.logPassed(KeywordLogger.java:343)
com.kms.katalon.core.webui.keyword.builtin.SetTextKeyword$_setText_closure1.doCall(SetTextKeyword.groovy:99)
java.base/jdk.internal.reflect.DirectMethodHandleAccessor.invoke(DirectMethodHandleAccessor.java:103)
jdk.proxy2/jdk.proxy2.$Proxy55.execute(Unknown Source)
com.kms.katalon.core.webui.model.SeleniumActionRetryController.performAction(SeleniumActionRetryController.java:96)
com.kms.katalon.core.webui.model.SeleniumActionRetryController.performAction(SeleniumActionRetryController.java:83)
com.kms.katalon.core.webui.keyword.internal.WebUIKeywordMain$_runKeywordUntilTimeout_closure1.doCall(WebUIKeywordMain.groovy:135)
com.kms.katalon.core.webui.keyword.internal.WebUIKeywordMain$_runKeywordUntilTimeout_closure1.call(WebUIKeywordMain.groovy)
com.kms.katalon.core.webui.keyword.internal.WebUIKeywordMain.runKeyword(WebUIKeywordMain.groovy:41)
com.kms.katalon.core.webui.keyword.internal.WebUIKeywordMain.runKeywordUntilTimeout(WebUIKeywordMain.groovy:133)
com.kms.katalon.core.webui.keyword.builtin.SetTextKeyword.setText(SetTextKeyword.groovy:106)
com.kms.katalon.core.webui.keyword.builtin.SetTextKeyword.execute(SetTextKeyword.groovy:49)
com.kms.katalon.core.keyword.internal.KeywordExecutor.executeKeywordForPlatform(KeywordExecutor.groovy:95)
com.kms.katalon.core.webui.keyword.WebUiBuiltInKeywords.setText(WebUiBuiltInKeywords.groovy:1081)
SPV-CBU.run(SPV-CBU:26)
</property>
</record>
<record>
  <date>2026-07-21T09:04:51.760620100Z</date>
  <millis>1784624691760</millis>
  <nanos>620100</nanos>
  <sequence>1313</sequence>
  <level>END</level>
  <class>com.kms.katalon.core.logging.XmlKeywordLogger</class>
  <method>endKeyword</method>
  <thread>1</thread>
  <message>End action : setText(findTestObject(&amp;quot;Pilar 1/Login/UAT/Page_Login/input_Username&amp;quot;), &amp;quot;adhy.surnanto&amp;quot;)</message>
  <nestedLevel>1</nestedLevel>
  <escapedJava>false</escapedJava>
</record>
<record>
  <date>2026-07-21T09:04:51.760620100Z</date>
  <millis>1784624691760</millis>
  <nanos>620100</nanos>
  <sequence>1314</sequence>
  <level>START</level>
  <class>com.kms.katalon.core.logging.XmlKeywordLogger</class>
  <method>startKeyword</method>
  <thread>1</thread>
  <message>Start action : setEncryptedText(findTestObject(&amp;quot;Pilar 1/Login/UAT/Page_Login/input_Password&amp;quot;), &amp;quot;DKZg8gTnVzw=&amp;quot;)</message>
  <nestedLevel>1</nestedLevel>
  <escapedJava>false</escapedJava>
  <property name="startLine">28</property>
  <property name="stepIndex">5</property>
</record>
<record>
  <date>2026-07-21T09:04:52.306888Z</date>
  <millis>1784624692306</millis>
  <nanos>888000</nanos>
  <sequence>1327</sequence>
  <level>PASSED</level>
  <class>com.kms.katalon.core.logging.XmlKeywordLogger</class>
  <method>logMessage</method>
  <thread>1</thread>
  <message>Text ****** has been set on object &amp;apos;Object Repository/Pilar 1/Login/UAT/Page_Login/input_Password&amp;apos;</message>
  <nestedLevel>2</nestedLevel>
  <escapedJava>false</escapedJava>
  <property name="testops-method-name">com.kms.katalon.core.webui.keyword.internal.WebUIKeywordMain.runKeywordUntilTimeout</property>
  <property name="testops-execution-stacktrace">com.kms.katalon.core.logging.KeywordLogger.logPassed(KeywordLogger.java:348)
com.kms.katalon.core.logging.KeywordLogger.logPassed(KeywordLogger.java:343)
com.kms.katalon.core.webui.keyword.builtin.SetEncryptedTextKeyword$_setEncryptedText_closure1.doCall(SetEncryptedTextKeyword.groovy:82)
java.base/jdk.internal.reflect.DirectMethodHandleAccessor.invoke(DirectMethodHandleAccessor.java:103)
jdk.proxy2/jdk.proxy2.$Proxy55.execute(Unknown Source)
com.kms.katalon.core.webui.model.SeleniumActionRetryController.performAction(SeleniumActionRetryController.java:96)
com.kms.katalon.core.webui.model.SeleniumActionRetryController.performAction(SeleniumActionRetryController.java:83)
com.kms.katalon.core.webui.keyword.internal.WebUIKeywordMain$_runKeywordUntilTimeout_closure1.doCall(WebUIKeywordMain.groovy:135)
com.kms.katalon.core.webui.keyword.internal.WebUIKeywordMain$_runKeywordUntilTimeout_closure1.call(WebUIKeywordMain.groovy)
com.kms.katalon.core.webui.keyword.internal.WebUIKeywordMain.runKeyword(WebUIKeywordMain.groovy:41)
com.kms.katalon.core.webui.keyword.internal.WebUIKeywordMain.runKeywordUntilTimeout(WebUIKeywordMain.groovy:133)
com.kms.katalon.core.webui.keyword.builtin.SetEncryptedTextKeyword.setEncryptedText(SetEncryptedTextKeyword.groovy:88)
com.kms.katalon.core.webui.keyword.builtin.SetEncryptedTextKeyword.execute(SetEncryptedTextKeyword.groovy:48)
com.kms.katalon.core.keyword.internal.KeywordExecutor.executeKeywordForPlatform(KeywordExecutor.groovy:95)
com.kms.katalon.core.webui.keyword.WebUiBuiltInKeywords.setEncryptedText(WebUiBuiltInKeywords.groovy:1112)
SPV-CBU.run(SPV-CBU:28)
</property>
</record>
<record>
  <date>2026-07-21T09:04:52.310511900Z</date>
  <millis>1784624692310</millis>
  <nanos>511900</nanos>
  <sequence>1328</sequence>
  <level>END</level>
  <class>com.kms.katalon.core.logging.XmlKeywordLogger</class>
  <method>endKeyword</method>
  <thread>1</thread>
  <message>End action : setEncryptedText(findTestObject(&amp;quot;Pilar 1/Login/UAT/Page_Login/input_Password&amp;quot;), &amp;quot;DKZg8gTnVzw=&amp;quot;)</message>
  <nestedLevel>1</nestedLevel>
  <escapedJava>false</escapedJava>
</record>
<record>
  <date>2026-07-21T09:04:52.310511900Z</date>
  <millis>1784624692310</millis>
  <nanos>511900</nanos>
  <sequence>1329</sequence>
  <level>START</level>
  <class>com.kms.katalon.core.logging.XmlKeywordLogger</class>
  <method>startKeyword</method>
  <thread>1</thread>
  <message>Start action : delay(20)</message>
  <nestedLevel>1</nestedLevel>
  <escapedJava>false</escapedJava>
  <property name="startLine">30</property>
  <property name="stepIndex">6</property>
</record>
<record>
  <date>2026-07-21T09:05:12.313646200Z</date>
  <millis>1784624712313</millis>
  <nanos>646200</nanos>
  <sequence>1332</sequence>
  <level>PASSED</level>
  <class>com.kms.katalon.core.logging.XmlKeywordLogger</class>
  <method>logMessage</method>
  <thread>1</thread>
  <message>Delayed 20 second(s)</message>
  <nestedLevel>2</nestedLevel>
  <escapedJava>false</escapedJava>
  <property name="testops-method-name">com.kms.katalon.core.keyword.builtin.DelayKeyword.delay</property>
  <property name="testops-execution-stacktrace"></property>
</record>
<record>
  <date>2026-07-21T09:05:12.313646200Z</date>
  <millis>1784624712313</millis>
  <nanos>646200</nanos>
  <sequence>1333</sequence>
  <level>END</level>
  <class>com.kms.katalon.core.logging.XmlKeywordLogger</class>
  <method>endKeyword</method>
  <thread>1</thread>
  <message>End action : delay(20)</message>
  <nestedLevel>1</nestedLevel>
  <escapedJava>false</escapedJava>
</record>
<record>
  <date>2026-07-21T09:05:12.313646200Z</date>
  <millis>1784624712313</millis>
  <nanos>646200</nanos>
  <sequence>1334</sequence>
  <level>START</level>
  <class>com.kms.katalon.core.logging.XmlKeywordLogger</class>
  <method>startKeyword</method>
  <thread>1</thread>
  <message>Start action : click(findTestObject(&amp;quot;Pilar 1/Login/UAT/Page_Login/button_Login&amp;quot;))</message>
  <nestedLevel>1</nestedLevel>
  <escapedJava>false</escapedJava>
  <property name="startLine">32</property>
  <property name="stepIndex">7</property>
</record>
<record>
  <date>2026-07-21T09:05:12.616392300Z</date>
  <millis>1784624712616</millis>
  <nanos>392300</nanos>
  <sequence>1345</sequence>
  <level>PASSED</level>
  <class>com.kms.katalon.core.logging.XmlKeywordLogger</class>
  <method>logMessage</method>
  <thread>1</thread>
  <message>Object: &amp;apos;Object Repository/Pilar 1/Login/UAT/Page_Login/button_Login&amp;apos; is clicked on</message>
  <nestedLevel>2</nestedLevel>
  <escapedJava>false</escapedJava>
  <property name="testops-method-name">com.kms.katalon.core.webui.keyword.internal.WebUIKeywordMain.runKeywordUntilTimeout</property>
  <property name="testops-execution-stacktrace">com.kms.katalon.core.logging.KeywordLogger.logPassed(KeywordLogger.java:348)
com.kms.katalon.core.logging.KeywordLogger.logPassed(KeywordLogger.java:343)
com.kms.katalon.core.webui.keyword.builtin.ClickKeyword$_click_closure1.doCall(ClickKeyword.groovy:66)
java.base/jdk.internal.reflect.DirectMethodHandleAccessor.invoke(DirectMethodHandleAccessor.java:103)
jdk.proxy2/jdk.proxy2.$Proxy55.execute(Unknown Source)
com.kms.katalon.core.webui.model.SeleniumActionRetryController.performAction(SeleniumActionRetryController.java:96)
com.kms.katalon.core.webui.model.SeleniumActionRetryController.performAction(SeleniumActionRetryController.java:83)
com.kms.katalon.core.webui.keyword.internal.WebUIKeywordMain$_runKeywordUntilTimeout_closure1.doCall(WebUIKeywordMain.groovy:135)
com.kms.katalon.core.webui.keyword.internal.WebUIKeywordMain$_runKeywordUntilTimeout_closure1.call(WebUIKeywordMain.groovy)
com.kms.katalon.core.webui.keyword.internal.WebUIKeywordMain.runKeyword(WebUIKeywordMain.groovy:41)
com.kms.katalon.core.webui.keyword.internal.WebUIKeywordMain.runKeywordUntilTimeout(WebUIKeywordMain.groovy:133)
com.kms.katalon.core.webui.keyword.builtin.ClickKeyword.click(ClickKeyword.groovy:72)
com.kms.katalon.core.webui.keyword.builtin.ClickKeyword.execute(ClickKeyword.groovy:38)
com.kms.katalon.core.keyword.internal.KeywordExecutor.executeKeywordForPlatform(KeywordExecutor.groovy:95)
com.kms.katalon.core.webui.keyword.WebUiBuiltInKeywords.click(WebUiBuiltInKeywords.groovy:721)
SPV-CBU.run(SPV-CBU:32)
</property>
</record>
<record>
  <date>2026-07-21T09:05:12.616392300Z</date>
  <millis>1784624712616</millis>
  <nanos>392300</nanos>
  <sequence>1346</sequence>
  <level>END</level>
  <class>com.kms.katalon.core.logging.XmlKeywordLogger</class>
  <method>endKeyword</method>
  <thread>1</thread>
  <message>End action : click(findTestObject(&amp;quot;Pilar 1/Login/UAT/Page_Login/button_Login&amp;quot;))</message>
  <nestedLevel>1</nestedLevel>
  <escapedJava>false</escapedJava>
</record>
<record>
  <date>2026-07-21T09:05:12.616392300Z</date>
  <millis>1784624712616</millis>
  <nanos>392300</nanos>
  <sequence>1347</sequence>
  <level>START</level>
  <class>com.kms.katalon.core.logging.XmlKeywordLogger</class>
  <method>startKeyword</method>
  <thread>1</thread>
  <message>Start action : delay(5)</message>
  <nestedLevel>1</nestedLevel>
  <escapedJava>false</escapedJava>
  <property name="startLine">34</property>
  <property name="stepIndex">8</property>
</record>
<record>
  <date>2026-07-21T09:05:17.623764500Z</date>
  <millis>1784624717623</millis>
  <nanos>764500</nanos>
  <sequence>1350</sequence>
  <level>PASSED</level>
  <class>com.kms.katalon.core.logging.XmlKeywordLogger</class>
  <method>logMessage</method>
  <thread>1</thread>
  <message>Delayed 5 second(s)</message>
  <nestedLevel>2</nestedLevel>
  <escapedJava>false</escapedJava>
  <property name="testops-method-name">com.kms.katalon.core.keyword.builtin.DelayKeyword.delay</property>
  <property name="testops-execution-stacktrace"></property>
</record>
<record>
  <date>2026-07-21T09:05:17.623764500Z</date>
  <millis>1784624717623</millis>
  <nanos>764500</nanos>
  <sequence>1351</sequence>
  <level>END</level>
  <class>com.kms.katalon.core.logging.XmlKeywordLogger</class>
  <method>endKeyword</method>
  <thread>1</thread>
  <message>End action : delay(5)</message>
  <nestedLevel>1</nestedLevel>
  <escapedJava>false</escapedJava>
</record>
<record>
  <date>2026-07-21T09:05:17.623764500Z</date>
  <millis>1784624717623</millis>
  <nanos>764500</nanos>
  <sequence>1352</sequence>
  <level>START</level>
  <class>com.kms.katalon.core.logging.XmlKeywordLogger</class>
  <method>startKeyword</method>
  <thread>1</thread>
  <message>Start action : waitForElementVisible(findTestObject(&amp;quot;Pilar 1/Login/UAT/Page_Login/Page_ApplicationsCatalog/span_Risk Control Unit Application&amp;quot;), 10)</message>
  <nestedLevel>1</nestedLevel>
  <escapedJava>false</escapedJava>
  <property name="startLine">36</property>
  <property name="stepIndex">9</property>
</record>
<record>
  <date>2026-07-21T09:05:17.868075800Z</date>
  <millis>1784624717868</millis>
  <nanos>75800</nanos>
  <sequence>1359</sequence>
  <level>PASSED</level>
  <class>com.kms.katalon.core.logging.XmlKeywordLogger</class>
  <method>logMessage</method>
  <thread>1</thread>
  <message>Object &amp;apos;Object Repository/Pilar 1/Login/UAT/Page_Login/Page_ApplicationsCatalog/span_Risk Control Unit Application&amp;apos; is visible</message>
  <nestedLevel>2</nestedLevel>
  <escapedJava>false</escapedJava>
  <property name="testops-method-name">com.kms.katalon.core.webui.keyword.internal.WebUIKeywordMain.runKeywordUntilTimeout</property>
  <property name="testops-execution-stacktrace">com.kms.katalon.core.logging.KeywordLogger.logPassed(KeywordLogger.java:348)
com.kms.katalon.core.logging.KeywordLogger.logPassed(KeywordLogger.java:343)
com.kms.katalon.core.logging.KeywordLogger$logPassed$0.call(Unknown Source)
com.kms.katalon.core.webui.keyword.builtin.WaitForElementVisibleKeyword$_waitForElementVisible_closure1.doCall(WaitForElementVisibleKeyword.groovy:86)
java.base/jdk.internal.reflect.DirectMethodHandleAccessor.invoke(DirectMethodHandleAccessor.java:103)
jdk.proxy2/jdk.proxy2.$Proxy55.execute(Unknown Source)
com.kms.katalon.core.webui.model.SeleniumActionRetryController.performAction(SeleniumActionRetryController.java:96)
com.kms.katalon.core.webui.model.SeleniumActionRetryController.performAction(SeleniumActionRetryController.java:83)
com.kms.katalon.core.webui.keyword.internal.WebUIKeywordMain$_runKeywordUntilTimeout_closure2.doCall(WebUIKeywordMain.groovy:155)
com.kms.katalon.core.webui.keyword.internal.WebUIKeywordMain$_runKeywordUntilTimeout_closure2.call(WebUIKeywordMain.groovy)
com.kms.katalon.core.webui.keyword.internal.WebUIKeywordMain.runKeyword(WebUIKeywordMain.groovy:41)
com.kms.katalon.core.webui.keyword.internal.WebUIKeywordMain.runKeywordUntilTimeout(WebUIKeywordMain.groovy:152)
com.kms.katalon.core.webui.keyword.internal.WebUIKeywordMain$runKeywordUntilTimeout.call(Unknown Source)
com.kms.katalon.core.webui.keyword.builtin.WaitForElementVisibleKeyword.waitForElementVisible(WaitForElementVisibleKeyword.groovy:101)
com.kms.katalon.core.webui.keyword.builtin.WaitForElementVisibleKeyword.execute(WaitForElementVisibleKeyword.groovy:69)
com.kms.katalon.core.keyword.internal.KeywordExecutor.executeKeywordForPlatform(KeywordExecutor.groovy:95)
com.kms.katalon.core.webui.keyword.WebUiBuiltInKeywords.waitForElementVisible(WebUiBuiltInKeywords.groovy:514)
SPV-CBU.run(SPV-CBU:36)
</property>
</record>
<record>
  <date>2026-07-21T09:05:17.871434600Z</date>
  <millis>1784624717871</millis>
  <nanos>434600</nanos>
  <sequence>1360</sequence>
  <level>END</level>
  <class>com.kms.katalon.core.logging.XmlKeywordLogger</class>
  <method>endKeyword</method>
  <thread>1</thread>
  <message>End action : waitForElementVisible(findTestObject(&amp;quot;Pilar 1/Login/UAT/Page_Login/Page_ApplicationsCatalog/span_Risk Control Unit Application&amp;quot;), 10)</message>
  <nestedLevel>1</nestedLevel>
  <escapedJava>false</escapedJava>
</record>
<record>
  <date>2026-07-21T09:05:17.871434600Z</date>
  <millis>1784624717871</millis>
  <nanos>434600</nanos>
  <sequence>1361</sequence>
  <level>START</level>
  <class>com.kms.katalon.core.logging.XmlKeywordLogger</class>
  <method>startKeyword</method>
  <thread>1</thread>
  <message>Start action : doubleClick(findTestObject(&amp;quot;Pilar 1/Login/UAT/Page_Login/Page_ApplicationsCatalog/span_Risk Control Unit Application&amp;quot;))</message>
  <nestedLevel>1</nestedLevel>
  <escapedJava>false</escapedJava>
  <property name="startLine">39</property>
  <property name="stepIndex">10</property>
</record>
<record>
  <date>2026-07-21T09:05:18.265996800Z</date>
  <millis>1784624718265</millis>
  <nanos>996800</nanos>
  <sequence>1372</sequence>
  <level>PASSED</level>
  <class>com.kms.katalon.core.logging.XmlKeywordLogger</class>
  <method>logMessage</method>
  <thread>1</thread>
  <message>Object: &amp;apos;Object Repository/Pilar 1/Login/UAT/Page_Login/Page_ApplicationsCatalog/span_Risk Control Unit Application&amp;apos; is double clicked on</message>
  <nestedLevel>2</nestedLevel>
  <escapedJava>false</escapedJava>
  <property name="testops-method-name">com.kms.katalon.core.webui.keyword.internal.WebUIKeywordMain.runKeywordUntilTimeout</property>
  <property name="testops-execution-stacktrace">com.kms.katalon.core.logging.KeywordLogger.logPassed(KeywordLogger.java:348)
com.kms.katalon.core.logging.KeywordLogger.logPassed(KeywordLogger.java:343)
com.kms.katalon.core.webui.keyword.builtin.DoubleClickKeyword$_doubleClick_closure1.doCall(DoubleClickKeyword.groovy:89)
java.base/jdk.internal.reflect.DirectMethodHandleAccessor.invoke(DirectMethodHandleAccessor.java:103)
jdk.proxy2/jdk.proxy2.$Proxy55.execute(Unknown Source)
com.kms.katalon.core.webui.model.SeleniumActionRetryController.performAction(SeleniumActionRetryController.java:96)
com.kms.katalon.core.webui.model.SeleniumActionRetryController.performAction(SeleniumActionRetryController.java:83)
com.kms.katalon.core.webui.keyword.internal.WebUIKeywordMain$_runKeywordUntilTimeout_closure1.doCall(WebUIKeywordMain.groovy:135)
com.kms.katalon.core.webui.keyword.internal.WebUIKeywordMain$_runKeywordUntilTimeout_closure1.call(WebUIKeywordMain.groovy)
com.kms.katalon.core.webui.keyword.internal.WebUIKeywordMain.runKeyword(WebUIKeywordMain.groovy:41)
com.kms.katalon.core.webui.keyword.internal.WebUIKeywordMain.runKeywordUntilTimeout(WebUIKeywordMain.groovy:133)
com.kms.katalon.core.webui.keyword.builtin.DoubleClickKeyword.doubleClick(DoubleClickKeyword.groovy:95)
com.kms.katalon.core.webui.keyword.builtin.DoubleClickKeyword.execute(DoubleClickKeyword.groovy:67)
com.kms.katalon.core.keyword.internal.KeywordExecutor.executeKeywordForPlatform(KeywordExecutor.groovy:95)
com.kms.katalon.core.webui.keyword.WebUiBuiltInKeywords.doubleClick(WebUiBuiltInKeywords.groovy:828)
SPV-CBU.run(SPV-CBU:39)
</property>
</record>
<record>
  <date>2026-07-21T09:05:18.268089300Z</date>
  <millis>1784624718268</millis>
  <nanos>89300</nanos>
  <sequence>1373</sequence>
  <level>END</level>
  <class>com.kms.katalon.core.logging.XmlKeywordLogger</class>
  <method>endKeyword</method>
  <thread>1</thread>
  <message>End action : doubleClick(findTestObject(&amp;quot;Pilar 1/Login/UAT/Page_Login/Page_ApplicationsCatalog/span_Risk Control Unit Application&amp;quot;))</message>
  <nestedLevel>1</nestedLevel>
  <escapedJava>false</escapedJava>
</record>
<record>
  <date>2026-07-21T09:05:18.268932500Z</date>
  <millis>1784624718268</millis>
  <nanos>932500</nanos>
  <sequence>1374</sequence>
  <level>PASSED</level>
  <class>com.kms.katalon.core.logging.XmlKeywordLogger</class>
  <method>logMessage</method>
  <thread>1</thread>
  <message>Test Cases/Pilar 1/Login/UAT/SPV-CBU</message>
  <nestedLevel>2</nestedLevel>
  <escapedJava>false</escapedJava>
</record>
<record>
  <date>2026-07-21T09:05:18.268932500Z</date>
  <millis>1784624718268</millis>
  <nanos>932500</nanos>
  <sequence>1375</sequence>
  <level>END</level>
  <class>com.kms.katalon.core.logging.XmlKeywordLogger</class>
  <method>endTest</method>
  <thread>1</thread>
  <message>End Test Case : Test Cases/Pilar 1/Login/UAT/SPV-CBU</message>
  <nestedLevel>1</nestedLevel>
  <escapedJava>false</escapedJava>
</record>
<record>
  <date>2026-07-21T09:05:18.269973100Z</date>
  <millis>1784624718269</millis>
  <nanos>973100</nanos>
  <sequence>1376</sequence>
  <level>PASSED</level>
  <class>com.kms.katalon.core.logging.XmlKeywordLogger</class>
  <method>logMessage</method>
  <thread>1</thread>
  <message>Call Test Case &amp;apos;Test Cases/Pilar 1/Login/UAT/SPV-CBU&amp;apos; successfully</message>
  <nestedLevel>1</nestedLevel>
  <escapedJava>false</escapedJava>
  <property name="testops-method-name">com.kms.katalon.core.keyword.builtin.CallTestCaseKeyword.callTestCase</property>
  <property name="testops-execution-stacktrace"></property>
</record>
<record>
  <date>2026-07-21T09:05:18.270972400Z</date>
  <millis>1784624718270</millis>
  <nanos>972400</nanos>
  <sequence>1377</sequence>
  <level>END</level>
  <class>com.kms.katalon.core.logging.XmlKeywordLogger</class>
  <method>endKeyword</method>
  <thread>1</thread>
  <message>End action : callTestCase(findTestCase(&amp;quot;Pilar 1/Login/UAT/SPV-CBU&amp;quot;), [:], STOP_ON_FAILURE)</message>
  <nestedLevel>1</nestedLevel>
  <escapedJava>false</escapedJava>
</record>
<record>
  <date>2026-07-21T09:05:18.270972400Z</date>
  <millis>1784624718270</millis>
  <nanos>972400</nanos>
  <sequence>1378</sequence>
  <level>START</level>
  <class>com.kms.katalon.core.logging.XmlKeywordLogger</class>
  <method>startKeyword</method>
  <thread>1</thread>
  <message>Start action : click(findTestObject(&amp;quot;Pilar 1/Showroom-Supplier/UAT/CBU/SPV_CBU_Assign_PIC/Page_Dashboard/div_b2-l1-17_10-b3-SubMenuHeader&amp;quot;))</message>
  <nestedLevel>1</nestedLevel>
  <escapedJava>false</escapedJava>
  <property name="startLine">22</property>
  <property name="stepIndex">2</property>
</record>
<record>
  <date>2026-07-21T09:05:22.428087500Z</date>
  <millis>1784624722428</millis>
  <nanos>87500</nanos>
  <sequence>1389</sequence>
  <level>PASSED</level>
  <class>com.kms.katalon.core.logging.XmlKeywordLogger</class>
  <method>logMessage</method>
  <thread>1</thread>
  <message>Object: &amp;apos;Object Repository/Pilar 1/Showroom-Supplier/UAT/CBU/SPV_CBU_Assign_PIC/Page_Dashboard/div_b2-l1-17_10-b3-SubMenuHeader&amp;apos; is clicked on</message>
  <nestedLevel>1</nestedLevel>
  <escapedJava>false</escapedJava>
  <property name="testops-method-name">com.kms.katalon.core.webui.keyword.internal.WebUIKeywordMain.runKeywordUntilTimeout</property>
  <property name="testops-execution-stacktrace">com.kms.katalon.core.logging.KeywordLogger.logPassed(KeywordLogger.java:348)
com.kms.katalon.core.logging.KeywordLogger.logPassed(KeywordLogger.java:343)
com.kms.katalon.core.webui.keyword.builtin.ClickKeyword$_click_closure1.doCall(ClickKeyword.groovy:66)
java.base/jdk.internal.reflect.DirectMethodHandleAccessor.invoke(DirectMethodHandleAccessor.java:103)
jdk.proxy2/jdk.proxy2.$Proxy55.execute(Unknown Source)
com.kms.katalon.core.webui.model.SeleniumActionRetryController.performAction(SeleniumActionRetryController.java:96)
com.kms.katalon.core.webui.model.SeleniumActionRetryController.performAction(SeleniumActionRetryController.java:83)
com.kms.katalon.core.webui.keyword.internal.WebUIKeywordMain$_runKeywordUntilTimeout_closure1.doCall(WebUIKeywordMain.groovy:135)
com.kms.katalon.core.webui.keyword.internal.WebUIKeywordMain$_runKeywordUntilTimeout_closure1.call(WebUIKeywordMain.groovy)
com.kms.katalon.core.webui.keyword.internal.WebUIKeywordMain.runKeyword(WebUIKeywordMain.groovy:41)
com.kms.katalon.core.webui.keyword.internal.WebUIKeywordMain.runKeywordUntilTimeout(WebUIKeywordMain.groovy:133)
com.kms.katalon.core.webui.keyword.builtin.ClickKeyword.click(ClickKeyword.groovy:72)
com.kms.katalon.core.webui.keyword.builtin.ClickKeyword.execute(ClickKeyword.groovy:38)
com.kms.katalon.core.keyword.internal.KeywordExecutor.executeKeywordForPlatform(KeywordExecutor.groovy:95)
com.kms.katalon.core.webui.keyword.WebUiBuiltInKeywords.click(WebUiBuiltInKeywords.groovy:721)
SPV_CBU_Assign_PIC.run(SPV_CBU_Assign_PIC:22)
</property>
</record>
<record>
  <date>2026-07-21T09:05:22.429339500Z</date>
  <millis>1784624722429</millis>
  <nanos>339500</nanos>
  <sequence>1390</sequence>
  <level>END</level>
  <class>com.kms.katalon.core.logging.XmlKeywordLogger</class>
  <method>endKeyword</method>
  <thread>1</thread>
  <message>End action : click(findTestObject(&amp;quot;Pilar 1/Showroom-Supplier/UAT/CBU/SPV_CBU_Assign_PIC/Page_Dashboard/div_b2-l1-17_10-b3-SubMenuHeader&amp;quot;))</message>
  <nestedLevel>1</nestedLevel>
  <escapedJava>false</escapedJava>
</record>
<record>
  <date>2026-07-21T09:05:22.429339500Z</date>
  <millis>1784624722429</millis>
  <nanos>339500</nanos>
  <sequence>1391</sequence>
  <level>START</level>
  <class>com.kms.katalon.core.logging.XmlKeywordLogger</class>
  <method>startKeyword</method>
  <thread>1</thread>
  <message>Start action : click(findTestObject(&amp;quot;Pilar 1/Showroom-Supplier/UAT/CBU/SPV_CBU_Assign_PIC/Page_Dashboard/div_b2-l1-17_10-b4-l1-44_4-b1-SubMenuHeader&amp;quot;))</message>
  <nestedLevel>1</nestedLevel>
  <escapedJava>false</escapedJava>
  <property name="startLine">24</property>
  <property name="stepIndex">3</property>
</record>
<record>
  <date>2026-07-21T09:05:22.956177Z</date>
  <millis>1784624722956</millis>
  <nanos>177000</nanos>
  <sequence>1402</sequence>
  <level>PASSED</level>
  <class>com.kms.katalon.core.logging.XmlKeywordLogger</class>
  <method>logMessage</method>
  <thread>1</thread>
  <message>Object: &amp;apos;Object Repository/Pilar 1/Showroom-Supplier/UAT/CBU/SPV_CBU_Assign_PIC/Page_Dashboard/div_b2-l1-17_10-b4-l1-44_4-b1-SubMenuHeader&amp;apos; is clicked on</message>
  <nestedLevel>1</nestedLevel>
  <escapedJava>false</escapedJava>
  <property name="testops-method-name">com.kms.katalon.core.webui.keyword.internal.WebUIKeywordMain.runKeywordUntilTimeout</property>
  <property name="testops-execution-stacktrace">com.kms.katalon.core.logging.KeywordLogger.logPassed(KeywordLogger.java:348)
com.kms.katalon.core.logging.KeywordLogger.logPassed(KeywordLogger.java:343)
com.kms.katalon.core.webui.keyword.builtin.ClickKeyword$_click_closure1.doCall(ClickKeyword.groovy:66)
java.base/jdk.internal.reflect.DirectMethodHandleAccessor.invoke(DirectMethodHandleAccessor.java:103)
jdk.proxy2/jdk.proxy2.$Proxy55.execute(Unknown Source)
com.kms.katalon.core.webui.model.SeleniumActionRetryController.performAction(SeleniumActionRetryController.java:96)
com.kms.katalon.core.webui.model.SeleniumActionRetryController.performAction(SeleniumActionRetryController.java:83)
com.kms.katalon.core.webui.keyword.internal.WebUIKeywordMain$_runKeywordUntilTimeout_closure1.doCall(WebUIKeywordMain.groovy:135)
com.kms.katalon.core.webui.keyword.internal.WebUIKeywordMain$_runKeywordUntilTimeout_closure1.call(WebUIKeywordMain.groovy)
com.kms.katalon.core.webui.keyword.internal.WebUIKeywordMain.runKeyword(WebUIKeywordMain.groovy:41)
com.kms.katalon.core.webui.keyword.internal.WebUIKeywordMain.runKeywordUntilTimeout(WebUIKeywordMain.groovy:133)
com.kms.katalon.core.webui.keyword.builtin.ClickKeyword.click(ClickKeyword.groovy:72)
com.kms.katalon.core.webui.keyword.builtin.ClickKeyword.execute(ClickKeyword.groovy:38)
com.kms.katalon.core.keyword.internal.KeywordExecutor.executeKeywordForPlatform(KeywordExecutor.groovy:95)
com.kms.katalon.core.webui.keyword.WebUiBuiltInKeywords.click(WebUiBuiltInKeywords.groovy:721)
SPV_CBU_Assign_PIC.run(SPV_CBU_Assign_PIC:24)
</property>
</record>
<record>
  <date>2026-07-21T09:05:22.956177Z</date>
  <millis>1784624722956</millis>
  <nanos>177000</nanos>
  <sequence>1403</sequence>
  <level>END</level>
  <class>com.kms.katalon.core.logging.XmlKeywordLogger</class>
  <method>endKeyword</method>
  <thread>1</thread>
  <message>End action : click(findTestObject(&amp;quot;Pilar 1/Showroom-Supplier/UAT/CBU/SPV_CBU_Assign_PIC/Page_Dashboard/div_b2-l1-17_10-b4-l1-44_4-b1-SubMenuHeader&amp;quot;))</message>
  <nestedLevel>1</nestedLevel>
  <escapedJava>false</escapedJava>
</record>
<record>
  <date>2026-07-21T09:05:22.956177Z</date>
  <millis>1784624722956</millis>
  <nanos>177000</nanos>
  <sequence>1404</sequence>
  <level>START</level>
  <class>com.kms.katalon.core.logging.XmlKeywordLogger</class>
  <method>startKeyword</method>
  <thread>1</thread>
  <message>Start action : click(findTestObject(&amp;quot;Pilar 1/Showroom-Supplier/UAT/CBU/SPV_CBU_Assign_PIC/Page_Dashboard/a_Showroom_Supplier&amp;quot;))</message>
  <nestedLevel>1</nestedLevel>
  <escapedJava>false</escapedJava>
  <property name="startLine">26</property>
  <property name="stepIndex">4</property>
</record>
<record>
  <date>2026-07-21T09:05:23.292243100Z</date>
  <millis>1784624723292</millis>
  <nanos>243100</nanos>
  <sequence>1415</sequence>
  <level>PASSED</level>
  <class>com.kms.katalon.core.logging.XmlKeywordLogger</class>
  <method>logMessage</method>
  <thread>1</thread>
  <message>Object: &amp;apos;Object Repository/Pilar 1/Showroom-Supplier/UAT/CBU/SPV_CBU_Assign_PIC/Page_Dashboard/a_Showroom_Supplier&amp;apos; is clicked on</message>
  <nestedLevel>1</nestedLevel>
  <escapedJava>false</escapedJava>
  <property name="testops-method-name">com.kms.katalon.core.webui.keyword.internal.WebUIKeywordMain.runKeywordUntilTimeout</property>
  <property name="testops-execution-stacktrace">com.kms.katalon.core.logging.KeywordLogger.logPassed(KeywordLogger.java:348)
com.kms.katalon.core.logging.KeywordLogger.logPassed(KeywordLogger.java:343)
com.kms.katalon.core.webui.keyword.builtin.ClickKeyword$_click_closure1.doCall(ClickKeyword.groovy:66)
java.base/jdk.internal.reflect.DirectMethodHandleAccessor.invoke(DirectMethodHandleAccessor.java:103)
jdk.proxy2/jdk.proxy2.$Proxy55.execute(Unknown Source)
com.kms.katalon.core.webui.model.SeleniumActionRetryController.performAction(SeleniumActionRetryController.java:96)
com.kms.katalon.core.webui.model.SeleniumActionRetryController.performAction(SeleniumActionRetryController.java:83)
com.kms.katalon.core.webui.keyword.internal.WebUIKeywordMain$_runKeywordUntilTimeout_closure1.doCall(WebUIKeywordMain.groovy:135)
com.kms.katalon.core.webui.keyword.internal.WebUIKeywordMain$_runKeywordUntilTimeout_closure1.call(WebUIKeywordMain.groovy)
com.kms.katalon.core.webui.keyword.internal.WebUIKeywordMain.runKeyword(WebUIKeywordMain.groovy:41)
com.kms.katalon.core.webui.keyword.internal.WebUIKeywordMain.runKeywordUntilTimeout(WebUIKeywordMain.groovy:133)
com.kms.katalon.core.webui.keyword.builtin.ClickKeyword.click(ClickKeyword.groovy:72)
com.kms.katalon.core.webui.keyword.builtin.ClickKeyword.execute(ClickKeyword.groovy:38)
com.kms.katalon.core.keyword.internal.KeywordExecutor.executeKeywordForPlatform(KeywordExecutor.groovy:95)
com.kms.katalon.core.webui.keyword.WebUiBuiltInKeywords.click(WebUiBuiltInKeywords.groovy:721)
SPV_CBU_Assign_PIC.run(SPV_CBU_Assign_PIC:26)
</property>
</record>
<record>
  <date>2026-07-21T09:05:23.292243100Z</date>
  <millis>1784624723292</millis>
  <nanos>243100</nanos>
  <sequence>1416</sequence>
  <level>END</level>
  <class>com.kms.katalon.core.logging.XmlKeywordLogger</class>
  <method>endKeyword</method>
  <thread>1</thread>
  <message>End action : click(findTestObject(&amp;quot;Pilar 1/Showroom-Supplier/UAT/CBU/SPV_CBU_Assign_PIC/Page_Dashboard/a_Showroom_Supplier&amp;quot;))</message>
  <nestedLevel>1</nestedLevel>
  <escapedJava>false</escapedJava>
</record>
<record>
  <date>2026-07-21T09:05:23.295004800Z</date>
  <millis>1784624723295</millis>
  <nanos>4800</nanos>
  <sequence>1417</sequence>
  <level>START</level>
  <class>com.kms.katalon.core.logging.XmlKeywordLogger</class>
  <method>startKeyword</method>
  <thread>1</thread>
  <message>Start action : setText(findTestObject(&amp;quot;Pilar 1/Showroom-Supplier/UAT/CBU/SPV_CBU_Assign_PIC/Page_TindakLanjutKunjunganShowroom/input_StartDate&amp;quot;), &amp;quot;21-07-2026&amp;quot;)</message>
  <nestedLevel>1</nestedLevel>
  <escapedJava>false</escapedJava>
  <property name="startLine">28</property>
  <property name="stepIndex">5</property>
</record>
<record>
  <date>2026-07-21T09:05:29.955826400Z</date>
  <millis>1784624729955</millis>
  <nanos>826400</nanos>
  <sequence>1431</sequence>
  <level>PASSED</level>
  <class>com.kms.katalon.core.logging.XmlKeywordLogger</class>
  <method>logMessage</method>
  <thread>1</thread>
  <message>Text &amp;apos;21-07-2026&amp;apos; is set on object &amp;apos;Object Repository/Pilar 1/Showroom-Supplier/UAT/CBU/SPV_CBU_Assign_PIC/Page_TindakLanjutKunjunganShowroom/input_StartDate&amp;apos;</message>
  <nestedLevel>1</nestedLevel>
  <escapedJava>false</escapedJava>
  <property name="testops-method-name">com.kms.katalon.core.webui.keyword.internal.WebUIKeywordMain.runKeywordUntilTimeout</property>
  <property name="testops-execution-stacktrace">com.kms.katalon.core.logging.KeywordLogger.logPassed(KeywordLogger.java:348)
com.kms.katalon.core.logging.KeywordLogger.logPassed(KeywordLogger.java:343)
com.kms.katalon.core.webui.keyword.builtin.SetTextKeyword$_setText_closure1.doCall(SetTextKeyword.groovy:99)
java.base/jdk.internal.reflect.DirectMethodHandleAccessor.invoke(DirectMethodHandleAccessor.java:103)
jdk.proxy2/jdk.proxy2.$Proxy55.execute(Unknown Source)
com.kms.katalon.core.webui.model.SeleniumActionRetryController.performAction(SeleniumActionRetryController.java:96)
com.kms.katalon.core.webui.model.SeleniumActionRetryController.performAction(SeleniumActionRetryController.java:83)
com.kms.katalon.core.webui.keyword.internal.WebUIKeywordMain$_runKeywordUntilTimeout_closure1.doCall(WebUIKeywordMain.groovy:135)
com.kms.katalon.core.webui.keyword.internal.WebUIKeywordMain$_runKeywordUntilTimeout_closure1.call(WebUIKeywordMain.groovy)
com.kms.katalon.core.webui.keyword.internal.WebUIKeywordMain.runKeyword(WebUIKeywordMain.groovy:41)
com.kms.katalon.core.webui.keyword.internal.WebUIKeywordMain.runKeywordUntilTimeout(WebUIKeywordMain.groovy:133)
com.kms.katalon.core.webui.keyword.builtin.SetTextKeyword.setText(SetTextKeyword.groovy:106)
com.kms.katalon.core.webui.keyword.builtin.SetTextKeyword.execute(SetTextKeyword.groovy:49)
com.kms.katalon.core.keyword.internal.KeywordExecutor.executeKeywordForPlatform(KeywordExecutor.groovy:95)
com.kms.katalon.core.webui.keyword.WebUiBuiltInKeywords.setText(WebUiBuiltInKeywords.groovy:1081)
SPV_CBU_Assign_PIC.run(SPV_CBU_Assign_PIC:28)
</property>
</record>
<record>
  <date>2026-07-21T09:05:29.955826400Z</date>
  <millis>1784624729955</millis>
  <nanos>826400</nanos>
  <sequence>1432</sequence>
  <level>END</level>
  <class>com.kms.katalon.core.logging.XmlKeywordLogger</class>
  <method>endKeyword</method>
  <thread>1</thread>
  <message>End action : setText(findTestObject(&amp;quot;Pilar 1/Showroom-Supplier/UAT/CBU/SPV_CBU_Assign_PIC/Page_TindakLanjutKunjunganShowroom/input_StartDate&amp;quot;), &amp;quot;21-07-2026&amp;quot;)</message>
  <nestedLevel>1</nestedLevel>
  <escapedJava>false</escapedJava>
</record>
<record>
  <date>2026-07-21T09:05:29.955826400Z</date>
  <millis>1784624729955</millis>
  <nanos>826400</nanos>
  <sequence>1433</sequence>
  <level>START</level>
  <class>com.kms.katalon.core.logging.XmlKeywordLogger</class>
  <method>startKeyword</method>
  <thread>1</thread>
  <message>Start action : setText(findTestObject(&amp;quot;Pilar 1/Showroom-Supplier/UAT/CBU/SPV_CBU_Assign_PIC/Page_TindakLanjutKunjunganShowroom/input_EndDate&amp;quot;), &amp;quot;21-07-2026&amp;quot;)</message>
  <nestedLevel>1</nestedLevel>
  <escapedJava>false</escapedJava>
  <property name="startLine">31</property>
  <property name="stepIndex">6</property>
</record>
<record>
  <date>2026-07-21T09:05:30.547527800Z</date>
  <millis>1784624730547</millis>
  <nanos>527800</nanos>
  <sequence>1447</sequence>
  <level>PASSED</level>
  <class>com.kms.katalon.core.logging.XmlKeywordLogger</class>
  <method>logMessage</method>
  <thread>1</thread>
  <message>Text &amp;apos;21-07-2026&amp;apos; is set on object &amp;apos;Object Repository/Pilar 1/Showroom-Supplier/UAT/CBU/SPV_CBU_Assign_PIC/Page_TindakLanjutKunjunganShowroom/input_EndDate&amp;apos;</message>
  <nestedLevel>1</nestedLevel>
  <escapedJava>false</escapedJava>
  <property name="testops-method-name">com.kms.katalon.core.webui.keyword.internal.WebUIKeywordMain.runKeywordUntilTimeout</property>
  <property name="testops-execution-stacktrace">com.kms.katalon.core.logging.KeywordLogger.logPassed(KeywordLogger.java:348)
com.kms.katalon.core.logging.KeywordLogger.logPassed(KeywordLogger.java:343)
com.kms.katalon.core.webui.keyword.builtin.SetTextKeyword$_setText_closure1.doCall(SetTextKeyword.groovy:99)
java.base/jdk.internal.reflect.DirectMethodHandleAccessor.invoke(DirectMethodHandleAccessor.java:103)
jdk.proxy2/jdk.proxy2.$Proxy55.execute(Unknown Source)
com.kms.katalon.core.webui.model.SeleniumActionRetryController.performAction(SeleniumActionRetryController.java:96)
com.kms.katalon.core.webui.model.SeleniumActionRetryController.performAction(SeleniumActionRetryController.java:83)
com.kms.katalon.core.webui.keyword.internal.WebUIKeywordMain$_runKeywordUntilTimeout_closure1.doCall(WebUIKeywordMain.groovy:135)
com.kms.katalon.core.webui.keyword.internal.WebUIKeywordMain$_runKeywordUntilTimeout_closure1.call(WebUIKeywordMain.groovy)
com.kms.katalon.core.webui.keyword.internal.WebUIKeywordMain.runKeyword(WebUIKeywordMain.groovy:41)
com.kms.katalon.core.webui.keyword.internal.WebUIKeywordMain.runKeywordUntilTimeout(WebUIKeywordMain.groovy:133)
com.kms.katalon.core.webui.keyword.builtin.SetTextKeyword.setText(SetTextKeyword.groovy:106)
com.kms.katalon.core.webui.keyword.builtin.SetTextKeyword.execute(SetTextKeyword.groovy:49)
com.kms.katalon.core.keyword.internal.KeywordExecutor.executeKeywordForPlatform(KeywordExecutor.groovy:95)
com.kms.katalon.core.webui.keyword.WebUiBuiltInKeywords.setText(WebUiBuiltInKeywords.groovy:1081)
SPV_CBU_Assign_PIC.run(SPV_CBU_Assign_PIC:31)
</property>
</record>
<record>
  <date>2026-07-21T09:05:30.547527800Z</date>
  <millis>1784624730547</millis>
  <nanos>527800</nanos>
  <sequence>1448</sequence>
  <level>END</level>
  <class>com.kms.katalon.core.logging.XmlKeywordLogger</class>
  <method>endKeyword</method>
  <thread>1</thread>
  <message>End action : setText(findTestObject(&amp;quot;Pilar 1/Showroom-Supplier/UAT/CBU/SPV_CBU_Assign_PIC/Page_TindakLanjutKunjunganShowroom/input_EndDate&amp;quot;), &amp;quot;21-07-2026&amp;quot;)</message>
  <nestedLevel>1</nestedLevel>
  <escapedJava>false</escapedJava>
</record>
<record>
  <date>2026-07-21T09:05:30.547527800Z</date>
  <millis>1784624730547</millis>
  <nanos>527800</nanos>
  <sequence>1449</sequence>
  <level>START</level>
  <class>com.kms.katalon.core.logging.XmlKeywordLogger</class>
  <method>startKeyword</method>
  <thread>1</thread>
  <message>Start action : selectOptionByValue(findTestObject(&amp;quot;Pilar 1/Showroom-Supplier/UAT/CBU/SPV_CBU_Assign_PIC/Page_TindakLanjutKunjunganShowroom/select_DropdownCabang&amp;quot;), &amp;quot;2&amp;quot;, false)</message>
  <nestedLevel>1</nestedLevel>
  <escapedJava>false</escapedJava>
  <property name="startLine">34</property>
  <property name="stepIndex">7</property>
</record>
<record>
  <date>2026-07-21T09:05:31.082885Z</date>
  <millis>1784624731082</millis>
  <nanos>885000</nanos>
  <sequence>1461</sequence>
  <level>PASSED</level>
  <class>com.kms.katalon.core.logging.XmlKeywordLogger</class>
  <method>logMessage</method>
  <thread>1</thread>
  <message>All options with value &amp;apos;2&amp;apos; are selected in object &amp;apos;Object Repository/Pilar 1/Showroom-Supplier/UAT/CBU/SPV_CBU_Assign_PIC/Page_TindakLanjutKunjunganShowroom/select_DropdownCabang&amp;apos; </message>
  <nestedLevel>1</nestedLevel>
  <escapedJava>false</escapedJava>
  <property name="testops-method-name">com.kms.katalon.core.webui.keyword.internal.WebUIKeywordMain.runKeywordUntilTimeout</property>
  <property name="testops-execution-stacktrace">com.kms.katalon.core.logging.KeywordLogger.logPassed(KeywordLogger.java:348)
com.kms.katalon.core.logging.KeywordLogger.logPassed(KeywordLogger.java:343)
com.kms.katalon.core.webui.keyword.builtin.SelectOptionByValueKeyword$_selectOptionByValue_closure1.doCall(SelectOptionByValueKeyword.groovy:70)
java.base/jdk.internal.reflect.DirectMethodHandleAccessor.invoke(DirectMethodHandleAccessor.java:103)
jdk.proxy2/jdk.proxy2.$Proxy55.execute(Unknown Source)
com.kms.katalon.core.webui.model.SeleniumActionRetryController.performAction(SeleniumActionRetryController.java:96)
com.kms.katalon.core.webui.model.SeleniumActionRetryController.performAction(SeleniumActionRetryController.java:83)
com.kms.katalon.core.webui.keyword.internal.WebUIKeywordMain$_runKeywordUntilTimeout_closure1.doCall(WebUIKeywordMain.groovy:135)
com.kms.katalon.core.webui.keyword.internal.WebUIKeywordMain$_runKeywordUntilTimeout_closure1.call(WebUIKeywordMain.groovy)
com.kms.katalon.core.webui.keyword.internal.WebUIKeywordMain.runKeyword(WebUIKeywordMain.groovy:41)
com.kms.katalon.core.webui.keyword.internal.WebUIKeywordMain.runKeywordUntilTimeout(WebUIKeywordMain.groovy:133)
com.kms.katalon.core.webui.keyword.builtin.SelectOptionByValueKeyword.selectOptionByValue(SelectOptionByValueKeyword.groovy:79)
com.kms.katalon.core.webui.keyword.builtin.SelectOptionByValueKeyword.execute(SelectOptionByValueKeyword.groovy:44)
com.kms.katalon.core.keyword.internal.KeywordExecutor.executeKeywordForPlatform(KeywordExecutor.groovy:95)
com.kms.katalon.core.webui.keyword.WebUiBuiltInKeywords.selectOptionByValue(WebUiBuiltInKeywords.groovy:1269)
SPV_CBU_Assign_PIC.run(SPV_CBU_Assign_PIC:34)
</property>
</record>
<record>
  <date>2026-07-21T09:05:31.082885Z</date>
  <millis>1784624731082</millis>
  <nanos>885000</nanos>
  <sequence>1462</sequence>
  <level>END</level>
  <class>com.kms.katalon.core.logging.XmlKeywordLogger</class>
  <method>endKeyword</method>
  <thread>1</thread>
  <message>End action : selectOptionByValue(findTestObject(&amp;quot;Pilar 1/Showroom-Supplier/UAT/CBU/SPV_CBU_Assign_PIC/Page_TindakLanjutKunjunganShowroom/select_DropdownCabang&amp;quot;), &amp;quot;2&amp;quot;, false)</message>
  <nestedLevel>1</nestedLevel>
  <escapedJava>false</escapedJava>
</record>
<record>
  <date>2026-07-21T09:05:31.082885Z</date>
  <millis>1784624731082</millis>
  <nanos>885000</nanos>
  <sequence>1463</sequence>
  <level>START</level>
  <class>com.kms.katalon.core.logging.XmlKeywordLogger</class>
  <method>startKeyword</method>
  <thread>1</thread>
  <message>Start action : selectOptionByValue(findTestObject(&amp;quot;Pilar 1/Showroom-Supplier/UAT/CBU/SPV-CBU-Persetujuan/Page_ApprovalKunjunganShowroom/select_Select Status&amp;quot;), &amp;quot;0&amp;quot;, false)</message>
  <nestedLevel>1</nestedLevel>
  <escapedJava>false</escapedJava>
  <property name="startLine">37</property>
  <property name="stepIndex">8</property>
</record>
<record>
  <date>2026-07-21T09:05:31.086500400Z</date>
  <millis>1784624731086</millis>
  <nanos>500400</nanos>
  <sequence>1464</sequence>
  <level>NOT_RUN</level>
  <class>com.kms.katalon.core.logging.XmlKeywordLogger</class>
  <method>logMessage</method>
  <thread>1</thread>
  <message>NOT_RUN: selectOptionByValue(findTestObject(&amp;quot;Pilar 1/Showroom-Supplier/UAT/CBU/SPV-CBU-Persetujuan/Page_ApprovalKunjunganShowroom/select_Select Status&amp;quot;), &amp;quot;0&amp;quot;, false)</message>
  <nestedLevel>1</nestedLevel>
  <escapedJava>false</escapedJava>
</record>
<record>
  <date>2026-07-21T09:05:31.086500400Z</date>
  <millis>1784624731086</millis>
  <nanos>500400</nanos>
  <sequence>1465</sequence>
  <level>END</level>
  <class>com.kms.katalon.core.logging.XmlKeywordLogger</class>
  <method>endKeyword</method>
  <thread>1</thread>
  <message>End action : selectOptionByValue(findTestObject(&amp;quot;Pilar 1/Showroom-Supplier/UAT/CBU/SPV-CBU-Persetujuan/Page_ApprovalKunjunganShowroom/select_Select Status&amp;quot;), &amp;quot;0&amp;quot;, false)</message>
  <nestedLevel>1</nestedLevel>
  <escapedJava>false</escapedJava>
</record>
<record>
  <date>2026-07-21T09:05:31.086500400Z</date>
  <millis>1784624731086</millis>
  <nanos>500400</nanos>
  <sequence>1466</sequence>
  <level>START</level>
  <class>com.kms.katalon.core.logging.XmlKeywordLogger</class>
  <method>startKeyword</method>
  <thread>1</thread>
  <message>Start action : click(findTestObject(&amp;quot;Pilar 1/Showroom-Supplier/UAT/CBU/SPV_CBU_Assign_PIC/Page_TindakLanjutKunjunganShowroom/button_Cari&amp;quot;))</message>
  <nestedLevel>1</nestedLevel>
  <escapedJava>false</escapedJava>
  <property name="startLine">40</property>
  <property name="stepIndex">9</property>
</record>
<record>
  <date>2026-07-21T09:05:31.457355600Z</date>
  <millis>1784624731457</millis>
  <nanos>355600</nanos>
  <sequence>1477</sequence>
  <level>PASSED</level>
  <class>com.kms.katalon.core.logging.XmlKeywordLogger</class>
  <method>logMessage</method>
  <thread>1</thread>
  <message>Object: &amp;apos;Object Repository/Pilar 1/Showroom-Supplier/UAT/CBU/SPV_CBU_Assign_PIC/Page_TindakLanjutKunjunganShowroom/button_Cari&amp;apos; is clicked on</message>
  <nestedLevel>1</nestedLevel>
  <escapedJava>false</escapedJava>
  <property name="testops-method-name">com.kms.katalon.core.webui.keyword.internal.WebUIKeywordMain.runKeywordUntilTimeout</property>
  <property name="testops-execution-stacktrace">com.kms.katalon.core.logging.KeywordLogger.logPassed(KeywordLogger.java:348)
com.kms.katalon.core.logging.KeywordLogger.logPassed(KeywordLogger.java:343)
com.kms.katalon.core.webui.keyword.builtin.ClickKeyword$_click_closure1.doCall(ClickKeyword.groovy:66)
java.base/jdk.internal.reflect.DirectMethodHandleAccessor.invoke(DirectMethodHandleAccessor.java:103)
jdk.proxy2/jdk.proxy2.$Proxy55.execute(Unknown Source)
com.kms.katalon.core.webui.model.SeleniumActionRetryController.performAction(SeleniumActionRetryController.java:96)
com.kms.katalon.core.webui.model.SeleniumActionRetryController.performAction(SeleniumActionRetryController.java:83)
com.kms.katalon.core.webui.keyword.internal.WebUIKeywordMain$_runKeywordUntilTimeout_closure1.doCall(WebUIKeywordMain.groovy:135)
com.kms.katalon.core.webui.keyword.internal.WebUIKeywordMain$_runKeywordUntilTimeout_closure1.call(WebUIKeywordMain.groovy)
com.kms.katalon.core.webui.keyword.internal.WebUIKeywordMain.runKeyword(WebUIKeywordMain.groovy:41)
com.kms.katalon.core.webui.keyword.internal.WebUIKeywordMain.runKeywordUntilTimeout(WebUIKeywordMain.groovy:133)
com.kms.katalon.core.webui.keyword.builtin.ClickKeyword.click(ClickKeyword.groovy:72)
com.kms.katalon.core.webui.keyword.builtin.ClickKeyword.execute(ClickKeyword.groovy:38)
com.kms.katalon.core.keyword.internal.KeywordExecutor.executeKeywordForPlatform(KeywordExecutor.groovy:95)
com.kms.katalon.core.webui.keyword.WebUiBuiltInKeywords.click(WebUiBuiltInKeywords.groovy:721)
SPV_CBU_Assign_PIC.run(SPV_CBU_Assign_PIC:40)
</property>
</record>
<record>
  <date>2026-07-21T09:05:31.462765300Z</date>
  <millis>1784624731462</millis>
  <nanos>765300</nanos>
  <sequence>1478</sequence>
  <level>END</level>
  <class>com.kms.katalon.core.logging.XmlKeywordLogger</class>
  <method>endKeyword</method>
  <thread>1</thread>
  <message>End action : click(findTestObject(&amp;quot;Pilar 1/Showroom-Supplier/UAT/CBU/SPV_CBU_Assign_PIC/Page_TindakLanjutKunjunganShowroom/button_Cari&amp;quot;))</message>
  <nestedLevel>1</nestedLevel>
  <escapedJava>false</escapedJava>
</record>
<record>
  <date>2026-07-21T09:05:31.462765300Z</date>
  <millis>1784624731462</millis>
  <nanos>765300</nanos>
  <sequence>1479</sequence>
  <level>START</level>
  <class>com.kms.katalon.core.logging.XmlKeywordLogger</class>
  <method>startKeyword</method>
  <thread>1</thread>
  <message>Start action : click(findTestObject(&amp;quot;Pilar 1/Showroom-Supplier/UAT/CBU/SPV_CBU_Assign_PIC/Page_TindakLanjutKunjunganShowroom/button_Tindak lanjut&amp;quot;))</message>
  <nestedLevel>1</nestedLevel>
  <escapedJava>false</escapedJava>
  <property name="startLine">42</property>
  <property name="stepIndex">10</property>
</record>
<record>
  <date>2026-07-21T09:05:32.424044100Z</date>
  <millis>1784624732424</millis>
  <nanos>44100</nanos>
  <sequence>1490</sequence>
  <level>PASSED</level>
  <class>com.kms.katalon.core.logging.XmlKeywordLogger</class>
  <method>logMessage</method>
  <thread>1</thread>
  <message>Object: &amp;apos;Object Repository/Pilar 1/Showroom-Supplier/UAT/CBU/SPV_CBU_Assign_PIC/Page_TindakLanjutKunjunganShowroom/button_Tindak lanjut&amp;apos; is clicked on</message>
  <nestedLevel>1</nestedLevel>
  <escapedJava>false</escapedJava>
  <property name="testops-method-name">com.kms.katalon.core.webui.keyword.internal.WebUIKeywordMain.runKeywordUntilTimeout</property>
  <property name="testops-execution-stacktrace">com.kms.katalon.core.logging.KeywordLogger.logPassed(KeywordLogger.java:348)
com.kms.katalon.core.logging.KeywordLogger.logPassed(KeywordLogger.java:343)
com.kms.katalon.core.webui.keyword.builtin.ClickKeyword$_click_closure1.doCall(ClickKeyword.groovy:66)
java.base/jdk.internal.reflect.DirectMethodHandleAccessor.invoke(DirectMethodHandleAccessor.java:103)
jdk.proxy2/jdk.proxy2.$Proxy55.execute(Unknown Source)
com.kms.katalon.core.webui.model.SeleniumActionRetryController.performAction(SeleniumActionRetryController.java:96)
com.kms.katalon.core.webui.model.SeleniumActionRetryController.performAction(SeleniumActionRetryController.java:83)
com.kms.katalon.core.webui.keyword.internal.WebUIKeywordMain$_runKeywordUntilTimeout_closure1.doCall(WebUIKeywordMain.groovy:135)
com.kms.katalon.core.webui.keyword.internal.WebUIKeywordMain$_runKeywordUntilTimeout_closure1.call(WebUIKeywordMain.groovy)
com.kms.katalon.core.webui.keyword.internal.WebUIKeywordMain.runKeyword(WebUIKeywordMain.groovy:41)
com.kms.katalon.core.webui.keyword.internal.WebUIKeywordMain.runKeywordUntilTimeout(WebUIKeywordMain.groovy:133)
com.kms.katalon.core.webui.keyword.builtin.ClickKeyword.click(ClickKeyword.groovy:72)
com.kms.katalon.core.webui.keyword.builtin.ClickKeyword.execute(ClickKeyword.groovy:38)
com.kms.katalon.core.keyword.internal.KeywordExecutor.executeKeywordForPlatform(KeywordExecutor.groovy:95)
com.kms.katalon.core.webui.keyword.WebUiBuiltInKeywords.click(WebUiBuiltInKeywords.groovy:721)
SPV_CBU_Assign_PIC.run(SPV_CBU_Assign_PIC:42)
</property>
</record>
<record>
  <date>2026-07-21T09:05:32.425136600Z</date>
  <millis>1784624732425</millis>
  <nanos>136600</nanos>
  <sequence>1491</sequence>
  <level>END</level>
  <class>com.kms.katalon.core.logging.XmlKeywordLogger</class>
  <method>endKeyword</method>
  <thread>1</thread>
  <message>End action : click(findTestObject(&amp;quot;Pilar 1/Showroom-Supplier/UAT/CBU/SPV_CBU_Assign_PIC/Page_TindakLanjutKunjunganShowroom/button_Tindak lanjut&amp;quot;))</message>
  <nestedLevel>1</nestedLevel>
  <escapedJava>false</escapedJava>
</record>
<record>
  <date>2026-07-21T09:05:32.426787200Z</date>
  <millis>1784624732426</millis>
  <nanos>787200</nanos>
  <sequence>1492</sequence>
  <level>START</level>
  <class>com.kms.katalon.core.logging.XmlKeywordLogger</class>
  <method>startKeyword</method>
  <thread>1</thread>
  <message>Start action : delay(4)</message>
  <nestedLevel>1</nestedLevel>
  <escapedJava>false</escapedJava>
  <property name="startLine">44</property>
  <property name="stepIndex">11</property>
</record>
<record>
  <date>2026-07-21T09:05:36.446054700Z</date>
  <millis>1784624736446</millis>
  <nanos>54700</nanos>
  <sequence>1495</sequence>
  <level>PASSED</level>
  <class>com.kms.katalon.core.logging.XmlKeywordLogger</class>
  <method>logMessage</method>
  <thread>1</thread>
  <message>Delayed 4 second(s)</message>
  <nestedLevel>1</nestedLevel>
  <escapedJava>false</escapedJava>
  <property name="testops-method-name">com.kms.katalon.core.keyword.builtin.DelayKeyword.delay</property>
  <property name="testops-execution-stacktrace"></property>
</record>
<record>
  <date>2026-07-21T09:05:36.446054700Z</date>
  <millis>1784624736446</millis>
  <nanos>54700</nanos>
  <sequence>1496</sequence>
  <level>END</level>
  <class>com.kms.katalon.core.logging.XmlKeywordLogger</class>
  <method>endKeyword</method>
  <thread>1</thread>
  <message>End action : delay(4)</message>
  <nestedLevel>1</nestedLevel>
  <escapedJava>false</escapedJava>
</record>
<record>
  <date>2026-07-21T09:05:36.446054700Z</date>
  <millis>1784624736446</millis>
  <nanos>54700</nanos>
  <sequence>1497</sequence>
  <level>START</level>
  <class>com.kms.katalon.core.logging.XmlKeywordLogger</class>
  <method>startKeyword</method>
  <thread>1</thread>
  <message>Start action : click(findTestObject(&amp;quot;Pilar 1/Showroom-Supplier/UAT/CBU/SPV_CBU_Assign_PIC/Page_TindakLanjutKunjunganShowroom/input_Checkbox_AssigntoPIC&amp;quot;))</message>
  <nestedLevel>1</nestedLevel>
  <escapedJava>false</escapedJava>
  <property name="startLine">46</property>
  <property name="stepIndex">12</property>
</record>
<record>
  <date>2026-07-21T09:05:50.937246500Z</date>
  <millis>1784624750937</millis>
  <nanos>246500</nanos>
  <sequence>1508</sequence>
  <level>PASSED</level>
  <class>com.kms.katalon.core.logging.XmlKeywordLogger</class>
  <method>logMessage</method>
  <thread>1</thread>
  <message>Object: &amp;apos;Object Repository/Pilar 1/Showroom-Supplier/UAT/CBU/SPV_CBU_Assign_PIC/Page_TindakLanjutKunjunganShowroom/input_Checkbox_AssigntoPIC&amp;apos; is clicked on</message>
  <nestedLevel>1</nestedLevel>
  <escapedJava>false</escapedJava>
  <property name="testops-method-name">com.kms.katalon.core.webui.keyword.internal.WebUIKeywordMain.runKeywordUntilTimeout</property>
  <property name="testops-execution-stacktrace">com.kms.katalon.core.logging.KeywordLogger.logPassed(KeywordLogger.java:348)
com.kms.katalon.core.logging.KeywordLogger.logPassed(KeywordLogger.java:343)
com.kms.katalon.core.webui.keyword.builtin.ClickKeyword$_click_closure1.doCall(ClickKeyword.groovy:66)
java.base/jdk.internal.reflect.DirectMethodHandleAccessor.invoke(DirectMethodHandleAccessor.java:103)
jdk.proxy2/jdk.proxy2.$Proxy55.execute(Unknown Source)
com.kms.katalon.core.webui.model.SeleniumActionRetryController.performAction(SeleniumActionRetryController.java:96)
com.kms.katalon.core.webui.model.SeleniumActionRetryController.performAction(SeleniumActionRetryController.java:83)
com.kms.katalon.core.webui.keyword.internal.WebUIKeywordMain$_runKeywordUntilTimeout_closure1.doCall(WebUIKeywordMain.groovy:135)
com.kms.katalon.core.webui.keyword.internal.WebUIKeywordMain$_runKeywordUntilTimeout_closure1.call(WebUIKeywordMain.groovy)
com.kms.katalon.core.webui.keyword.internal.WebUIKeywordMain.runKeyword(WebUIKeywordMain.groovy:41)
com.kms.katalon.core.webui.keyword.internal.WebUIKeywordMain.runKeywordUntilTimeout(WebUIKeywordMain.groovy:133)
com.kms.katalon.core.webui.keyword.builtin.ClickKeyword.click(ClickKeyword.groovy:72)
com.kms.katalon.core.webui.keyword.builtin.ClickKeyword.execute(ClickKeyword.groovy:38)
com.kms.katalon.core.keyword.internal.KeywordExecutor.executeKeywordForPlatform(KeywordExecutor.groovy:95)
com.kms.katalon.core.webui.keyword.WebUiBuiltInKeywords.click(WebUiBuiltInKeywords.groovy:721)
SPV_CBU_Assign_PIC.run(SPV_CBU_Assign_PIC:46)
</property>
</record>
<record>
  <date>2026-07-21T09:05:50.939256200Z</date>
  <millis>1784624750939</millis>
  <nanos>256200</nanos>
  <sequence>1509</sequence>
  <level>END</level>
  <class>com.kms.katalon.core.logging.XmlKeywordLogger</class>
  <method>endKeyword</method>
  <thread>1</thread>
  <message>End action : click(findTestObject(&amp;quot;Pilar 1/Showroom-Supplier/UAT/CBU/SPV_CBU_Assign_PIC/Page_TindakLanjutKunjunganShowroom/input_Checkbox_AssigntoPIC&amp;quot;))</message>
  <nestedLevel>1</nestedLevel>
  <escapedJava>false</escapedJava>
</record>
<record>
  <date>2026-07-21T09:05:50.940589900Z</date>
  <millis>1784624750940</millis>
  <nanos>589900</nanos>
  <sequence>1510</sequence>
  <level>START</level>
  <class>com.kms.katalon.core.logging.XmlKeywordLogger</class>
  <method>startKeyword</method>
  <thread>1</thread>
  <message>Start action : click(findTestObject(&amp;quot;Pilar 1/Showroom-Supplier/UAT/CBU/SPV_CBU_Assign_PIC/Page_TindakLanjutKunjunganShowroom/button_Kirim Tindak lanjut&amp;quot;))</message>
  <nestedLevel>1</nestedLevel>
  <escapedJava>false</escapedJava>
  <property name="startLine">48</property>
  <property name="stepIndex">13</property>
</record>
<record>
  <date>2026-07-21T09:05:51.260901300Z</date>
  <millis>1784624751260</millis>
  <nanos>901300</nanos>
  <sequence>1521</sequence>
  <level>PASSED</level>
  <class>com.kms.katalon.core.logging.XmlKeywordLogger</class>
  <method>logMessage</method>
  <thread>1</thread>
  <message>Object: &amp;apos;Object Repository/Pilar 1/Showroom-Supplier/UAT/CBU/SPV_CBU_Assign_PIC/Page_TindakLanjutKunjunganShowroom/button_Kirim Tindak lanjut&amp;apos; is clicked on</message>
  <nestedLevel>1</nestedLevel>
  <escapedJava>false</escapedJava>
  <property name="testops-method-name">com.kms.katalon.core.webui.keyword.internal.WebUIKeywordMain.runKeywordUntilTimeout</property>
  <property name="testops-execution-stacktrace">com.kms.katalon.core.logging.KeywordLogger.logPassed(KeywordLogger.java:348)
com.kms.katalon.core.logging.KeywordLogger.logPassed(KeywordLogger.java:343)
com.kms.katalon.core.webui.keyword.builtin.ClickKeyword$_click_closure1.doCall(ClickKeyword.groovy:66)
java.base/jdk.internal.reflect.DirectMethodHandleAccessor.invoke(DirectMethodHandleAccessor.java:103)
jdk.proxy2/jdk.proxy2.$Proxy55.execute(Unknown Source)
com.kms.katalon.core.webui.model.SeleniumActionRetryController.performAction(SeleniumActionRetryController.java:96)
com.kms.katalon.core.webui.model.SeleniumActionRetryController.performAction(SeleniumActionRetryController.java:83)
com.kms.katalon.core.webui.keyword.internal.WebUIKeywordMain$_runKeywordUntilTimeout_closure1.doCall(WebUIKeywordMain.groovy:135)
com.kms.katalon.core.webui.keyword.internal.WebUIKeywordMain$_runKeywordUntilTimeout_closure1.call(WebUIKeywordMain.groovy)
com.kms.katalon.core.webui.keyword.internal.WebUIKeywordMain.runKeyword(WebUIKeywordMain.groovy:41)
com.kms.katalon.core.webui.keyword.internal.WebUIKeywordMain.runKeywordUntilTimeout(WebUIKeywordMain.groovy:133)
com.kms.katalon.core.webui.keyword.builtin.ClickKeyword.click(ClickKeyword.groovy:72)
com.kms.katalon.core.webui.keyword.builtin.ClickKeyword.execute(ClickKeyword.groovy:38)
com.kms.katalon.core.keyword.internal.KeywordExecutor.executeKeywordForPlatform(KeywordExecutor.groovy:95)
com.kms.katalon.core.webui.keyword.WebUiBuiltInKeywords.click(WebUiBuiltInKeywords.groovy:721)
SPV_CBU_Assign_PIC.run(SPV_CBU_Assign_PIC:48)
</property>
</record>
<record>
  <date>2026-07-21T09:05:51.264241300Z</date>
  <millis>1784624751264</millis>
  <nanos>241300</nanos>
  <sequence>1522</sequence>
  <level>END</level>
  <class>com.kms.katalon.core.logging.XmlKeywordLogger</class>
  <method>endKeyword</method>
  <thread>1</thread>
  <message>End action : click(findTestObject(&amp;quot;Pilar 1/Showroom-Supplier/UAT/CBU/SPV_CBU_Assign_PIC/Page_TindakLanjutKunjunganShowroom/button_Kirim Tindak lanjut&amp;quot;))</message>
  <nestedLevel>1</nestedLevel>
  <escapedJava>false</escapedJava>
</record>
<record>
  <date>2026-07-21T09:05:51.264241300Z</date>
  <millis>1784624751264</millis>
  <nanos>241300</nanos>
  <sequence>1523</sequence>
  <level>START</level>
  <class>com.kms.katalon.core.logging.XmlKeywordLogger</class>
  <method>startKeyword</method>
  <thread>1</thread>
  <message>Start action : setText(findTestObject(&amp;quot;Pilar 1/Showroom-Supplier/UAT/CBU/SPV_CBU_Assign_PIC/Page_TindakLanjutKunjunganShowroom/input_NamaPIC_A&amp;quot;), &amp;quot;margareta&amp;quot;)</message>
  <nestedLevel>1</nestedLevel>
  <escapedJava>false</escapedJava>
  <property name="startLine">50</property>
  <property name="stepIndex">14</property>
</record>
<record>
  <date>2026-07-21T09:05:52.275709900Z</date>
  <millis>1784624752275</millis>
  <nanos>709900</nanos>
  <sequence>1537</sequence>
  <level>PASSED</level>
  <class>com.kms.katalon.core.logging.XmlKeywordLogger</class>
  <method>logMessage</method>
  <thread>1</thread>
  <message>Text &amp;apos;margareta&amp;apos; is set on object &amp;apos;Object Repository/Pilar 1/Showroom-Supplier/UAT/CBU/SPV_CBU_Assign_PIC/Page_TindakLanjutKunjunganShowroom/input_NamaPIC_A&amp;apos;</message>
  <nestedLevel>1</nestedLevel>
  <escapedJava>false</escapedJava>
  <property name="testops-method-name">com.kms.katalon.core.webui.keyword.internal.WebUIKeywordMain.runKeywordUntilTimeout</property>
  <property name="testops-execution-stacktrace">com.kms.katalon.core.logging.KeywordLogger.logPassed(KeywordLogger.java:348)
com.kms.katalon.core.logging.KeywordLogger.logPassed(KeywordLogger.java:343)
com.kms.katalon.core.webui.keyword.builtin.SetTextKeyword$_setText_closure1.doCall(SetTextKeyword.groovy:99)
java.base/jdk.internal.reflect.DirectMethodHandleAccessor.invoke(DirectMethodHandleAccessor.java:103)
jdk.proxy2/jdk.proxy2.$Proxy55.execute(Unknown Source)
com.kms.katalon.core.webui.model.SeleniumActionRetryController.performAction(SeleniumActionRetryController.java:96)
com.kms.katalon.core.webui.model.SeleniumActionRetryController.performAction(SeleniumActionRetryController.java:83)
com.kms.katalon.core.webui.keyword.internal.WebUIKeywordMain$_runKeywordUntilTimeout_closure1.doCall(WebUIKeywordMain.groovy:135)
com.kms.katalon.core.webui.keyword.internal.WebUIKeywordMain$_runKeywordUntilTimeout_closure1.call(WebUIKeywordMain.groovy)
com.kms.katalon.core.webui.keyword.internal.WebUIKeywordMain.runKeyword(WebUIKeywordMain.groovy:41)
com.kms.katalon.core.webui.keyword.internal.WebUIKeywordMain.runKeywordUntilTimeout(WebUIKeywordMain.groovy:133)
com.kms.katalon.core.webui.keyword.builtin.SetTextKeyword.setText(SetTextKeyword.groovy:106)
com.kms.katalon.core.webui.keyword.builtin.SetTextKeyword.execute(SetTextKeyword.groovy:49)
com.kms.katalon.core.keyword.internal.KeywordExecutor.executeKeywordForPlatform(KeywordExecutor.groovy:95)
com.kms.katalon.core.webui.keyword.WebUiBuiltInKeywords.setText(WebUiBuiltInKeywords.groovy:1081)
SPV_CBU_Assign_PIC.run(SPV_CBU_Assign_PIC:50)
</property>
</record>
<record>
  <date>2026-07-21T09:05:52.276997500Z</date>
  <millis>1784624752276</millis>
  <nanos>997500</nanos>
  <sequence>1538</sequence>
  <level>END</level>
  <class>com.kms.katalon.core.logging.XmlKeywordLogger</class>
  <method>endKeyword</method>
  <thread>1</thread>
  <message>End action : setText(findTestObject(&amp;quot;Pilar 1/Showroom-Supplier/UAT/CBU/SPV_CBU_Assign_PIC/Page_TindakLanjutKunjunganShowroom/input_NamaPIC_A&amp;quot;), &amp;quot;margareta&amp;quot;)</message>
  <nestedLevel>1</nestedLevel>
  <escapedJava>false</escapedJava>
</record>
<record>
  <date>2026-07-21T09:05:52.276997500Z</date>
  <millis>1784624752276</millis>
  <nanos>997500</nanos>
  <sequence>1539</sequence>
  <level>START</level>
  <class>com.kms.katalon.core.logging.XmlKeywordLogger</class>
  <method>startKeyword</method>
  <thread>1</thread>
  <message>Start action : click(findTestObject(&amp;quot;Pilar 1/Showroom-Supplier/UAT/CBU/SPV_CBU_Assign_PIC/Page_TindakLanjutKunjunganShowroom/button_Cari_PIC_A_B&amp;quot;))</message>
  <nestedLevel>1</nestedLevel>
  <escapedJava>false</escapedJava>
  <property name="startLine">53</property>
  <property name="stepIndex">15</property>
</record>
<record>
  <date>2026-07-21T09:05:52.563020500Z</date>
  <millis>1784624752563</millis>
  <nanos>20500</nanos>
  <sequence>1550</sequence>
  <level>PASSED</level>
  <class>com.kms.katalon.core.logging.XmlKeywordLogger</class>
  <method>logMessage</method>
  <thread>1</thread>
  <message>Object: &amp;apos;Object Repository/Pilar 1/Showroom-Supplier/UAT/CBU/SPV_CBU_Assign_PIC/Page_TindakLanjutKunjunganShowroom/button_Cari_PIC_A_B&amp;apos; is clicked on</message>
  <nestedLevel>1</nestedLevel>
  <escapedJava>false</escapedJava>
  <property name="testops-method-name">com.kms.katalon.core.webui.keyword.internal.WebUIKeywordMain.runKeywordUntilTimeout</property>
  <property name="testops-execution-stacktrace">com.kms.katalon.core.logging.KeywordLogger.logPassed(KeywordLogger.java:348)
com.kms.katalon.core.logging.KeywordLogger.logPassed(KeywordLogger.java:343)
com.kms.katalon.core.webui.keyword.builtin.ClickKeyword$_click_closure1.doCall(ClickKeyword.groovy:66)
java.base/jdk.internal.reflect.DirectMethodHandleAccessor.invoke(DirectMethodHandleAccessor.java:103)
jdk.proxy2/jdk.proxy2.$Proxy55.execute(Unknown Source)
com.kms.katalon.core.webui.model.SeleniumActionRetryController.performAction(SeleniumActionRetryController.java:96)
com.kms.katalon.core.webui.model.SeleniumActionRetryController.performAction(SeleniumActionRetryController.java:83)
com.kms.katalon.core.webui.keyword.internal.WebUIKeywordMain$_runKeywordUntilTimeout_closure1.doCall(WebUIKeywordMain.groovy:135)
com.kms.katalon.core.webui.keyword.internal.WebUIKeywordMain$_runKeywordUntilTimeout_closure1.call(WebUIKeywordMain.groovy)
com.kms.katalon.core.webui.keyword.internal.WebUIKeywordMain.runKeyword(WebUIKeywordMain.groovy:41)
com.kms.katalon.core.webui.keyword.internal.WebUIKeywordMain.runKeywordUntilTimeout(WebUIKeywordMain.groovy:133)
com.kms.katalon.core.webui.keyword.builtin.ClickKeyword.click(ClickKeyword.groovy:72)
com.kms.katalon.core.webui.keyword.builtin.ClickKeyword.execute(ClickKeyword.groovy:38)
com.kms.katalon.core.keyword.internal.KeywordExecutor.executeKeywordForPlatform(KeywordExecutor.groovy:95)
com.kms.katalon.core.webui.keyword.WebUiBuiltInKeywords.click(WebUiBuiltInKeywords.groovy:721)
SPV_CBU_Assign_PIC.run(SPV_CBU_Assign_PIC:53)
</property>
</record>
<record>
  <date>2026-07-21T09:05:52.566163900Z</date>
  <millis>1784624752566</millis>
  <nanos>163900</nanos>
  <sequence>1551</sequence>
  <level>END</level>
  <class>com.kms.katalon.core.logging.XmlKeywordLogger</class>
  <method>endKeyword</method>
  <thread>1</thread>
  <message>End action : click(findTestObject(&amp;quot;Pilar 1/Showroom-Supplier/UAT/CBU/SPV_CBU_Assign_PIC/Page_TindakLanjutKunjunganShowroom/button_Cari_PIC_A_B&amp;quot;))</message>
  <nestedLevel>1</nestedLevel>
  <escapedJava>false</escapedJava>
</record>
<record>
  <date>2026-07-21T09:05:52.566163900Z</date>
  <millis>1784624752566</millis>
  <nanos>163900</nanos>
  <sequence>1552</sequence>
  <level>START</level>
  <class>com.kms.katalon.core.logging.XmlKeywordLogger</class>
  <method>startKeyword</method>
  <thread>1</thread>
  <message>Start action : click(findTestObject(&amp;quot;Pilar 1/Showroom-Supplier/UAT/CBU/SPV_CBU_Assign_PIC/Page_TindakLanjutKunjunganShowroom/input_Checklist_PIC_A_Utama&amp;quot;))</message>
  <nestedLevel>1</nestedLevel>
  <escapedJava>false</escapedJava>
  <property name="startLine">55</property>
  <property name="stepIndex">16</property>
</record>
<record>
  <date>2026-07-21T09:05:53.541834200Z</date>
  <millis>1784624753541</millis>
  <nanos>834200</nanos>
  <sequence>1563</sequence>
  <level>PASSED</level>
  <class>com.kms.katalon.core.logging.XmlKeywordLogger</class>
  <method>logMessage</method>
  <thread>1</thread>
  <message>Object: &amp;apos;Object Repository/Pilar 1/Showroom-Supplier/UAT/CBU/SPV_CBU_Assign_PIC/Page_TindakLanjutKunjunganShowroom/input_Checklist_PIC_A_Utama&amp;apos; is clicked on</message>
  <nestedLevel>1</nestedLevel>
  <escapedJava>false</escapedJava>
  <property name="testops-method-name">com.kms.katalon.core.webui.keyword.internal.WebUIKeywordMain.runKeywordUntilTimeout</property>
  <property name="testops-execution-stacktrace">com.kms.katalon.core.logging.KeywordLogger.logPassed(KeywordLogger.java:348)
com.kms.katalon.core.logging.KeywordLogger.logPassed(KeywordLogger.java:343)
com.kms.katalon.core.webui.keyword.builtin.ClickKeyword$_click_closure1.doCall(ClickKeyword.groovy:66)
java.base/jdk.internal.reflect.DirectMethodHandleAccessor.invoke(DirectMethodHandleAccessor.java:103)
jdk.proxy2/jdk.proxy2.$Proxy55.execute(Unknown Source)
com.kms.katalon.core.webui.model.SeleniumActionRetryController.performAction(SeleniumActionRetryController.java:96)
com.kms.katalon.core.webui.model.SeleniumActionRetryController.performAction(SeleniumActionRetryController.java:83)
com.kms.katalon.core.webui.keyword.internal.WebUIKeywordMain$_runKeywordUntilTimeout_closure1.doCall(WebUIKeywordMain.groovy:135)
com.kms.katalon.core.webui.keyword.internal.WebUIKeywordMain$_runKeywordUntilTimeout_closure1.call(WebUIKeywordMain.groovy)
com.kms.katalon.core.webui.keyword.internal.WebUIKeywordMain.runKeyword(WebUIKeywordMain.groovy:41)
com.kms.katalon.core.webui.keyword.internal.WebUIKeywordMain.runKeywordUntilTimeout(WebUIKeywordMain.groovy:133)
com.kms.katalon.core.webui.keyword.builtin.ClickKeyword.click(ClickKeyword.groovy:72)
com.kms.katalon.core.webui.keyword.builtin.ClickKeyword.execute(ClickKeyword.groovy:38)
com.kms.katalon.core.keyword.internal.KeywordExecutor.executeKeywordForPlatform(KeywordExecutor.groovy:95)
com.kms.katalon.core.webui.keyword.WebUiBuiltInKeywords.click(WebUiBuiltInKeywords.groovy:721)
SPV_CBU_Assign_PIC.run(SPV_CBU_Assign_PIC:55)
</property>
</record>
<record>
  <date>2026-07-21T09:05:53.541834200Z</date>
  <millis>1784624753541</millis>
  <nanos>834200</nanos>
  <sequence>1564</sequence>
  <level>END</level>
  <class>com.kms.katalon.core.logging.XmlKeywordLogger</class>
  <method>endKeyword</method>
  <thread>1</thread>
  <message>End action : click(findTestObject(&amp;quot;Pilar 1/Showroom-Supplier/UAT/CBU/SPV_CBU_Assign_PIC/Page_TindakLanjutKunjunganShowroom/input_Checklist_PIC_A_Utama&amp;quot;))</message>
  <nestedLevel>1</nestedLevel>
  <escapedJava>false</escapedJava>
</record>
<record>
  <date>2026-07-21T09:05:53.544509500Z</date>
  <millis>1784624753544</millis>
  <nanos>509500</nanos>
  <sequence>1565</sequence>
  <level>START</level>
  <class>com.kms.katalon.core.logging.XmlKeywordLogger</class>
  <method>startKeyword</method>
  <thread>1</thread>
  <message>Start action : setText(findTestObject(&amp;quot;Pilar 1/Showroom-Supplier/UAT/CBU/SPV_CBU_Assign_PIC/Page_TindakLanjutKunjunganShowroom/input_NamaPIC_B&amp;quot;), &amp;quot;Irwansyah&amp;quot;)</message>
  <nestedLevel>1</nestedLevel>
  <escapedJava>false</escapedJava>
  <property name="startLine">57</property>
  <property name="stepIndex">17</property>
</record>
<record>
  <date>2026-07-21T09:05:53.545513200Z</date>
  <millis>1784624753545</millis>
  <nanos>513200</nanos>
  <sequence>1566</sequence>
  <level>NOT_RUN</level>
  <class>com.kms.katalon.core.logging.XmlKeywordLogger</class>
  <method>logMessage</method>
  <thread>1</thread>
  <message>NOT_RUN: setText(findTestObject(&amp;quot;Pilar 1/Showroom-Supplier/UAT/CBU/SPV_CBU_Assign_PIC/Page_TindakLanjutKunjunganShowroom/input_NamaPIC_B&amp;quot;), &amp;quot;Irwansyah&amp;quot;)</message>
  <nestedLevel>1</nestedLevel>
  <escapedJava>false</escapedJava>
</record>
<record>
  <date>2026-07-21T09:05:53.548210600Z</date>
  <millis>1784624753548</millis>
  <nanos>210600</nanos>
  <sequence>1567</sequence>
  <level>END</level>
  <class>com.kms.katalon.core.logging.XmlKeywordLogger</class>
  <method>endKeyword</method>
  <thread>1</thread>
  <message>End action : setText(findTestObject(&amp;quot;Pilar 1/Showroom-Supplier/UAT/CBU/SPV_CBU_Assign_PIC/Page_TindakLanjutKunjunganShowroom/input_NamaPIC_B&amp;quot;), &amp;quot;Irwansyah&amp;quot;)</message>
  <nestedLevel>1</nestedLevel>
  <escapedJava>false</escapedJava>
</record>
<record>
  <date>2026-07-21T09:05:53.548210600Z</date>
  <millis>1784624753548</millis>
  <nanos>210600</nanos>
  <sequence>1568</sequence>
  <level>START</level>
  <class>com.kms.katalon.core.logging.XmlKeywordLogger</class>
  <method>startKeyword</method>
  <thread>1</thread>
  <message>Start action : click(findTestObject(&amp;quot;Pilar 1/Showroom-Supplier/UAT/CBU/SPV_CBU_Assign_PIC/Page_TindakLanjutKunjunganShowroom/button_Cari_PIC_A_B&amp;quot;))</message>
  <nestedLevel>1</nestedLevel>
  <escapedJava>false</escapedJava>
  <property name="startLine">60</property>
  <property name="stepIndex">18</property>
</record>
<record>
  <date>2026-07-21T09:05:53.549410900Z</date>
  <millis>1784624753549</millis>
  <nanos>410900</nanos>
  <sequence>1569</sequence>
  <level>NOT_RUN</level>
  <class>com.kms.katalon.core.logging.XmlKeywordLogger</class>
  <method>logMessage</method>
  <thread>1</thread>
  <message>NOT_RUN: click(findTestObject(&amp;quot;Pilar 1/Showroom-Supplier/UAT/CBU/SPV_CBU_Assign_PIC/Page_TindakLanjutKunjunganShowroom/button_Cari_PIC_A_B&amp;quot;))</message>
  <nestedLevel>1</nestedLevel>
  <escapedJava>false</escapedJava>
</record>
<record>
  <date>2026-07-21T09:05:53.550580600Z</date>
  <millis>1784624753550</millis>
  <nanos>580600</nanos>
  <sequence>1570</sequence>
  <level>END</level>
  <class>com.kms.katalon.core.logging.XmlKeywordLogger</class>
  <method>endKeyword</method>
  <thread>1</thread>
  <message>End action : click(findTestObject(&amp;quot;Pilar 1/Showroom-Supplier/UAT/CBU/SPV_CBU_Assign_PIC/Page_TindakLanjutKunjunganShowroom/button_Cari_PIC_A_B&amp;quot;))</message>
  <nestedLevel>1</nestedLevel>
  <escapedJava>false</escapedJava>
</record>
<record>
  <date>2026-07-21T09:05:53.551413600Z</date>
  <millis>1784624753551</millis>
  <nanos>413600</nanos>
  <sequence>1571</sequence>
  <level>START</level>
  <class>com.kms.katalon.core.logging.XmlKeywordLogger</class>
  <method>startKeyword</method>
  <thread>1</thread>
  <message>Start action : click(findTestObject(&amp;quot;Pilar 1/Showroom-Supplier/UAT/CBU/SPV_CBU_Assign_PIC/Page_TindakLanjutKunjunganShowroom/input_Checklist_PIC_B_Utama&amp;quot;))</message>
  <nestedLevel>1</nestedLevel>
  <escapedJava>false</escapedJava>
  <property name="startLine">62</property>
  <property name="stepIndex">19</property>
</record>
<record>
  <date>2026-07-21T09:05:53.553699800Z</date>
  <millis>1784624753553</millis>
  <nanos>699800</nanos>
  <sequence>1572</sequence>
  <level>NOT_RUN</level>
  <class>com.kms.katalon.core.logging.XmlKeywordLogger</class>
  <method>logMessage</method>
  <thread>1</thread>
  <message>NOT_RUN: click(findTestObject(&amp;quot;Pilar 1/Showroom-Supplier/UAT/CBU/SPV_CBU_Assign_PIC/Page_TindakLanjutKunjunganShowroom/input_Checklist_PIC_B_Utama&amp;quot;))</message>
  <nestedLevel>1</nestedLevel>
  <escapedJava>false</escapedJava>
</record>
<record>
  <date>2026-07-21T09:05:53.554704300Z</date>
  <millis>1784624753554</millis>
  <nanos>704300</nanos>
  <sequence>1573</sequence>
  <level>END</level>
  <class>com.kms.katalon.core.logging.XmlKeywordLogger</class>
  <method>endKeyword</method>
  <thread>1</thread>
  <message>End action : click(findTestObject(&amp;quot;Pilar 1/Showroom-Supplier/UAT/CBU/SPV_CBU_Assign_PIC/Page_TindakLanjutKunjunganShowroom/input_Checklist_PIC_B_Utama&amp;quot;))</message>
  <nestedLevel>1</nestedLevel>
  <escapedJava>false</escapedJava>
</record>
<record>
  <date>2026-07-21T09:05:53.555693500Z</date>
  <millis>1784624753555</millis>
  <nanos>693500</nanos>
  <sequence>1574</sequence>
  <level>START</level>
  <class>com.kms.katalon.core.logging.XmlKeywordLogger</class>
  <method>startKeyword</method>
  <thread>1</thread>
  <message>Start action : click(findTestObject(&amp;quot;Pilar 1/Showroom-Supplier/UAT/CBU/SPV_CBU_Assign_PIC/Page_TindakLanjutKunjunganShowroom/button_Kirim Tindak Lanjut (1)&amp;quot;))</message>
  <nestedLevel>1</nestedLevel>
  <escapedJava>false</escapedJava>
  <property name="startLine">64</property>
  <property name="stepIndex">20</property>
</record>
<record>
  <date>2026-07-21T09:05:54.082377400Z</date>
  <millis>1784624754082</millis>
  <nanos>377400</nanos>
  <sequence>1585</sequence>
  <level>PASSED</level>
  <class>com.kms.katalon.core.logging.XmlKeywordLogger</class>
  <method>logMessage</method>
  <thread>1</thread>
  <message>Object: &amp;apos;Object Repository/Pilar 1/Showroom-Supplier/UAT/CBU/SPV_CBU_Assign_PIC/Page_TindakLanjutKunjunganShowroom/button_Kirim Tindak Lanjut (1)&amp;apos; is clicked on</message>
  <nestedLevel>1</nestedLevel>
  <escapedJava>false</escapedJava>
  <property name="testops-method-name">com.kms.katalon.core.webui.keyword.internal.WebUIKeywordMain.runKeywordUntilTimeout</property>
  <property name="testops-execution-stacktrace">com.kms.katalon.core.logging.KeywordLogger.logPassed(KeywordLogger.java:348)
com.kms.katalon.core.logging.KeywordLogger.logPassed(KeywordLogger.java:343)
com.kms.katalon.core.webui.keyword.builtin.ClickKeyword$_click_closure1.doCall(ClickKeyword.groovy:66)
java.base/jdk.internal.reflect.DirectMethodHandleAccessor.invoke(DirectMethodHandleAccessor.java:103)
jdk.proxy2/jdk.proxy2.$Proxy55.execute(Unknown Source)
com.kms.katalon.core.webui.model.SeleniumActionRetryController.performAction(SeleniumActionRetryController.java:96)
com.kms.katalon.core.webui.model.SeleniumActionRetryController.performAction(SeleniumActionRetryController.java:83)
com.kms.katalon.core.webui.keyword.internal.WebUIKeywordMain$_runKeywordUntilTimeout_closure1.doCall(WebUIKeywordMain.groovy:135)
com.kms.katalon.core.webui.keyword.internal.WebUIKeywordMain$_runKeywordUntilTimeout_closure1.call(WebUIKeywordMain.groovy)
com.kms.katalon.core.webui.keyword.internal.WebUIKeywordMain.runKeyword(WebUIKeywordMain.groovy:41)
com.kms.katalon.core.webui.keyword.internal.WebUIKeywordMain.runKeywordUntilTimeout(WebUIKeywordMain.groovy:133)
com.kms.katalon.core.webui.keyword.builtin.ClickKeyword.click(ClickKeyword.groovy:72)
com.kms.katalon.core.webui.keyword.builtin.ClickKeyword.execute(ClickKeyword.groovy:38)
com.kms.katalon.core.keyword.internal.KeywordExecutor.executeKeywordForPlatform(KeywordExecutor.groovy:95)
com.kms.katalon.core.webui.keyword.WebUiBuiltInKeywords.click(WebUiBuiltInKeywords.groovy:721)
SPV_CBU_Assign_PIC.run(SPV_CBU_Assign_PIC:64)
</property>
</record>
<record>
  <date>2026-07-21T09:05:54.086153800Z</date>
  <millis>1784624754086</millis>
  <nanos>153800</nanos>
  <sequence>1586</sequence>
  <level>END</level>
  <class>com.kms.katalon.core.logging.XmlKeywordLogger</class>
  <method>endKeyword</method>
  <thread>1</thread>
  <message>End action : click(findTestObject(&amp;quot;Pilar 1/Showroom-Supplier/UAT/CBU/SPV_CBU_Assign_PIC/Page_TindakLanjutKunjunganShowroom/button_Kirim Tindak Lanjut (1)&amp;quot;))</message>
  <nestedLevel>1</nestedLevel>
  <escapedJava>false</escapedJava>
</record>
<record>
  <date>2026-07-21T09:05:54.086153800Z</date>
  <millis>1784624754086</millis>
  <nanos>153800</nanos>
  <sequence>1587</sequence>
  <level>START</level>
  <class>com.kms.katalon.core.logging.XmlKeywordLogger</class>
  <method>startKeyword</method>
  <thread>1</thread>
  <message>Start action : verifyElementPresent(findTestObject(&amp;quot;Pilar 1/Showroom-Supplier/UAT/CBU/SPV_CBU_Assign_PIC/Page_TindakLanjutKunjunganShowroom/div_Apakah Anda yakin ingin mengirimkan tindak l&amp;quot;), 0)</message>
  <nestedLevel>1</nestedLevel>
  <escapedJava>false</escapedJava>
  <property name="startLine">66</property>
  <property name="stepIndex">21</property>
</record>
<record>
  <date>2026-07-21T09:05:54.109683900Z</date>
  <millis>1784624754109</millis>
  <nanos>683900</nanos>
  <sequence>1592</sequence>
  <level>WARNING</level>
  <class>com.kms.katalon.core.logging.XmlKeywordLogger</class>
  <method>logMessage</method>
  <thread>1</thread>
  <message>Timeout &amp;apos;0&amp;apos; is invalid. Using default page load timeout: &amp;apos;20&amp;apos;</message>
  <nestedLevel>1</nestedLevel>
  <escapedJava>false</escapedJava>
</record>
<record>
  <date>2026-07-21T09:05:54.553301900Z</date>
  <millis>1784624754553</millis>
  <nanos>301900</nanos>
  <sequence>1595</sequence>
  <level>PASSED</level>
  <class>com.kms.katalon.core.logging.XmlKeywordLogger</class>
  <method>logMessage</method>
  <thread>1</thread>
  <message>Object &amp;apos;Object Repository/Pilar 1/Showroom-Supplier/UAT/CBU/SPV_CBU_Assign_PIC/Page_TindakLanjutKunjunganShowroom/div_Apakah Anda yakin ingin mengirimkan tindak l&amp;apos; is present</message>
  <nestedLevel>1</nestedLevel>
  <escapedJava>false</escapedJava>
  <property name="testops-is-assertion">true</property>
  <property name="testops-method-name">com.kms.katalon.core.webui.keyword.builtin.VerifyElementPresentKeyword.verifyElementPresent</property>
  <property name="testops-execution-stacktrace"></property>
</record>
<record>
  <date>2026-07-21T09:05:54.553301900Z</date>
  <millis>1784624754553</millis>
  <nanos>301900</nanos>
  <sequence>1596</sequence>
  <level>END</level>
  <class>com.kms.katalon.core.logging.XmlKeywordLogger</class>
  <method>endKeyword</method>
  <thread>1</thread>
  <message>End action : verifyElementPresent(findTestObject(&amp;quot;Pilar 1/Showroom-Supplier/UAT/CBU/SPV_CBU_Assign_PIC/Page_TindakLanjutKunjunganShowroom/div_Apakah Anda yakin ingin mengirimkan tindak l&amp;quot;), 0)</message>
  <nestedLevel>1</nestedLevel>
  <escapedJava>false</escapedJava>
</record>
<record>
  <date>2026-07-21T09:05:54.553301900Z</date>
  <millis>1784624754553</millis>
  <nanos>301900</nanos>
  <sequence>1597</sequence>
  <level>START</level>
  <class>com.kms.katalon.core.logging.XmlKeywordLogger</class>
  <method>startKeyword</method>
  <thread>1</thread>
  <message>Start action : click(findTestObject(&amp;quot;Pilar 1/Showroom-Supplier/UAT/CBU/SPV_CBU_Assign_PIC/Page_TindakLanjutKunjunganShowroom/button_Kirim Tindak Lanjut(2)&amp;quot;))</message>
  <nestedLevel>1</nestedLevel>
  <escapedJava>false</escapedJava>
  <property name="startLine">69</property>
  <property name="stepIndex">22</property>
</record>
<record>
  <date>2026-07-21T09:05:54.868659600Z</date>
  <millis>1784624754868</millis>
  <nanos>659600</nanos>
  <sequence>1608</sequence>
  <level>PASSED</level>
  <class>com.kms.katalon.core.logging.XmlKeywordLogger</class>
  <method>logMessage</method>
  <thread>1</thread>
  <message>Object: &amp;apos;Object Repository/Pilar 1/Showroom-Supplier/UAT/CBU/SPV_CBU_Assign_PIC/Page_TindakLanjutKunjunganShowroom/button_Kirim Tindak Lanjut(2)&amp;apos; is clicked on</message>
  <nestedLevel>1</nestedLevel>
  <escapedJava>false</escapedJava>
  <property name="testops-method-name">com.kms.katalon.core.webui.keyword.internal.WebUIKeywordMain.runKeywordUntilTimeout</property>
  <property name="testops-execution-stacktrace">com.kms.katalon.core.logging.KeywordLogger.logPassed(KeywordLogger.java:348)
com.kms.katalon.core.logging.KeywordLogger.logPassed(KeywordLogger.java:343)
com.kms.katalon.core.webui.keyword.builtin.ClickKeyword$_click_closure1.doCall(ClickKeyword.groovy:66)
java.base/jdk.internal.reflect.DirectMethodHandleAccessor.invoke(DirectMethodHandleAccessor.java:103)
jdk.proxy2/jdk.proxy2.$Proxy55.execute(Unknown Source)
com.kms.katalon.core.webui.model.SeleniumActionRetryController.performAction(SeleniumActionRetryController.java:96)
com.kms.katalon.core.webui.model.SeleniumActionRetryController.performAction(SeleniumActionRetryController.java:83)
com.kms.katalon.core.webui.keyword.internal.WebUIKeywordMain$_runKeywordUntilTimeout_closure1.doCall(WebUIKeywordMain.groovy:135)
com.kms.katalon.core.webui.keyword.internal.WebUIKeywordMain$_runKeywordUntilTimeout_closure1.call(WebUIKeywordMain.groovy)
com.kms.katalon.core.webui.keyword.internal.WebUIKeywordMain.runKeyword(WebUIKeywordMain.groovy:41)
com.kms.katalon.core.webui.keyword.internal.WebUIKeywordMain.runKeywordUntilTimeout(WebUIKeywordMain.groovy:133)
com.kms.katalon.core.webui.keyword.builtin.ClickKeyword.click(ClickKeyword.groovy:72)
com.kms.katalon.core.webui.keyword.builtin.ClickKeyword.execute(ClickKeyword.groovy:38)
com.kms.katalon.core.keyword.internal.KeywordExecutor.executeKeywordForPlatform(KeywordExecutor.groovy:95)
com.kms.katalon.core.webui.keyword.WebUiBuiltInKeywords.click(WebUiBuiltInKeywords.groovy:721)
SPV_CBU_Assign_PIC.run(SPV_CBU_Assign_PIC:69)
</property>
</record>
<record>
  <date>2026-07-21T09:05:54.871513800Z</date>
  <millis>1784624754871</millis>
  <nanos>513800</nanos>
  <sequence>1609</sequence>
  <level>END</level>
  <class>com.kms.katalon.core.logging.XmlKeywordLogger</class>
  <method>endKeyword</method>
  <thread>1</thread>
  <message>End action : click(findTestObject(&amp;quot;Pilar 1/Showroom-Supplier/UAT/CBU/SPV_CBU_Assign_PIC/Page_TindakLanjutKunjunganShowroom/button_Kirim Tindak Lanjut(2)&amp;quot;))</message>
  <nestedLevel>1</nestedLevel>
  <escapedJava>false</escapedJava>
</record>
<record>
  <date>2026-07-21T09:05:54.871513800Z</date>
  <millis>1784624754871</millis>
  <nanos>513800</nanos>
  <sequence>1610</sequence>
  <level>START</level>
  <class>com.kms.katalon.core.logging.XmlKeywordLogger</class>
  <method>startKeyword</method>
  <thread>1</thread>
  <message>Start action : delay(4)</message>
  <nestedLevel>1</nestedLevel>
  <escapedJava>false</escapedJava>
  <property name="startLine">71</property>
  <property name="stepIndex">23</property>
</record>
<record>
  <date>2026-07-21T09:05:58.878712300Z</date>
  <millis>1784624758878</millis>
  <nanos>712300</nanos>
  <sequence>1613</sequence>
  <level>PASSED</level>
  <class>com.kms.katalon.core.logging.XmlKeywordLogger</class>
  <method>logMessage</method>
  <thread>1</thread>
  <message>Delayed 4 second(s)</message>
  <nestedLevel>1</nestedLevel>
  <escapedJava>false</escapedJava>
  <property name="testops-method-name">com.kms.katalon.core.keyword.builtin.DelayKeyword.delay</property>
  <property name="testops-execution-stacktrace"></property>
</record>
<record>
  <date>2026-07-21T09:05:58.878712300Z</date>
  <millis>1784624758878</millis>
  <nanos>712300</nanos>
  <sequence>1614</sequence>
  <level>END</level>
  <class>com.kms.katalon.core.logging.XmlKeywordLogger</class>
  <method>endKeyword</method>
  <thread>1</thread>
  <message>End action : delay(4)</message>
  <nestedLevel>1</nestedLevel>
  <escapedJava>false</escapedJava>
</record>
<record>
  <date>2026-07-21T09:05:58.878712300Z</date>
  <millis>1784624758878</millis>
  <nanos>712300</nanos>
  <sequence>1615</sequence>
  <level>PASSED</level>
  <class>com.kms.katalon.core.logging.XmlKeywordLogger</class>
  <method>logMessage</method>
  <thread>1</thread>
  <message>Test Cases/Pilar 1/Showroom-Supplier/UAT/CBU/SPV_CBU_Assign_PIC</message>
  <nestedLevel>1</nestedLevel>
  <escapedJava>false</escapedJava>
</record>
<record>
  <date>2026-07-21T09:05:58.878712300Z</date>
  <millis>1784624758878</millis>
  <nanos>712300</nanos>
  <sequence>1616</sequence>
  <level>END</level>
  <class>com.kms.katalon.core.logging.XmlKeywordLogger</class>
  <method>endTest</method>
  <thread>1</thread>
  <message>End Test Case : Test Cases/Pilar 1/Showroom-Supplier/UAT/CBU/SPV_CBU_Assign_PIC</message>
  <nestedLevel>0</nestedLevel>
  <escapedJava>false</escapedJava>
  <property name="executionBindingVariables">[]</property>
  <property name="applitools">false</property>
  <property name="executedKeywords">{
  &quot;WebUI.verifyElementPresent&quot;: 1,
  &quot;WebUI.setEncryptedText&quot;: 1,
  &quot;WebUI.maximizeWindow&quot;: 1,
  &quot;WebUI.waitForElementVisible&quot;: 2,
  &quot;WebUI.click&quot;: 12,
  &quot;WebUI.doubleClick&quot;: 1,
  &quot;WebUI.selectOptionByValue&quot;: 1,
  &quot;BuiltIn.callTestCase&quot;: 1,
  &quot;WebUI.openBrowser&quot;: 1,
  &quot;BuiltIn.delay&quot;: 4,
  &quot;WebUI.setText&quot;: 4
}</property>
  <property name="keywordsUsage">{
  &quot;web_ui&quot;: true,
  &quot;web_service&quot;: false,
  &quot;cucumber&quot;: false,
  &quot;builtin&quot;: true,
  &quot;mobile&quot;: false,
  &quot;windows&quot;: false,
  &quot;testng&quot;: false
}</property>
</record>
<record>
  <date>2026-07-21T09:05:58.878712300Z</date>
  <millis>1784624758878</millis>
  <nanos>712300</nanos>
  <sequence>1617</sequence>
  <level>START</level>
  <class>com.kms.katalon.core.logging.XmlKeywordLogger</class>
  <method>startTest</method>
  <thread>1</thread>
  <message>Start Test Case : Test Cases/Pilar 1/Showroom-Supplier/UAT/CBU/CBU_PIC_Submit_Tindak_Lanjut</message>
  <nestedLevel>1</nestedLevel>
  <escapedJava>false</escapedJava>
  <property name="origin"></property>
  <property name="name">Test Cases/Pilar 1/Showroom-Supplier/UAT/CBU/CBU_PIC_Submit_Tindak_Lanjut</property>
  <property name="description"></property>
  <property name="iteration"></property>
  <property name="id">Test Cases/Pilar 1/Showroom-Supplier/UAT/CBU/CBU_PIC_Submit_Tindak_Lanjut</property>
  <property name="source">C:\Users\Syarifah Risyani\git\Pilar 1\CSUL-Pilar-1\Test Cases\Pilar 1\Showroom-Supplier\UAT\CBU\CBU_PIC_Submit_Tindak_Lanjut.tc</property>
  <property name="tag"></property>
  <property name="isOptional">false</property>
  <property name="uuid">54d845fe-e784-40e1-94ec-0d0e2e19f0f8</property>
</record>
<record>
  <date>2026-07-21T09:05:58.923417900Z</date>
  <millis>1784624758923</millis>
  <nanos>417900</nanos>
  <sequence>1619</sequence>
  <level>INFO</level>
  <class>com.kms.katalon.core.logging.XmlKeywordLogger</class>
  <method>logMessage</method>
  <thread>1</thread>
  <message>(Default) UploadFile = D:\Ica\PPU (PT. PILAR PERKASA UTAMA)\Task QA\CSUL\CSUL Pilar 4 Sprint 3\UAT Pilar 4 CSUL\Cabang Jakarta 1.xlsx</message>
  <nestedLevel>1</nestedLevel>
  <escapedJava>false</escapedJava>
</record>
<record>
  <date>2026-07-21T09:05:58.923417900Z</date>
  <millis>1784624758923</millis>
  <nanos>417900</nanos>
  <sequence>1620</sequence>
  <level>RUN_DATA</level>
  <class>com.kms.katalon.core.logging.XmlKeywordLogger</class>
  <method>logMessage</method>
  <thread>1</thread>
  <message>executionBindingVariables = [
  {
    &amp;quot;value&amp;quot;: &amp;quot;D:\\Ica\\PPU (PT. PILAR PERKASA UTAMA)\\Task QA\\CSUL\\CSUL Pilar 4 Sprint 3\\UAT Pilar 4 CSUL\\Cabang Jakarta 1.xlsx&amp;quot;,
    &amp;quot;isDefault&amp;quot;: true,
    &amp;quot;name&amp;quot;: &amp;quot;UploadFile&amp;quot;,
    &amp;quot;masked&amp;quot;: false
  }
]</message>
  <nestedLevel>1</nestedLevel>
  <escapedJava>false</escapedJava>
  <property name="executionBindingVariables">[
  {
    &quot;value&quot;: &quot;D:\\Ica\\PPU (PT. PILAR PERKASA UTAMA)\\Task QA\\CSUL\\CSUL Pilar 4 Sprint 3\\UAT Pilar 4 CSUL\\Cabang Jakarta 1.xlsx&quot;,
    &quot;isDefault&quot;: true,
    &quot;name&quot;: &quot;UploadFile&quot;,
    &quot;masked&quot;: false
  }
]</property>
</record>
<record>
  <date>2026-07-21T09:05:59.098780800Z</date>
  <millis>1784624759098</millis>
  <nanos>780800</nanos>
  <sequence>1621</sequence>
  <level>START</level>
  <class>com.kms.katalon.core.logging.XmlKeywordLogger</class>
  <method>startKeyword</method>
  <thread>1</thread>
  <message>Start action : callTestCase(findTestCase(&amp;quot;Pilar 1/Login/UAT/PIC-Margareta&amp;quot;), [:], STOP_ON_FAILURE)</message>
  <nestedLevel>1</nestedLevel>
  <escapedJava>false</escapedJava>
  <property name="startLine">20</property>
  <property name="stepIndex">1</property>
</record>
<record>
  <date>2026-07-21T09:05:59.162300400Z</date>
  <millis>1784624759162</millis>
  <nanos>300400</nanos>
  <sequence>1625</sequence>
  <level>START</level>
  <class>com.kms.katalon.core.logging.XmlKeywordLogger</class>
  <method>startTest</method>
  <thread>1</thread>
  <message>Start Test Case : Test Cases/Pilar 1/Login/UAT/PIC-Margareta</message>
  <nestedLevel>2</nestedLevel>
  <escapedJava>false</escapedJava>
  <property name="origin"></property>
  <property name="name">Test Cases/Pilar 1/Login/UAT/PIC-Margareta</property>
  <property name="description"></property>
  <property name="iteration"></property>
  <property name="id">Test Cases/Pilar 1/Login/UAT/PIC-Margareta</property>
  <property name="source">C:\Users\Syarifah Risyani\git\Pilar 1\CSUL-Pilar-1\Test Cases\Pilar 1\Login\UAT\PIC-Margareta.tc</property>
  <property name="tag"></property>
  <property name="isOptional">false</property>
</record>
<record>
  <date>2026-07-21T09:05:59.173810200Z</date>
  <millis>1784624759173</millis>
  <nanos>810200</nanos>
  <sequence>1627</sequence>
  <level>RUN_DATA</level>
  <class>com.kms.katalon.core.logging.XmlKeywordLogger</class>
  <method>logMessage</method>
  <thread>1</thread>
  <message>executionBindingVariables = []</message>
  <nestedLevel>2</nestedLevel>
  <escapedJava>false</escapedJava>
  <property name="executionBindingVariables">[]</property>
</record>
<record>
  <date>2026-07-21T09:05:59.237273400Z</date>
  <millis>1784624759237</millis>
  <nanos>273400</nanos>
  <sequence>1628</sequence>
  <level>START</level>
  <class>com.kms.katalon.core.logging.XmlKeywordLogger</class>
  <method>startKeyword</method>
  <thread>1</thread>
  <message>Start action : openBrowser(&amp;quot;https://sakti-test.csulfinance.com/CSULFoundation_Login/Login&amp;quot;)</message>
  <nestedLevel>1</nestedLevel>
  <escapedJava>false</escapedJava>
  <property name="startLine">20</property>
  <property name="stepIndex">1</property>
</record>
<record>
  <date>2026-07-21T09:05:59.241288Z</date>
  <millis>1784624759241</millis>
  <nanos>288000</nanos>
  <sequence>1631</sequence>
  <level>WARNING</level>
  <class>com.kms.katalon.core.logging.XmlKeywordLogger</class>
  <method>logMessage</method>
  <thread>1</thread>
  <message>A browser is already opened. Closing browser and opening a new one</message>
  <nestedLevel>2</nestedLevel>
  <escapedJava>false</escapedJava>
</record>
<record>
  <date>2026-07-21T09:05:59.744023300Z</date>
  <millis>1784624759744</millis>
  <nanos>23300</nanos>
  <sequence>1632</sequence>
  <level>INFO</level>
  <class>com.kms.katalon.core.logging.XmlKeywordLogger</class>
  <method>logMessage</method>
  <thread>1</thread>
  <message>Starting &amp;apos;Chrome&amp;apos; driver</message>
  <nestedLevel>2</nestedLevel>
  <escapedJava>false</escapedJava>
</record>
<record>
  <date>2026-07-21T09:05:59.747128400Z</date>
  <millis>1784624759747</millis>
  <nanos>128400</nanos>
  <sequence>1633</sequence>
  <level>INFO</level>
  <class>com.kms.katalon.core.logging.XmlKeywordLogger</class>
  <method>logMessage</method>
  <thread>1</thread>
  <message>Action delay is set to 0 milliseconds</message>
  <nestedLevel>2</nestedLevel>
  <escapedJava>false</escapedJava>
</record>
<record>
  <date>2026-07-21T09:06:01.041694700Z</date>
  <millis>1784624761041</millis>
  <nanos>694700</nanos>
  <sequence>1636</sequence>
  <level>RUN_DATA</level>
  <class>com.kms.katalon.core.logging.XmlKeywordLogger</class>
  <method>logMessage</method>
  <thread>1</thread>
  <message>sessionId = f05ad045b4256f496877d2996f400190</message>
  <nestedLevel>2</nestedLevel>
  <escapedJava>false</escapedJava>
  <property name="sessionId">f05ad045b4256f496877d2996f400190</property>
</record>
<record>
  <date>2026-07-21T09:06:01.043689Z</date>
  <millis>1784624761043</millis>
  <nanos>689000</nanos>
  <sequence>1637</sequence>
  <level>RUN_DATA</level>
  <class>com.kms.katalon.core.logging.XmlKeywordLogger</class>
  <method>logMessage</method>
  <thread>1</thread>
  <message>browser = Chrome 150.0.7871.128</message>
  <nestedLevel>2</nestedLevel>
  <escapedJava>false</escapedJava>
  <property name="browser">Chrome 150.0.7871.128</property>
</record>
<record>
  <date>2026-07-21T09:06:01.044686400Z</date>
  <millis>1784624761044</millis>
  <nanos>686400</nanos>
  <sequence>1638</sequence>
  <level>RUN_DATA</level>
  <class>com.kms.katalon.core.logging.XmlKeywordLogger</class>
  <method>logMessage</method>
  <thread>1</thread>
  <message>platform = Windows 11</message>
  <nestedLevel>2</nestedLevel>
  <escapedJava>false</escapedJava>
  <property name="platform">Windows 11</property>
</record>
<record>
  <date>2026-07-21T09:06:01.045684100Z</date>
  <millis>1784624761045</millis>
  <nanos>684100</nanos>
  <sequence>1639</sequence>
  <level>RUN_DATA</level>
  <class>com.kms.katalon.core.logging.XmlKeywordLogger</class>
  <method>logMessage</method>
  <thread>1</thread>
  <message>seleniumVersion = 4.39.0</message>
  <nestedLevel>2</nestedLevel>
  <escapedJava>false</escapedJava>
  <property name="seleniumVersion">4.39.0</property>
</record>
<record>
  <date>2026-07-21T09:06:01.047678100Z</date>
  <millis>1784624761047</millis>
  <nanos>678100</nanos>
  <sequence>1640</sequence>
  <level>RUN_DATA</level>
  <class>com.kms.katalon.core.logging.XmlKeywordLogger</class>
  <method>logMessage</method>
  <thread>1</thread>
  <message>proxyInformation = ProxyInformation { proxyOption=NO_PROXY, proxyServerType=HTTP, username=, password=********, proxyServerAddress=, proxyServerPort=0, executionList=&amp;quot;&amp;quot;, isApplyToDesiredCapabilities=true }</message>
  <nestedLevel>2</nestedLevel>
  <escapedJava>false</escapedJava>
  <property name="proxyInformation">ProxyInformation { proxyOption=NO_PROXY, proxyServerType=HTTP, username=, password=********, proxyServerAddress=, proxyServerPort=0, executionList=&quot;&quot;, isApplyToDesiredCapabilities=true }</property>
</record>
<record>
  <date>2026-07-21T09:06:04.264273400Z</date>
  <millis>1784624764264</millis>
  <nanos>273400</nanos>
  <sequence>1642</sequence>
  <level>PASSED</level>
  <class>com.kms.katalon.core.logging.XmlKeywordLogger</class>
  <method>logMessage</method>
  <thread>1</thread>
  <message>Browser is opened with url: &amp;apos;https://sakti-test.csulfinance.com/CSULFoundation_Login/Login&amp;apos;</message>
  <nestedLevel>2</nestedLevel>
  <escapedJava>false</escapedJava>
  <property name="testops-method-name">com.kms.katalon.core.webui.keyword.builtin.OpenBrowserKeyword.openBrowser</property>
  <property name="testops-execution-stacktrace"></property>
</record>
<record>
  <date>2026-07-21T09:06:04.265319800Z</date>
  <millis>1784624764265</millis>
  <nanos>319800</nanos>
  <sequence>1643</sequence>
  <level>END</level>
  <class>com.kms.katalon.core.logging.XmlKeywordLogger</class>
  <method>endKeyword</method>
  <thread>1</thread>
  <message>End action : openBrowser(&amp;quot;https://sakti-test.csulfinance.com/CSULFoundation_Login/Login&amp;quot;)</message>
  <nestedLevel>1</nestedLevel>
  <escapedJava>false</escapedJava>
</record>
<record>
  <date>2026-07-21T09:06:04.265319800Z</date>
  <millis>1784624764265</millis>
  <nanos>319800</nanos>
  <sequence>1644</sequence>
  <level>START</level>
  <class>com.kms.katalon.core.logging.XmlKeywordLogger</class>
  <method>startKeyword</method>
  <thread>1</thread>
  <message>Start action : maximizeWindow()</message>
  <nestedLevel>1</nestedLevel>
  <escapedJava>false</escapedJava>
  <property name="startLine">22</property>
  <property name="stepIndex">2</property>
</record>
<record>
  <date>2026-07-21T09:06:04.336511Z</date>
  <millis>1784624764336</millis>
  <nanos>511000</nanos>
  <sequence>1647</sequence>
  <level>PASSED</level>
  <class>com.kms.katalon.core.logging.XmlKeywordLogger</class>
  <method>logMessage</method>
  <thread>1</thread>
  <message>Current window maximized</message>
  <nestedLevel>2</nestedLevel>
  <escapedJava>false</escapedJava>
  <property name="testops-method-name">com.kms.katalon.core.webui.keyword.builtin.MaximizeWindowKeyword.maximizeWindow</property>
  <property name="testops-execution-stacktrace"></property>
</record>
<record>
  <date>2026-07-21T09:06:04.341063500Z</date>
  <millis>1784624764341</millis>
  <nanos>63500</nanos>
  <sequence>1648</sequence>
  <level>END</level>
  <class>com.kms.katalon.core.logging.XmlKeywordLogger</class>
  <method>endKeyword</method>
  <thread>1</thread>
  <message>End action : maximizeWindow()</message>
  <nestedLevel>1</nestedLevel>
  <escapedJava>false</escapedJava>
</record>
<record>
  <date>2026-07-21T09:06:04.341063500Z</date>
  <millis>1784624764341</millis>
  <nanos>63500</nanos>
  <sequence>1649</sequence>
  <level>START</level>
  <class>com.kms.katalon.core.logging.XmlKeywordLogger</class>
  <method>startKeyword</method>
  <thread>1</thread>
  <message>Start action : waitForElementVisible(findTestObject(&amp;quot;Pilar 1/Login/UAT/Page_Login/input_Username&amp;quot;), 10)</message>
  <nestedLevel>1</nestedLevel>
  <escapedJava>false</escapedJava>
  <property name="startLine">24</property>
  <property name="stepIndex">3</property>
</record>
<record>
  <date>2026-07-21T09:06:10.373179500Z</date>
  <millis>1784624770373</millis>
  <nanos>179500</nanos>
  <sequence>1656</sequence>
  <level>PASSED</level>
  <class>com.kms.katalon.core.logging.XmlKeywordLogger</class>
  <method>logMessage</method>
  <thread>1</thread>
  <message>Object &amp;apos;Object Repository/Pilar 1/Login/UAT/Page_Login/input_Username&amp;apos; is visible</message>
  <nestedLevel>2</nestedLevel>
  <escapedJava>false</escapedJava>
  <property name="testops-method-name">com.kms.katalon.core.webui.keyword.internal.WebUIKeywordMain.runKeywordUntilTimeout</property>
  <property name="testops-execution-stacktrace">com.kms.katalon.core.logging.KeywordLogger.logPassed(KeywordLogger.java:348)
com.kms.katalon.core.logging.KeywordLogger.logPassed(KeywordLogger.java:343)
com.kms.katalon.core.logging.KeywordLogger$logPassed$0.call(Unknown Source)
com.kms.katalon.core.webui.keyword.builtin.WaitForElementVisibleKeyword$_waitForElementVisible_closure1.doCall(WaitForElementVisibleKeyword.groovy:86)
java.base/jdk.internal.reflect.DirectMethodHandleAccessor.invoke(DirectMethodHandleAccessor.java:103)
jdk.proxy2/jdk.proxy2.$Proxy55.execute(Unknown Source)
com.kms.katalon.core.webui.model.SeleniumActionRetryController.performAction(SeleniumActionRetryController.java:96)
com.kms.katalon.core.webui.model.SeleniumActionRetryController.performAction(SeleniumActionRetryController.java:83)
com.kms.katalon.core.webui.keyword.internal.WebUIKeywordMain$_runKeywordUntilTimeout_closure2.doCall(WebUIKeywordMain.groovy:155)
com.kms.katalon.core.webui.keyword.internal.WebUIKeywordMain$_runKeywordUntilTimeout_closure2.call(WebUIKeywordMain.groovy)
com.kms.katalon.core.webui.keyword.internal.WebUIKeywordMain.runKeyword(WebUIKeywordMain.groovy:41)
com.kms.katalon.core.webui.keyword.internal.WebUIKeywordMain.runKeywordUntilTimeout(WebUIKeywordMain.groovy:152)
com.kms.katalon.core.webui.keyword.internal.WebUIKeywordMain$runKeywordUntilTimeout.call(Unknown Source)
com.kms.katalon.core.webui.keyword.builtin.WaitForElementVisibleKeyword.waitForElementVisible(WaitForElementVisibleKeyword.groovy:101)
com.kms.katalon.core.webui.keyword.builtin.WaitForElementVisibleKeyword.execute(WaitForElementVisibleKeyword.groovy:69)
com.kms.katalon.core.keyword.internal.KeywordExecutor.executeKeywordForPlatform(KeywordExecutor.groovy:95)
com.kms.katalon.core.webui.keyword.WebUiBuiltInKeywords.waitForElementVisible(WebUiBuiltInKeywords.groovy:514)
PIC-Margareta.run(PIC-Margareta:24)
</property>
</record>
<record>
  <date>2026-07-21T09:06:10.374296900Z</date>
  <millis>1784624770374</millis>
  <nanos>296900</nanos>
  <sequence>1657</sequence>
  <level>END</level>
  <class>com.kms.katalon.core.logging.XmlKeywordLogger</class>
  <method>endKeyword</method>
  <thread>1</thread>
  <message>End action : waitForElementVisible(findTestObject(&amp;quot;Pilar 1/Login/UAT/Page_Login/input_Username&amp;quot;), 10)</message>
  <nestedLevel>1</nestedLevel>
  <escapedJava>false</escapedJava>
</record>
<record>
  <date>2026-07-21T09:06:10.374296900Z</date>
  <millis>1784624770374</millis>
  <nanos>296900</nanos>
  <sequence>1658</sequence>
  <level>START</level>
  <class>com.kms.katalon.core.logging.XmlKeywordLogger</class>
  <method>startKeyword</method>
  <thread>1</thread>
  <message>Start action : setText(findTestObject(&amp;quot;Pilar 1/Login/UAT/Page_Login/input_Username&amp;quot;), &amp;quot;margareta.husadani&amp;quot;)</message>
  <nestedLevel>1</nestedLevel>
  <escapedJava>false</escapedJava>
  <property name="startLine">26</property>
  <property name="stepIndex">4</property>
</record>
<record>
  <date>2026-07-21T09:06:11.619202400Z</date>
  <millis>1784624771619</millis>
  <nanos>202400</nanos>
  <sequence>1672</sequence>
  <level>PASSED</level>
  <class>com.kms.katalon.core.logging.XmlKeywordLogger</class>
  <method>logMessage</method>
  <thread>1</thread>
  <message>Text &amp;apos;margareta.husadani&amp;apos; is set on object &amp;apos;Object Repository/Pilar 1/Login/UAT/Page_Login/input_Username&amp;apos;</message>
  <nestedLevel>2</nestedLevel>
  <escapedJava>false</escapedJava>
  <property name="testops-method-name">com.kms.katalon.core.webui.keyword.internal.WebUIKeywordMain.runKeywordUntilTimeout</property>
  <property name="testops-execution-stacktrace">com.kms.katalon.core.logging.KeywordLogger.logPassed(KeywordLogger.java:348)
com.kms.katalon.core.logging.KeywordLogger.logPassed(KeywordLogger.java:343)
com.kms.katalon.core.webui.keyword.builtin.SetTextKeyword$_setText_closure1.doCall(SetTextKeyword.groovy:99)
java.base/jdk.internal.reflect.DirectMethodHandleAccessor.invoke(DirectMethodHandleAccessor.java:103)
jdk.proxy2/jdk.proxy2.$Proxy55.execute(Unknown Source)
com.kms.katalon.core.webui.model.SeleniumActionRetryController.performAction(SeleniumActionRetryController.java:96)
com.kms.katalon.core.webui.model.SeleniumActionRetryController.performAction(SeleniumActionRetryController.java:83)
com.kms.katalon.core.webui.keyword.internal.WebUIKeywordMain$_runKeywordUntilTimeout_closure1.doCall(WebUIKeywordMain.groovy:135)
com.kms.katalon.core.webui.keyword.internal.WebUIKeywordMain$_runKeywordUntilTimeout_closure1.call(WebUIKeywordMain.groovy)
com.kms.katalon.core.webui.keyword.internal.WebUIKeywordMain.runKeyword(WebUIKeywordMain.groovy:41)
com.kms.katalon.core.webui.keyword.internal.WebUIKeywordMain.runKeywordUntilTimeout(WebUIKeywordMain.groovy:133)
com.kms.katalon.core.webui.keyword.builtin.SetTextKeyword.setText(SetTextKeyword.groovy:106)
com.kms.katalon.core.webui.keyword.builtin.SetTextKeyword.execute(SetTextKeyword.groovy:49)
com.kms.katalon.core.keyword.internal.KeywordExecutor.executeKeywordForPlatform(KeywordExecutor.groovy:95)
com.kms.katalon.core.webui.keyword.WebUiBuiltInKeywords.setText(WebUiBuiltInKeywords.groovy:1081)
PIC-Margareta.run(PIC-Margareta:26)
</property>
</record>
<record>
  <date>2026-07-21T09:06:11.622314Z</date>
  <millis>1784624771622</millis>
  <nanos>314000</nanos>
  <sequence>1673</sequence>
  <level>END</level>
  <class>com.kms.katalon.core.logging.XmlKeywordLogger</class>
  <method>endKeyword</method>
  <thread>1</thread>
  <message>End action : setText(findTestObject(&amp;quot;Pilar 1/Login/UAT/Page_Login/input_Username&amp;quot;), &amp;quot;margareta.husadani&amp;quot;)</message>
  <nestedLevel>1</nestedLevel>
  <escapedJava>false</escapedJava>
</record>
<record>
  <date>2026-07-21T09:06:11.622314Z</date>
  <millis>1784624771622</millis>
  <nanos>314000</nanos>
  <sequence>1674</sequence>
  <level>START</level>
  <class>com.kms.katalon.core.logging.XmlKeywordLogger</class>
  <method>startKeyword</method>
  <thread>1</thread>
  <message>Start action : setEncryptedText(findTestObject(&amp;quot;Pilar 1/Login/UAT/Page_Login/input_Password&amp;quot;), &amp;quot;DKZg8gTnVzw=&amp;quot;)</message>
  <nestedLevel>1</nestedLevel>
  <escapedJava>false</escapedJava>
  <property name="startLine">28</property>
  <property name="stepIndex">5</property>
</record>
<record>
  <date>2026-07-21T09:06:12.157309200Z</date>
  <millis>1784624772157</millis>
  <nanos>309200</nanos>
  <sequence>1687</sequence>
  <level>PASSED</level>
  <class>com.kms.katalon.core.logging.XmlKeywordLogger</class>
  <method>logMessage</method>
  <thread>1</thread>
  <message>Text ****** has been set on object &amp;apos;Object Repository/Pilar 1/Login/UAT/Page_Login/input_Password&amp;apos;</message>
  <nestedLevel>2</nestedLevel>
  <escapedJava>false</escapedJava>
  <property name="testops-method-name">com.kms.katalon.core.webui.keyword.internal.WebUIKeywordMain.runKeywordUntilTimeout</property>
  <property name="testops-execution-stacktrace">com.kms.katalon.core.logging.KeywordLogger.logPassed(KeywordLogger.java:348)
com.kms.katalon.core.logging.KeywordLogger.logPassed(KeywordLogger.java:343)
com.kms.katalon.core.webui.keyword.builtin.SetEncryptedTextKeyword$_setEncryptedText_closure1.doCall(SetEncryptedTextKeyword.groovy:82)
java.base/jdk.internal.reflect.DirectMethodHandleAccessor.invoke(DirectMethodHandleAccessor.java:103)
jdk.proxy2/jdk.proxy2.$Proxy55.execute(Unknown Source)
com.kms.katalon.core.webui.model.SeleniumActionRetryController.performAction(SeleniumActionRetryController.java:96)
com.kms.katalon.core.webui.model.SeleniumActionRetryController.performAction(SeleniumActionRetryController.java:83)
com.kms.katalon.core.webui.keyword.internal.WebUIKeywordMain$_runKeywordUntilTimeout_closure1.doCall(WebUIKeywordMain.groovy:135)
com.kms.katalon.core.webui.keyword.internal.WebUIKeywordMain$_runKeywordUntilTimeout_closure1.call(WebUIKeywordMain.groovy)
com.kms.katalon.core.webui.keyword.internal.WebUIKeywordMain.runKeyword(WebUIKeywordMain.groovy:41)
com.kms.katalon.core.webui.keyword.internal.WebUIKeywordMain.runKeywordUntilTimeout(WebUIKeywordMain.groovy:133)
com.kms.katalon.core.webui.keyword.builtin.SetEncryptedTextKeyword.setEncryptedText(SetEncryptedTextKeyword.groovy:88)
com.kms.katalon.core.webui.keyword.builtin.SetEncryptedTextKeyword.execute(SetEncryptedTextKeyword.groovy:48)
com.kms.katalon.core.keyword.internal.KeywordExecutor.executeKeywordForPlatform(KeywordExecutor.groovy:95)
com.kms.katalon.core.webui.keyword.WebUiBuiltInKeywords.setEncryptedText(WebUiBuiltInKeywords.groovy:1112)
PIC-Margareta.run(PIC-Margareta:28)
</property>
</record>
<record>
  <date>2026-07-21T09:06:12.157309200Z</date>
  <millis>1784624772157</millis>
  <nanos>309200</nanos>
  <sequence>1688</sequence>
  <level>END</level>
  <class>com.kms.katalon.core.logging.XmlKeywordLogger</class>
  <method>endKeyword</method>
  <thread>1</thread>
  <message>End action : setEncryptedText(findTestObject(&amp;quot;Pilar 1/Login/UAT/Page_Login/input_Password&amp;quot;), &amp;quot;DKZg8gTnVzw=&amp;quot;)</message>
  <nestedLevel>1</nestedLevel>
  <escapedJava>false</escapedJava>
</record>
<record>
  <date>2026-07-21T09:06:12.157309200Z</date>
  <millis>1784624772157</millis>
  <nanos>309200</nanos>
  <sequence>1689</sequence>
  <level>START</level>
  <class>com.kms.katalon.core.logging.XmlKeywordLogger</class>
  <method>startKeyword</method>
  <thread>1</thread>
  <message>Start action : delay(20)</message>
  <nestedLevel>1</nestedLevel>
  <escapedJava>false</escapedJava>
  <property name="startLine">30</property>
  <property name="stepIndex">6</property>
</record>
<record>
  <date>2026-07-21T09:06:32.167785300Z</date>
  <millis>1784624792167</millis>
  <nanos>785300</nanos>
  <sequence>1692</sequence>
  <level>PASSED</level>
  <class>com.kms.katalon.core.logging.XmlKeywordLogger</class>
  <method>logMessage</method>
  <thread>1</thread>
  <message>Delayed 20 second(s)</message>
  <nestedLevel>2</nestedLevel>
  <escapedJava>false</escapedJava>
  <property name="testops-method-name">com.kms.katalon.core.keyword.builtin.DelayKeyword.delay</property>
  <property name="testops-execution-stacktrace"></property>
</record>
<record>
  <date>2026-07-21T09:06:32.167785300Z</date>
  <millis>1784624792167</millis>
  <nanos>785300</nanos>
  <sequence>1693</sequence>
  <level>END</level>
  <class>com.kms.katalon.core.logging.XmlKeywordLogger</class>
  <method>endKeyword</method>
  <thread>1</thread>
  <message>End action : delay(20)</message>
  <nestedLevel>1</nestedLevel>
  <escapedJava>false</escapedJava>
</record>
<record>
  <date>2026-07-21T09:06:32.167785300Z</date>
  <millis>1784624792167</millis>
  <nanos>785300</nanos>
  <sequence>1694</sequence>
  <level>START</level>
  <class>com.kms.katalon.core.logging.XmlKeywordLogger</class>
  <method>startKeyword</method>
  <thread>1</thread>
  <message>Start action : click(findTestObject(&amp;quot;Pilar 1/Login/UAT/Page_Login/button_Login&amp;quot;))</message>
  <nestedLevel>1</nestedLevel>
  <escapedJava>false</escapedJava>
  <property name="startLine">32</property>
  <property name="stepIndex">7</property>
</record>
<record>
  <date>2026-07-21T09:06:32.468353100Z</date>
  <millis>1784624792468</millis>
  <nanos>353100</nanos>
  <sequence>1705</sequence>
  <level>PASSED</level>
  <class>com.kms.katalon.core.logging.XmlKeywordLogger</class>
  <method>logMessage</method>
  <thread>1</thread>
  <message>Object: &amp;apos;Object Repository/Pilar 1/Login/UAT/Page_Login/button_Login&amp;apos; is clicked on</message>
  <nestedLevel>2</nestedLevel>
  <escapedJava>false</escapedJava>
  <property name="testops-method-name">com.kms.katalon.core.webui.keyword.internal.WebUIKeywordMain.runKeywordUntilTimeout</property>
  <property name="testops-execution-stacktrace">com.kms.katalon.core.logging.KeywordLogger.logPassed(KeywordLogger.java:348)
com.kms.katalon.core.logging.KeywordLogger.logPassed(KeywordLogger.java:343)
com.kms.katalon.core.webui.keyword.builtin.ClickKeyword$_click_closure1.doCall(ClickKeyword.groovy:66)
java.base/jdk.internal.reflect.DirectMethodHandleAccessor.invoke(DirectMethodHandleAccessor.java:103)
jdk.proxy2/jdk.proxy2.$Proxy55.execute(Unknown Source)
com.kms.katalon.core.webui.model.SeleniumActionRetryController.performAction(SeleniumActionRetryController.java:96)
com.kms.katalon.core.webui.model.SeleniumActionRetryController.performAction(SeleniumActionRetryController.java:83)
com.kms.katalon.core.webui.keyword.internal.WebUIKeywordMain$_runKeywordUntilTimeout_closure1.doCall(WebUIKeywordMain.groovy:135)
com.kms.katalon.core.webui.keyword.internal.WebUIKeywordMain$_runKeywordUntilTimeout_closure1.call(WebUIKeywordMain.groovy)
com.kms.katalon.core.webui.keyword.internal.WebUIKeywordMain.runKeyword(WebUIKeywordMain.groovy:41)
com.kms.katalon.core.webui.keyword.internal.WebUIKeywordMain.runKeywordUntilTimeout(WebUIKeywordMain.groovy:133)
com.kms.katalon.core.webui.keyword.builtin.ClickKeyword.click(ClickKeyword.groovy:72)
com.kms.katalon.core.webui.keyword.builtin.ClickKeyword.execute(ClickKeyword.groovy:38)
com.kms.katalon.core.keyword.internal.KeywordExecutor.executeKeywordForPlatform(KeywordExecutor.groovy:95)
com.kms.katalon.core.webui.keyword.WebUiBuiltInKeywords.click(WebUiBuiltInKeywords.groovy:721)
PIC-Margareta.run(PIC-Margareta:32)
</property>
</record>
<record>
  <date>2026-07-21T09:06:32.469648600Z</date>
  <millis>1784624792469</millis>
  <nanos>648600</nanos>
  <sequence>1706</sequence>
  <level>END</level>
  <class>com.kms.katalon.core.logging.XmlKeywordLogger</class>
  <method>endKeyword</method>
  <thread>1</thread>
  <message>End action : click(findTestObject(&amp;quot;Pilar 1/Login/UAT/Page_Login/button_Login&amp;quot;))</message>
  <nestedLevel>1</nestedLevel>
  <escapedJava>false</escapedJava>
</record>
<record>
  <date>2026-07-21T09:06:32.469648600Z</date>
  <millis>1784624792469</millis>
  <nanos>648600</nanos>
  <sequence>1707</sequence>
  <level>START</level>
  <class>com.kms.katalon.core.logging.XmlKeywordLogger</class>
  <method>startKeyword</method>
  <thread>1</thread>
  <message>Start action : delay(5)</message>
  <nestedLevel>1</nestedLevel>
  <escapedJava>false</escapedJava>
  <property name="startLine">34</property>
  <property name="stepIndex">8</property>
</record>
<record>
  <date>2026-07-21T09:06:37.476517600Z</date>
  <millis>1784624797476</millis>
  <nanos>517600</nanos>
  <sequence>1710</sequence>
  <level>PASSED</level>
  <class>com.kms.katalon.core.logging.XmlKeywordLogger</class>
  <method>logMessage</method>
  <thread>1</thread>
  <message>Delayed 5 second(s)</message>
  <nestedLevel>2</nestedLevel>
  <escapedJava>false</escapedJava>
  <property name="testops-method-name">com.kms.katalon.core.keyword.builtin.DelayKeyword.delay</property>
  <property name="testops-execution-stacktrace"></property>
</record>
<record>
  <date>2026-07-21T09:06:37.477800800Z</date>
  <millis>1784624797477</millis>
  <nanos>800800</nanos>
  <sequence>1711</sequence>
  <level>END</level>
  <class>com.kms.katalon.core.logging.XmlKeywordLogger</class>
  <method>endKeyword</method>
  <thread>1</thread>
  <message>End action : delay(5)</message>
  <nestedLevel>1</nestedLevel>
  <escapedJava>false</escapedJava>
</record>
<record>
  <date>2026-07-21T09:06:37.477800800Z</date>
  <millis>1784624797477</millis>
  <nanos>800800</nanos>
  <sequence>1712</sequence>
  <level>START</level>
  <class>com.kms.katalon.core.logging.XmlKeywordLogger</class>
  <method>startKeyword</method>
  <thread>1</thread>
  <message>Start action : waitForElementVisible(findTestObject(&amp;quot;Pilar 1/Login/UAT/Page_Login/Page_ApplicationsCatalog/Page_ApplicationsCatalog/div_Risk Control Unit Application-Margareta&amp;quot;), 10)</message>
  <nestedLevel>1</nestedLevel>
  <escapedJava>false</escapedJava>
  <property name="startLine">36</property>
  <property name="stepIndex">9</property>
</record>
<record>
  <date>2026-07-21T09:06:38.053540400Z</date>
  <millis>1784624798053</millis>
  <nanos>540400</nanos>
  <sequence>1719</sequence>
  <level>PASSED</level>
  <class>com.kms.katalon.core.logging.XmlKeywordLogger</class>
  <method>logMessage</method>
  <thread>1</thread>
  <message>Object &amp;apos;Object Repository/Pilar 1/Login/UAT/Page_Login/Page_ApplicationsCatalog/Page_ApplicationsCatalog/div_Risk Control Unit Application-Margareta&amp;apos; is visible</message>
  <nestedLevel>2</nestedLevel>
  <escapedJava>false</escapedJava>
  <property name="testops-method-name">com.kms.katalon.core.webui.keyword.internal.WebUIKeywordMain.runKeywordUntilTimeout</property>
  <property name="testops-execution-stacktrace">com.kms.katalon.core.logging.KeywordLogger.logPassed(KeywordLogger.java:348)
com.kms.katalon.core.logging.KeywordLogger.logPassed(KeywordLogger.java:343)
com.kms.katalon.core.logging.KeywordLogger$logPassed$0.call(Unknown Source)
com.kms.katalon.core.webui.keyword.builtin.WaitForElementVisibleKeyword$_waitForElementVisible_closure1.doCall(WaitForElementVisibleKeyword.groovy:86)
java.base/jdk.internal.reflect.DirectMethodHandleAccessor.invoke(DirectMethodHandleAccessor.java:103)
jdk.proxy2/jdk.proxy2.$Proxy55.execute(Unknown Source)
com.kms.katalon.core.webui.model.SeleniumActionRetryController.performAction(SeleniumActionRetryController.java:96)
com.kms.katalon.core.webui.model.SeleniumActionRetryController.performAction(SeleniumActionRetryController.java:83)
com.kms.katalon.core.webui.keyword.internal.WebUIKeywordMain$_runKeywordUntilTimeout_closure2.doCall(WebUIKeywordMain.groovy:155)
com.kms.katalon.core.webui.keyword.internal.WebUIKeywordMain$_runKeywordUntilTimeout_closure2.call(WebUIKeywordMain.groovy)
com.kms.katalon.core.webui.keyword.internal.WebUIKeywordMain.runKeyword(WebUIKeywordMain.groovy:41)
com.kms.katalon.core.webui.keyword.internal.WebUIKeywordMain.runKeywordUntilTimeout(WebUIKeywordMain.groovy:152)
com.kms.katalon.core.webui.keyword.internal.WebUIKeywordMain$runKeywordUntilTimeout.call(Unknown Source)
com.kms.katalon.core.webui.keyword.builtin.WaitForElementVisibleKeyword.waitForElementVisible(WaitForElementVisibleKeyword.groovy:101)
com.kms.katalon.core.webui.keyword.builtin.WaitForElementVisibleKeyword.execute(WaitForElementVisibleKeyword.groovy:69)
com.kms.katalon.core.keyword.internal.KeywordExecutor.executeKeywordForPlatform(KeywordExecutor.groovy:95)
com.kms.katalon.core.webui.keyword.WebUiBuiltInKeywords.waitForElementVisible(WebUiBuiltInKeywords.groovy:514)
PIC-Margareta.run(PIC-Margareta:36)
</property>
</record>
<record>
  <date>2026-07-21T09:06:38.053540400Z</date>
  <millis>1784624798053</millis>
  <nanos>540400</nanos>
  <sequence>1720</sequence>
  <level>END</level>
  <class>com.kms.katalon.core.logging.XmlKeywordLogger</class>
  <method>endKeyword</method>
  <thread>1</thread>
  <message>End action : waitForElementVisible(findTestObject(&amp;quot;Pilar 1/Login/UAT/Page_Login/Page_ApplicationsCatalog/Page_ApplicationsCatalog/div_Risk Control Unit Application-Margareta&amp;quot;), 10)</message>
  <nestedLevel>1</nestedLevel>
  <escapedJava>false</escapedJava>
</record>
<record>
  <date>2026-07-21T09:06:38.053540400Z</date>
  <millis>1784624798053</millis>
  <nanos>540400</nanos>
  <sequence>1721</sequence>
  <level>START</level>
  <class>com.kms.katalon.core.logging.XmlKeywordLogger</class>
  <method>startKeyword</method>
  <thread>1</thread>
  <message>Start action : doubleClick(findTestObject(&amp;quot;Pilar 1/Login/UAT/Page_Login/Page_ApplicationsCatalog/Page_ApplicationsCatalog/div_Risk Control Unit Application-Margareta&amp;quot;))</message>
  <nestedLevel>1</nestedLevel>
  <escapedJava>false</escapedJava>
  <property name="startLine">39</property>
  <property name="stepIndex">10</property>
</record>
<record>
  <date>2026-07-21T09:06:38.428983300Z</date>
  <millis>1784624798428</millis>
  <nanos>983300</nanos>
  <sequence>1732</sequence>
  <level>PASSED</level>
  <class>com.kms.katalon.core.logging.XmlKeywordLogger</class>
  <method>logMessage</method>
  <thread>1</thread>
  <message>Object: &amp;apos;Object Repository/Pilar 1/Login/UAT/Page_Login/Page_ApplicationsCatalog/Page_ApplicationsCatalog/div_Risk Control Unit Application-Margareta&amp;apos; is double clicked on</message>
  <nestedLevel>2</nestedLevel>
  <escapedJava>false</escapedJava>
  <property name="testops-method-name">com.kms.katalon.core.webui.keyword.internal.WebUIKeywordMain.runKeywordUntilTimeout</property>
  <property name="testops-execution-stacktrace">com.kms.katalon.core.logging.KeywordLogger.logPassed(KeywordLogger.java:348)
com.kms.katalon.core.logging.KeywordLogger.logPassed(KeywordLogger.java:343)
com.kms.katalon.core.webui.keyword.builtin.DoubleClickKeyword$_doubleClick_closure1.doCall(DoubleClickKeyword.groovy:89)
java.base/jdk.internal.reflect.DirectMethodHandleAccessor.invoke(DirectMethodHandleAccessor.java:103)
jdk.proxy2/jdk.proxy2.$Proxy55.execute(Unknown Source)
com.kms.katalon.core.webui.model.SeleniumActionRetryController.performAction(SeleniumActionRetryController.java:96)
com.kms.katalon.core.webui.model.SeleniumActionRetryController.performAction(SeleniumActionRetryController.java:83)
com.kms.katalon.core.webui.keyword.internal.WebUIKeywordMain$_runKeywordUntilTimeout_closure1.doCall(WebUIKeywordMain.groovy:135)
com.kms.katalon.core.webui.keyword.internal.WebUIKeywordMain$_runKeywordUntilTimeout_closure1.call(WebUIKeywordMain.groovy)
com.kms.katalon.core.webui.keyword.internal.WebUIKeywordMain.runKeyword(WebUIKeywordMain.groovy:41)
com.kms.katalon.core.webui.keyword.internal.WebUIKeywordMain.runKeywordUntilTimeout(WebUIKeywordMain.groovy:133)
com.kms.katalon.core.webui.keyword.builtin.DoubleClickKeyword.doubleClick(DoubleClickKeyword.groovy:95)
com.kms.katalon.core.webui.keyword.builtin.DoubleClickKeyword.execute(DoubleClickKeyword.groovy:67)
com.kms.katalon.core.keyword.internal.KeywordExecutor.executeKeywordForPlatform(KeywordExecutor.groovy:95)
com.kms.katalon.core.webui.keyword.WebUiBuiltInKeywords.doubleClick(WebUiBuiltInKeywords.groovy:828)
PIC-Margareta.run(PIC-Margareta:39)
</property>
</record>
<record>
  <date>2026-07-21T09:06:38.429986200Z</date>
  <millis>1784624798429</millis>
  <nanos>986200</nanos>
  <sequence>1733</sequence>
  <level>END</level>
  <class>com.kms.katalon.core.logging.XmlKeywordLogger</class>
  <method>endKeyword</method>
  <thread>1</thread>
  <message>End action : doubleClick(findTestObject(&amp;quot;Pilar 1/Login/UAT/Page_Login/Page_ApplicationsCatalog/Page_ApplicationsCatalog/div_Risk Control Unit Application-Margareta&amp;quot;))</message>
  <nestedLevel>1</nestedLevel>
  <escapedJava>false</escapedJava>
</record>
<record>
  <date>2026-07-21T09:06:38.429986200Z</date>
  <millis>1784624798429</millis>
  <nanos>986200</nanos>
  <sequence>1734</sequence>
  <level>PASSED</level>
  <class>com.kms.katalon.core.logging.XmlKeywordLogger</class>
  <method>logMessage</method>
  <thread>1</thread>
  <message>Test Cases/Pilar 1/Login/UAT/PIC-Margareta</message>
  <nestedLevel>2</nestedLevel>
  <escapedJava>false</escapedJava>
</record>
<record>
  <date>2026-07-21T09:06:38.429986200Z</date>
  <millis>1784624798429</millis>
  <nanos>986200</nanos>
  <sequence>1735</sequence>
  <level>END</level>
  <class>com.kms.katalon.core.logging.XmlKeywordLogger</class>
  <method>endTest</method>
  <thread>1</thread>
  <message>End Test Case : Test Cases/Pilar 1/Login/UAT/PIC-Margareta</message>
  <nestedLevel>1</nestedLevel>
  <escapedJava>false</escapedJava>
</record>
<record>
  <date>2026-07-21T09:06:38.429986200Z</date>
  <millis>1784624798429</millis>
  <nanos>986200</nanos>
  <sequence>1736</sequence>
  <level>PASSED</level>
  <class>com.kms.katalon.core.logging.XmlKeywordLogger</class>
  <method>logMessage</method>
  <thread>1</thread>
  <message>Call Test Case &amp;apos;Test Cases/Pilar 1/Login/UAT/PIC-Margareta&amp;apos; successfully</message>
  <nestedLevel>1</nestedLevel>
  <escapedJava>false</escapedJava>
  <property name="testops-method-name">com.kms.katalon.core.keyword.builtin.CallTestCaseKeyword.callTestCase</property>
  <property name="testops-execution-stacktrace"></property>
</record>
<record>
  <date>2026-07-21T09:06:38.431018Z</date>
  <millis>1784624798431</millis>
  <nanos>18000</nanos>
  <sequence>1737</sequence>
  <level>END</level>
  <class>com.kms.katalon.core.logging.XmlKeywordLogger</class>
  <method>endKeyword</method>
  <thread>1</thread>
  <message>End action : callTestCase(findTestCase(&amp;quot;Pilar 1/Login/UAT/PIC-Margareta&amp;quot;), [:], STOP_ON_FAILURE)</message>
  <nestedLevel>1</nestedLevel>
  <escapedJava>false</escapedJava>
</record>
<record>
  <date>2026-07-21T09:06:38.431018Z</date>
  <millis>1784624798431</millis>
  <nanos>18000</nanos>
  <sequence>1738</sequence>
  <level>START</level>
  <class>com.kms.katalon.core.logging.XmlKeywordLogger</class>
  <method>startKeyword</method>
  <thread>1</thread>
  <message>Start action : click(findTestObject(&amp;quot;Pilar 1/Showroom-Supplier/UAT/CBU/CBU_PIC_Submit_Tindak_Lanjut/Page_Dashboard/div_b2-l1-17_1-b3-SubMenuHeader&amp;quot;))</message>
  <nestedLevel>1</nestedLevel>
  <escapedJava>false</escapedJava>
  <property name="startLine">22</property>
  <property name="stepIndex">2</property>
</record>
<record>
  <date>2026-07-21T09:06:42.160534200Z</date>
  <millis>1784624802160</millis>
  <nanos>534200</nanos>
  <sequence>1749</sequence>
  <level>PASSED</level>
  <class>com.kms.katalon.core.logging.XmlKeywordLogger</class>
  <method>logMessage</method>
  <thread>1</thread>
  <message>Object: &amp;apos;Object Repository/Pilar 1/Showroom-Supplier/UAT/CBU/CBU_PIC_Submit_Tindak_Lanjut/Page_Dashboard/div_b2-l1-17_1-b3-SubMenuHeader&amp;apos; is clicked on</message>
  <nestedLevel>1</nestedLevel>
  <escapedJava>false</escapedJava>
  <property name="testops-method-name">com.kms.katalon.core.webui.keyword.internal.WebUIKeywordMain.runKeywordUntilTimeout</property>
  <property name="testops-execution-stacktrace">com.kms.katalon.core.logging.KeywordLogger.logPassed(KeywordLogger.java:348)
com.kms.katalon.core.logging.KeywordLogger.logPassed(KeywordLogger.java:343)
com.kms.katalon.core.webui.keyword.builtin.ClickKeyword$_click_closure1.doCall(ClickKeyword.groovy:66)
java.base/jdk.internal.reflect.DirectMethodHandleAccessor.invoke(DirectMethodHandleAccessor.java:103)
jdk.proxy2/jdk.proxy2.$Proxy55.execute(Unknown Source)
com.kms.katalon.core.webui.model.SeleniumActionRetryController.performAction(SeleniumActionRetryController.java:96)
com.kms.katalon.core.webui.model.SeleniumActionRetryController.performAction(SeleniumActionRetryController.java:83)
com.kms.katalon.core.webui.keyword.internal.WebUIKeywordMain$_runKeywordUntilTimeout_closure1.doCall(WebUIKeywordMain.groovy:135)
com.kms.katalon.core.webui.keyword.internal.WebUIKeywordMain$_runKeywordUntilTimeout_closure1.call(WebUIKeywordMain.groovy)
com.kms.katalon.core.webui.keyword.internal.WebUIKeywordMain.runKeyword(WebUIKeywordMain.groovy:41)
com.kms.katalon.core.webui.keyword.internal.WebUIKeywordMain.runKeywordUntilTimeout(WebUIKeywordMain.groovy:133)
com.kms.katalon.core.webui.keyword.builtin.ClickKeyword.click(ClickKeyword.groovy:72)
com.kms.katalon.core.webui.keyword.builtin.ClickKeyword.execute(ClickKeyword.groovy:38)
com.kms.katalon.core.keyword.internal.KeywordExecutor.executeKeywordForPlatform(KeywordExecutor.groovy:95)
com.kms.katalon.core.webui.keyword.WebUiBuiltInKeywords.click(WebUiBuiltInKeywords.groovy:721)
CBU_PIC_Submit_Tindak_Lanjut.run(CBU_PIC_Submit_Tindak_Lanjut:22)
</property>
</record>
<record>
  <date>2026-07-21T09:06:42.163672500Z</date>
  <millis>1784624802163</millis>
  <nanos>672500</nanos>
  <sequence>1750</sequence>
  <level>END</level>
  <class>com.kms.katalon.core.logging.XmlKeywordLogger</class>
  <method>endKeyword</method>
  <thread>1</thread>
  <message>End action : click(findTestObject(&amp;quot;Pilar 1/Showroom-Supplier/UAT/CBU/CBU_PIC_Submit_Tindak_Lanjut/Page_Dashboard/div_b2-l1-17_1-b3-SubMenuHeader&amp;quot;))</message>
  <nestedLevel>1</nestedLevel>
  <escapedJava>false</escapedJava>
</record>
<record>
  <date>2026-07-21T09:06:42.164664100Z</date>
  <millis>1784624802164</millis>
  <nanos>664100</nanos>
  <sequence>1751</sequence>
  <level>START</level>
  <class>com.kms.katalon.core.logging.XmlKeywordLogger</class>
  <method>startKeyword</method>
  <thread>1</thread>
  <message>Start action : click(findTestObject(&amp;quot;Pilar 1/Showroom-Supplier/UAT/CBU/CBU_PIC_Submit_Tindak_Lanjut/Page_Dashboard/div_b2-l1-17_1-b4-l1-23_4-b1-SubMenuHeader&amp;quot;))</message>
  <nestedLevel>1</nestedLevel>
  <escapedJava>false</escapedJava>
  <property name="startLine">24</property>
  <property name="stepIndex">3</property>
</record>
<record>
  <date>2026-07-21T09:06:42.707911Z</date>
  <millis>1784624802707</millis>
  <nanos>911000</nanos>
  <sequence>1762</sequence>
  <level>PASSED</level>
  <class>com.kms.katalon.core.logging.XmlKeywordLogger</class>
  <method>logMessage</method>
  <thread>1</thread>
  <message>Object: &amp;apos;Object Repository/Pilar 1/Showroom-Supplier/UAT/CBU/CBU_PIC_Submit_Tindak_Lanjut/Page_Dashboard/div_b2-l1-17_1-b4-l1-23_4-b1-SubMenuHeader&amp;apos; is clicked on</message>
  <nestedLevel>1</nestedLevel>
  <escapedJava>false</escapedJava>
  <property name="testops-method-name">com.kms.katalon.core.webui.keyword.internal.WebUIKeywordMain.runKeywordUntilTimeout</property>
  <property name="testops-execution-stacktrace">com.kms.katalon.core.logging.KeywordLogger.logPassed(KeywordLogger.java:348)
com.kms.katalon.core.logging.KeywordLogger.logPassed(KeywordLogger.java:343)
com.kms.katalon.core.webui.keyword.builtin.ClickKeyword$_click_closure1.doCall(ClickKeyword.groovy:66)
java.base/jdk.internal.reflect.DirectMethodHandleAccessor.invoke(DirectMethodHandleAccessor.java:103)
jdk.proxy2/jdk.proxy2.$Proxy55.execute(Unknown Source)
com.kms.katalon.core.webui.model.SeleniumActionRetryController.performAction(SeleniumActionRetryController.java:96)
com.kms.katalon.core.webui.model.SeleniumActionRetryController.performAction(SeleniumActionRetryController.java:83)
com.kms.katalon.core.webui.keyword.internal.WebUIKeywordMain$_runKeywordUntilTimeout_closure1.doCall(WebUIKeywordMain.groovy:135)
com.kms.katalon.core.webui.keyword.internal.WebUIKeywordMain$_runKeywordUntilTimeout_closure1.call(WebUIKeywordMain.groovy)
com.kms.katalon.core.webui.keyword.internal.WebUIKeywordMain.runKeyword(WebUIKeywordMain.groovy:41)
com.kms.katalon.core.webui.keyword.internal.WebUIKeywordMain.runKeywordUntilTimeout(WebUIKeywordMain.groovy:133)
com.kms.katalon.core.webui.keyword.builtin.ClickKeyword.click(ClickKeyword.groovy:72)
com.kms.katalon.core.webui.keyword.builtin.ClickKeyword.execute(ClickKeyword.groovy:38)
com.kms.katalon.core.keyword.internal.KeywordExecutor.executeKeywordForPlatform(KeywordExecutor.groovy:95)
com.kms.katalon.core.webui.keyword.WebUiBuiltInKeywords.click(WebUiBuiltInKeywords.groovy:721)
CBU_PIC_Submit_Tindak_Lanjut.run(CBU_PIC_Submit_Tindak_Lanjut:24)
</property>
</record>
<record>
  <date>2026-07-21T09:06:42.711907700Z</date>
  <millis>1784624802711</millis>
  <nanos>907700</nanos>
  <sequence>1763</sequence>
  <level>END</level>
  <class>com.kms.katalon.core.logging.XmlKeywordLogger</class>
  <method>endKeyword</method>
  <thread>1</thread>
  <message>End action : click(findTestObject(&amp;quot;Pilar 1/Showroom-Supplier/UAT/CBU/CBU_PIC_Submit_Tindak_Lanjut/Page_Dashboard/div_b2-l1-17_1-b4-l1-23_4-b1-SubMenuHeader&amp;quot;))</message>
  <nestedLevel>1</nestedLevel>
  <escapedJava>false</escapedJava>
</record>
<record>
  <date>2026-07-21T09:06:42.711907700Z</date>
  <millis>1784624802711</millis>
  <nanos>907700</nanos>
  <sequence>1764</sequence>
  <level>START</level>
  <class>com.kms.katalon.core.logging.XmlKeywordLogger</class>
  <method>startKeyword</method>
  <thread>1</thread>
  <message>Start action : click(findTestObject(&amp;quot;Pilar 1/Showroom-Supplier/UAT/CBU/CBU_PIC_Submit_Tindak_Lanjut/Page_Dashboard/a_Showroom_Supplier&amp;quot;))</message>
  <nestedLevel>1</nestedLevel>
  <escapedJava>false</escapedJava>
  <property name="startLine">26</property>
  <property name="stepIndex">4</property>
</record>
<record>
  <date>2026-07-21T09:06:43.027816300Z</date>
  <millis>1784624803027</millis>
  <nanos>816300</nanos>
  <sequence>1775</sequence>
  <level>PASSED</level>
  <class>com.kms.katalon.core.logging.XmlKeywordLogger</class>
  <method>logMessage</method>
  <thread>1</thread>
  <message>Object: &amp;apos;Object Repository/Pilar 1/Showroom-Supplier/UAT/CBU/CBU_PIC_Submit_Tindak_Lanjut/Page_Dashboard/a_Showroom_Supplier&amp;apos; is clicked on</message>
  <nestedLevel>1</nestedLevel>
  <escapedJava>false</escapedJava>
  <property name="testops-method-name">com.kms.katalon.core.webui.keyword.internal.WebUIKeywordMain.runKeywordUntilTimeout</property>
  <property name="testops-execution-stacktrace">com.kms.katalon.core.logging.KeywordLogger.logPassed(KeywordLogger.java:348)
com.kms.katalon.core.logging.KeywordLogger.logPassed(KeywordLogger.java:343)
com.kms.katalon.core.webui.keyword.builtin.ClickKeyword$_click_closure1.doCall(ClickKeyword.groovy:66)
java.base/jdk.internal.reflect.DirectMethodHandleAccessor.invoke(DirectMethodHandleAccessor.java:103)
jdk.proxy2/jdk.proxy2.$Proxy55.execute(Unknown Source)
com.kms.katalon.core.webui.model.SeleniumActionRetryController.performAction(SeleniumActionRetryController.java:96)
com.kms.katalon.core.webui.model.SeleniumActionRetryController.performAction(SeleniumActionRetryController.java:83)
com.kms.katalon.core.webui.keyword.internal.WebUIKeywordMain$_runKeywordUntilTimeout_closure1.doCall(WebUIKeywordMain.groovy:135)
com.kms.katalon.core.webui.keyword.internal.WebUIKeywordMain$_runKeywordUntilTimeout_closure1.call(WebUIKeywordMain.groovy)
com.kms.katalon.core.webui.keyword.internal.WebUIKeywordMain.runKeyword(WebUIKeywordMain.groovy:41)
com.kms.katalon.core.webui.keyword.internal.WebUIKeywordMain.runKeywordUntilTimeout(WebUIKeywordMain.groovy:133)
com.kms.katalon.core.webui.keyword.builtin.ClickKeyword.click(ClickKeyword.groovy:72)
com.kms.katalon.core.webui.keyword.builtin.ClickKeyword.execute(ClickKeyword.groovy:38)
com.kms.katalon.core.keyword.internal.KeywordExecutor.executeKeywordForPlatform(KeywordExecutor.groovy:95)
com.kms.katalon.core.webui.keyword.WebUiBuiltInKeywords.click(WebUiBuiltInKeywords.groovy:721)
CBU_PIC_Submit_Tindak_Lanjut.run(CBU_PIC_Submit_Tindak_Lanjut:26)
</property>
</record>
<record>
  <date>2026-07-21T09:06:43.031426300Z</date>
  <millis>1784624803031</millis>
  <nanos>426300</nanos>
  <sequence>1776</sequence>
  <level>END</level>
  <class>com.kms.katalon.core.logging.XmlKeywordLogger</class>
  <method>endKeyword</method>
  <thread>1</thread>
  <message>End action : click(findTestObject(&amp;quot;Pilar 1/Showroom-Supplier/UAT/CBU/CBU_PIC_Submit_Tindak_Lanjut/Page_Dashboard/a_Showroom_Supplier&amp;quot;))</message>
  <nestedLevel>1</nestedLevel>
  <escapedJava>false</escapedJava>
</record>
<record>
  <date>2026-07-21T09:06:43.032671500Z</date>
  <millis>1784624803032</millis>
  <nanos>671500</nanos>
  <sequence>1777</sequence>
  <level>START</level>
  <class>com.kms.katalon.core.logging.XmlKeywordLogger</class>
  <method>startKeyword</method>
  <thread>1</thread>
  <message>Start action : selectOptionByValue(findTestObject(&amp;quot;Pilar 1/Showroom-Supplier/UAT/CBU/CBU_PIC_Submit_Tindak_Lanjut/Page_TindakLanjutKunjunganShowroom/select_Dropdown_PIC_BisnisUnit&amp;quot;), &amp;quot;0&amp;quot;, false)</message>
  <nestedLevel>1</nestedLevel>
  <escapedJava>false</escapedJava>
  <property name="startLine">28</property>
  <property name="stepIndex">5</property>
</record>
<record>
  <date>2026-07-21T09:06:46.869741Z</date>
  <millis>1784624806869</millis>
  <nanos>741000</nanos>
  <sequence>1789</sequence>
  <level>PASSED</level>
  <class>com.kms.katalon.core.logging.XmlKeywordLogger</class>
  <method>logMessage</method>
  <thread>1</thread>
  <message>All options with value &amp;apos;0&amp;apos; are selected in object &amp;apos;Object Repository/Pilar 1/Showroom-Supplier/UAT/CBU/CBU_PIC_Submit_Tindak_Lanjut/Page_TindakLanjutKunjunganShowroom/select_Dropdown_PIC_BisnisUnit&amp;apos; </message>
  <nestedLevel>1</nestedLevel>
  <escapedJava>false</escapedJava>
  <property name="testops-method-name">com.kms.katalon.core.webui.keyword.internal.WebUIKeywordMain.runKeywordUntilTimeout</property>
  <property name="testops-execution-stacktrace">com.kms.katalon.core.logging.KeywordLogger.logPassed(KeywordLogger.java:348)
com.kms.katalon.core.logging.KeywordLogger.logPassed(KeywordLogger.java:343)
com.kms.katalon.core.webui.keyword.builtin.SelectOptionByValueKeyword$_selectOptionByValue_closure1.doCall(SelectOptionByValueKeyword.groovy:70)
java.base/jdk.internal.reflect.DirectMethodHandleAccessor.invoke(DirectMethodHandleAccessor.java:103)
jdk.proxy2/jdk.proxy2.$Proxy55.execute(Unknown Source)
com.kms.katalon.core.webui.model.SeleniumActionRetryController.performAction(SeleniumActionRetryController.java:96)
com.kms.katalon.core.webui.model.SeleniumActionRetryController.performAction(SeleniumActionRetryController.java:83)
com.kms.katalon.core.webui.keyword.internal.WebUIKeywordMain$_runKeywordUntilTimeout_closure1.doCall(WebUIKeywordMain.groovy:135)
com.kms.katalon.core.webui.keyword.internal.WebUIKeywordMain$_runKeywordUntilTimeout_closure1.call(WebUIKeywordMain.groovy)
com.kms.katalon.core.webui.keyword.internal.WebUIKeywordMain.runKeyword(WebUIKeywordMain.groovy:41)
com.kms.katalon.core.webui.keyword.internal.WebUIKeywordMain.runKeywordUntilTimeout(WebUIKeywordMain.groovy:133)
com.kms.katalon.core.webui.keyword.builtin.SelectOptionByValueKeyword.selectOptionByValue(SelectOptionByValueKeyword.groovy:79)
com.kms.katalon.core.webui.keyword.builtin.SelectOptionByValueKeyword.execute(SelectOptionByValueKeyword.groovy:44)
com.kms.katalon.core.keyword.internal.KeywordExecutor.executeKeywordForPlatform(KeywordExecutor.groovy:95)
com.kms.katalon.core.webui.keyword.WebUiBuiltInKeywords.selectOptionByValue(WebUiBuiltInKeywords.groovy:1269)
CBU_PIC_Submit_Tindak_Lanjut.run(CBU_PIC_Submit_Tindak_Lanjut:28)
</property>
</record>
<record>
  <date>2026-07-21T09:06:46.870967700Z</date>
  <millis>1784624806870</millis>
  <nanos>967700</nanos>
  <sequence>1790</sequence>
  <level>END</level>
  <class>com.kms.katalon.core.logging.XmlKeywordLogger</class>
  <method>endKeyword</method>
  <thread>1</thread>
  <message>End action : selectOptionByValue(findTestObject(&amp;quot;Pilar 1/Showroom-Supplier/UAT/CBU/CBU_PIC_Submit_Tindak_Lanjut/Page_TindakLanjutKunjunganShowroom/select_Dropdown_PIC_BisnisUnit&amp;quot;), &amp;quot;0&amp;quot;, false)</message>
  <nestedLevel>1</nestedLevel>
  <escapedJava>false</escapedJava>
</record>
<record>
  <date>2026-07-21T09:06:46.870967700Z</date>
  <millis>1784624806870</millis>
  <nanos>967700</nanos>
  <sequence>1791</sequence>
  <level>START</level>
  <class>com.kms.katalon.core.logging.XmlKeywordLogger</class>
  <method>startKeyword</method>
  <thread>1</thread>
  <message>Start action : selectOptionByValue(findTestObject(&amp;quot;Pilar 1/Copy Contract/UAT/CBU/PIC-CBU-Submit-Tindak-Lanjut/Page_TindakLanjutCopyContract/select_b3-b2-b1-Dropdown1&amp;quot;), &amp;quot;2&amp;quot;, false)</message>
  <nestedLevel>1</nestedLevel>
  <escapedJava>false</escapedJava>
  <property name="startLine">31</property>
  <property name="stepIndex">6</property>
</record>
<record>
  <date>2026-07-21T09:06:47.717793Z</date>
  <millis>1784624807717</millis>
  <nanos>793000</nanos>
  <sequence>1803</sequence>
  <level>PASSED</level>
  <class>com.kms.katalon.core.logging.XmlKeywordLogger</class>
  <method>logMessage</method>
  <thread>1</thread>
  <message>All options with value &amp;apos;2&amp;apos; are selected in object &amp;apos;Object Repository/Pilar 1/Copy Contract/UAT/CBU/PIC-CBU-Submit-Tindak-Lanjut/Page_TindakLanjutCopyContract/select_b3-b2-b1-Dropdown1&amp;apos; </message>
  <nestedLevel>1</nestedLevel>
  <escapedJava>false</escapedJava>
  <property name="testops-method-name">com.kms.katalon.core.webui.keyword.internal.WebUIKeywordMain.runKeywordUntilTimeout</property>
  <property name="testops-execution-stacktrace">com.kms.katalon.core.logging.KeywordLogger.logPassed(KeywordLogger.java:348)
com.kms.katalon.core.logging.KeywordLogger.logPassed(KeywordLogger.java:343)
com.kms.katalon.core.webui.keyword.builtin.SelectOptionByValueKeyword$_selectOptionByValue_closure1.doCall(SelectOptionByValueKeyword.groovy:70)
java.base/jdk.internal.reflect.DirectMethodHandleAccessor.invoke(DirectMethodHandleAccessor.java:103)
jdk.proxy2/jdk.proxy2.$Proxy55.execute(Unknown Source)
com.kms.katalon.core.webui.model.SeleniumActionRetryController.performAction(SeleniumActionRetryController.java:96)
com.kms.katalon.core.webui.model.SeleniumActionRetryController.performAction(SeleniumActionRetryController.java:83)
com.kms.katalon.core.webui.keyword.internal.WebUIKeywordMain$_runKeywordUntilTimeout_closure1.doCall(WebUIKeywordMain.groovy:135)
com.kms.katalon.core.webui.keyword.internal.WebUIKeywordMain$_runKeywordUntilTimeout_closure1.call(WebUIKeywordMain.groovy)
com.kms.katalon.core.webui.keyword.internal.WebUIKeywordMain.runKeyword(WebUIKeywordMain.groovy:41)
com.kms.katalon.core.webui.keyword.internal.WebUIKeywordMain.runKeywordUntilTimeout(WebUIKeywordMain.groovy:133)
com.kms.katalon.core.webui.keyword.builtin.SelectOptionByValueKeyword.selectOptionByValue(SelectOptionByValueKeyword.groovy:79)
com.kms.katalon.core.webui.keyword.builtin.SelectOptionByValueKeyword.execute(SelectOptionByValueKeyword.groovy:44)
com.kms.katalon.core.keyword.internal.KeywordExecutor.executeKeywordForPlatform(KeywordExecutor.groovy:95)
com.kms.katalon.core.webui.keyword.WebUiBuiltInKeywords.selectOptionByValue(WebUiBuiltInKeywords.groovy:1269)
CBU_PIC_Submit_Tindak_Lanjut.run(CBU_PIC_Submit_Tindak_Lanjut:31)
</property>
</record>
<record>
  <date>2026-07-21T09:06:47.717793Z</date>
  <millis>1784624807717</millis>
  <nanos>793000</nanos>
  <sequence>1804</sequence>
  <level>END</level>
  <class>com.kms.katalon.core.logging.XmlKeywordLogger</class>
  <method>endKeyword</method>
  <thread>1</thread>
  <message>End action : selectOptionByValue(findTestObject(&amp;quot;Pilar 1/Copy Contract/UAT/CBU/PIC-CBU-Submit-Tindak-Lanjut/Page_TindakLanjutCopyContract/select_b3-b2-b1-Dropdown1&amp;quot;), &amp;quot;2&amp;quot;, false)</message>
  <nestedLevel>1</nestedLevel>
  <escapedJava>false</escapedJava>
</record>
<record>
  <date>2026-07-21T09:06:47.717793Z</date>
  <millis>1784624807717</millis>
  <nanos>793000</nanos>
  <sequence>1805</sequence>
  <level>START</level>
  <class>com.kms.katalon.core.logging.XmlKeywordLogger</class>
  <method>startKeyword</method>
  <thread>1</thread>
  <message>Start action : selectOptionByValue(findTestObject(&amp;quot;Pilar 1/Copy Contract/UAT/CBU/PIC-CBU-Submit-Tindak-Lanjut/Page_TindakLanjutCopyContract/select_b3-b2-b1-Dropdown3&amp;quot;), &amp;quot;0&amp;quot;, false)</message>
  <nestedLevel>1</nestedLevel>
  <escapedJava>false</escapedJava>
  <property name="startLine">34</property>
  <property name="stepIndex">7</property>
</record>
<record>
  <date>2026-07-21T09:06:48.230482400Z</date>
  <millis>1784624808230</millis>
  <nanos>482400</nanos>
  <sequence>1817</sequence>
  <level>PASSED</level>
  <class>com.kms.katalon.core.logging.XmlKeywordLogger</class>
  <method>logMessage</method>
  <thread>1</thread>
  <message>All options with value &amp;apos;0&amp;apos; are selected in object &amp;apos;Object Repository/Pilar 1/Copy Contract/UAT/CBU/PIC-CBU-Submit-Tindak-Lanjut/Page_TindakLanjutCopyContract/select_b3-b2-b1-Dropdown3&amp;apos; </message>
  <nestedLevel>1</nestedLevel>
  <escapedJava>false</escapedJava>
  <property name="testops-method-name">com.kms.katalon.core.webui.keyword.internal.WebUIKeywordMain.runKeywordUntilTimeout</property>
  <property name="testops-execution-stacktrace">com.kms.katalon.core.logging.KeywordLogger.logPassed(KeywordLogger.java:348)
com.kms.katalon.core.logging.KeywordLogger.logPassed(KeywordLogger.java:343)
com.kms.katalon.core.webui.keyword.builtin.SelectOptionByValueKeyword$_selectOptionByValue_closure1.doCall(SelectOptionByValueKeyword.groovy:70)
java.base/jdk.internal.reflect.DirectMethodHandleAccessor.invoke(DirectMethodHandleAccessor.java:103)
jdk.proxy2/jdk.proxy2.$Proxy55.execute(Unknown Source)
com.kms.katalon.core.webui.model.SeleniumActionRetryController.performAction(SeleniumActionRetryController.java:96)
com.kms.katalon.core.webui.model.SeleniumActionRetryController.performAction(SeleniumActionRetryController.java:83)
com.kms.katalon.core.webui.keyword.internal.WebUIKeywordMain$_runKeywordUntilTimeout_closure1.doCall(WebUIKeywordMain.groovy:135)
com.kms.katalon.core.webui.keyword.internal.WebUIKeywordMain$_runKeywordUntilTimeout_closure1.call(WebUIKeywordMain.groovy)
com.kms.katalon.core.webui.keyword.internal.WebUIKeywordMain.runKeyword(WebUIKeywordMain.groovy:41)
com.kms.katalon.core.webui.keyword.internal.WebUIKeywordMain.runKeywordUntilTimeout(WebUIKeywordMain.groovy:133)
com.kms.katalon.core.webui.keyword.builtin.SelectOptionByValueKeyword.selectOptionByValue(SelectOptionByValueKeyword.groovy:79)
com.kms.katalon.core.webui.keyword.builtin.SelectOptionByValueKeyword.execute(SelectOptionByValueKeyword.groovy:44)
com.kms.katalon.core.keyword.internal.KeywordExecutor.executeKeywordForPlatform(KeywordExecutor.groovy:95)
com.kms.katalon.core.webui.keyword.WebUiBuiltInKeywords.selectOptionByValue(WebUiBuiltInKeywords.groovy:1269)
CBU_PIC_Submit_Tindak_Lanjut.run(CBU_PIC_Submit_Tindak_Lanjut:34)
</property>
</record>
<record>
  <date>2026-07-21T09:06:48.236983100Z</date>
  <millis>1784624808236</millis>
  <nanos>983100</nanos>
  <sequence>1818</sequence>
  <level>END</level>
  <class>com.kms.katalon.core.logging.XmlKeywordLogger</class>
  <method>endKeyword</method>
  <thread>1</thread>
  <message>End action : selectOptionByValue(findTestObject(&amp;quot;Pilar 1/Copy Contract/UAT/CBU/PIC-CBU-Submit-Tindak-Lanjut/Page_TindakLanjutCopyContract/select_b3-b2-b1-Dropdown3&amp;quot;), &amp;quot;0&amp;quot;, false)</message>
  <nestedLevel>1</nestedLevel>
  <escapedJava>false</escapedJava>
</record>
<record>
  <date>2026-07-21T09:06:48.236983100Z</date>
  <millis>1784624808236</millis>
  <nanos>983100</nanos>
  <sequence>1819</sequence>
  <level>START</level>
  <class>com.kms.katalon.core.logging.XmlKeywordLogger</class>
  <method>startKeyword</method>
  <thread>1</thread>
  <message>Start action : selectOptionByValue(findTestObject(&amp;quot;Pilar 1/Showroom-Supplier/UAT/CBU/CBU_PIC_Submit_Tindak_Lanjut/Page_TindakLanjutKunjunganShowroom/select_DropdownPencarian&amp;quot;), &amp;quot;2&amp;quot;, false)</message>
  <nestedLevel>1</nestedLevel>
  <escapedJava>false</escapedJava>
  <property name="startLine">37</property>
  <property name="stepIndex">8</property>
</record>
<record>
  <date>2026-07-21T09:06:48.238142700Z</date>
  <millis>1784624808238</millis>
  <nanos>142700</nanos>
  <sequence>1820</sequence>
  <level>NOT_RUN</level>
  <class>com.kms.katalon.core.logging.XmlKeywordLogger</class>
  <method>logMessage</method>
  <thread>1</thread>
  <message>NOT_RUN: selectOptionByValue(findTestObject(&amp;quot;Pilar 1/Showroom-Supplier/UAT/CBU/CBU_PIC_Submit_Tindak_Lanjut/Page_TindakLanjutKunjunganShowroom/select_DropdownPencarian&amp;quot;), &amp;quot;2&amp;quot;, false)</message>
  <nestedLevel>1</nestedLevel>
  <escapedJava>false</escapedJava>
</record>
<record>
  <date>2026-07-21T09:06:48.239570300Z</date>
  <millis>1784624808239</millis>
  <nanos>570300</nanos>
  <sequence>1821</sequence>
  <level>END</level>
  <class>com.kms.katalon.core.logging.XmlKeywordLogger</class>
  <method>endKeyword</method>
  <thread>1</thread>
  <message>End action : selectOptionByValue(findTestObject(&amp;quot;Pilar 1/Showroom-Supplier/UAT/CBU/CBU_PIC_Submit_Tindak_Lanjut/Page_TindakLanjutKunjunganShowroom/select_DropdownPencarian&amp;quot;), &amp;quot;2&amp;quot;, false)</message>
  <nestedLevel>1</nestedLevel>
  <escapedJava>false</escapedJava>
</record>
<record>
  <date>2026-07-21T09:06:48.239570300Z</date>
  <millis>1784624808239</millis>
  <nanos>570300</nanos>
  <sequence>1822</sequence>
  <level>START</level>
  <class>com.kms.katalon.core.logging.XmlKeywordLogger</class>
  <method>startKeyword</method>
  <thread>1</thread>
  <message>Start action : setText(findTestObject(&amp;quot;Pilar 1/Showroom-Supplier/UAT/CBU/CBU_PIC_Submit_Tindak_Lanjut/Page_TindakLanjutKunjunganShowroom/input_Search_1&amp;quot;), &amp;quot;Mitra Nusantara Bersaudara, PT&amp;quot;)</message>
  <nestedLevel>1</nestedLevel>
  <escapedJava>false</escapedJava>
  <property name="startLine">40</property>
  <property name="stepIndex">9</property>
</record>
<record>
  <date>2026-07-21T09:06:48.240569Z</date>
  <millis>1784624808240</millis>
  <nanos>569000</nanos>
  <sequence>1823</sequence>
  <level>NOT_RUN</level>
  <class>com.kms.katalon.core.logging.XmlKeywordLogger</class>
  <method>logMessage</method>
  <thread>1</thread>
  <message>NOT_RUN: setText(findTestObject(&amp;quot;Pilar 1/Showroom-Supplier/UAT/CBU/CBU_PIC_Submit_Tindak_Lanjut/Page_TindakLanjutKunjunganShowroom/input_Search_1&amp;quot;), &amp;quot;Mitra Nusantara Bersaudara, PT&amp;quot;)</message>
  <nestedLevel>1</nestedLevel>
  <escapedJava>false</escapedJava>
</record>
<record>
  <date>2026-07-21T09:06:48.242002800Z</date>
  <millis>1784624808242</millis>
  <nanos>2800</nanos>
  <sequence>1824</sequence>
  <level>END</level>
  <class>com.kms.katalon.core.logging.XmlKeywordLogger</class>
  <method>endKeyword</method>
  <thread>1</thread>
  <message>End action : setText(findTestObject(&amp;quot;Pilar 1/Showroom-Supplier/UAT/CBU/CBU_PIC_Submit_Tindak_Lanjut/Page_TindakLanjutKunjunganShowroom/input_Search_1&amp;quot;), &amp;quot;Mitra Nusantara Bersaudara, PT&amp;quot;)</message>
  <nestedLevel>1</nestedLevel>
  <escapedJava>false</escapedJava>
</record>
<record>
  <date>2026-07-21T09:06:48.242002800Z</date>
  <millis>1784624808242</millis>
  <nanos>2800</nanos>
  <sequence>1825</sequence>
  <level>START</level>
  <class>com.kms.katalon.core.logging.XmlKeywordLogger</class>
  <method>startKeyword</method>
  <thread>1</thread>
  <message>Start action : click(findTestObject(&amp;quot;Pilar 1/Showroom-Supplier/UAT/CBU/CBU_PIC_Submit_Tindak_Lanjut/Page_TindakLanjutKunjunganShowroom/button_Cari&amp;quot;))</message>
  <nestedLevel>1</nestedLevel>
  <escapedJava>false</escapedJava>
  <property name="startLine">43</property>
  <property name="stepIndex">10</property>
</record>
<record>
  <date>2026-07-21T09:06:48.537861700Z</date>
  <millis>1784624808537</millis>
  <nanos>861700</nanos>
  <sequence>1836</sequence>
  <level>PASSED</level>
  <class>com.kms.katalon.core.logging.XmlKeywordLogger</class>
  <method>logMessage</method>
  <thread>1</thread>
  <message>Object: &amp;apos;Object Repository/Pilar 1/Showroom-Supplier/UAT/CBU/CBU_PIC_Submit_Tindak_Lanjut/Page_TindakLanjutKunjunganShowroom/button_Cari&amp;apos; is clicked on</message>
  <nestedLevel>1</nestedLevel>
  <escapedJava>false</escapedJava>
  <property name="testops-method-name">com.kms.katalon.core.webui.keyword.internal.WebUIKeywordMain.runKeywordUntilTimeout</property>
  <property name="testops-execution-stacktrace">com.kms.katalon.core.logging.KeywordLogger.logPassed(KeywordLogger.java:348)
com.kms.katalon.core.logging.KeywordLogger.logPassed(KeywordLogger.java:343)
com.kms.katalon.core.webui.keyword.builtin.ClickKeyword$_click_closure1.doCall(ClickKeyword.groovy:66)
java.base/jdk.internal.reflect.DirectMethodHandleAccessor.invoke(DirectMethodHandleAccessor.java:103)
jdk.proxy2/jdk.proxy2.$Proxy55.execute(Unknown Source)
com.kms.katalon.core.webui.model.SeleniumActionRetryController.performAction(SeleniumActionRetryController.java:96)
com.kms.katalon.core.webui.model.SeleniumActionRetryController.performAction(SeleniumActionRetryController.java:83)
com.kms.katalon.core.webui.keyword.internal.WebUIKeywordMain$_runKeywordUntilTimeout_closure1.doCall(WebUIKeywordMain.groovy:135)
com.kms.katalon.core.webui.keyword.internal.WebUIKeywordMain$_runKeywordUntilTimeout_closure1.call(WebUIKeywordMain.groovy)
com.kms.katalon.core.webui.keyword.internal.WebUIKeywordMain.runKeyword(WebUIKeywordMain.groovy:41)
com.kms.katalon.core.webui.keyword.internal.WebUIKeywordMain.runKeywordUntilTimeout(WebUIKeywordMain.groovy:133)
com.kms.katalon.core.webui.keyword.builtin.ClickKeyword.click(ClickKeyword.groovy:72)
com.kms.katalon.core.webui.keyword.builtin.ClickKeyword.execute(ClickKeyword.groovy:38)
com.kms.katalon.core.keyword.internal.KeywordExecutor.executeKeywordForPlatform(KeywordExecutor.groovy:95)
com.kms.katalon.core.webui.keyword.WebUiBuiltInKeywords.click(WebUiBuiltInKeywords.groovy:721)
CBU_PIC_Submit_Tindak_Lanjut.run(CBU_PIC_Submit_Tindak_Lanjut:43)
</property>
</record>
<record>
  <date>2026-07-21T09:06:48.539878800Z</date>
  <millis>1784624808539</millis>
  <nanos>878800</nanos>
  <sequence>1837</sequence>
  <level>END</level>
  <class>com.kms.katalon.core.logging.XmlKeywordLogger</class>
  <method>endKeyword</method>
  <thread>1</thread>
  <message>End action : click(findTestObject(&amp;quot;Pilar 1/Showroom-Supplier/UAT/CBU/CBU_PIC_Submit_Tindak_Lanjut/Page_TindakLanjutKunjunganShowroom/button_Cari&amp;quot;))</message>
  <nestedLevel>1</nestedLevel>
  <escapedJava>false</escapedJava>
</record>
<record>
  <date>2026-07-21T09:06:48.539878800Z</date>
  <millis>1784624808539</millis>
  <nanos>878800</nanos>
  <sequence>1838</sequence>
  <level>START</level>
  <class>com.kms.katalon.core.logging.XmlKeywordLogger</class>
  <method>startKeyword</method>
  <thread>1</thread>
  <message>Start action : click(findTestObject(&amp;quot;Pilar 1/Showroom-Supplier/UAT/CBU/CBU_PIC_Submit_Tindak_Lanjut/Page_TindakLanjutKunjunganShowroom/Page_TindakLanjutKunjunganShowroom/button_Tindak lanjut_Header&amp;quot;))</message>
  <nestedLevel>1</nestedLevel>
  <escapedJava>false</escapedJava>
  <property name="startLine">45</property>
  <property name="stepIndex">11</property>
</record>
<record>
  <date>2026-07-21T09:06:49.300010100Z</date>
  <millis>1784624809300</millis>
  <nanos>10100</nanos>
  <sequence>1849</sequence>
  <level>PASSED</level>
  <class>com.kms.katalon.core.logging.XmlKeywordLogger</class>
  <method>logMessage</method>
  <thread>1</thread>
  <message>Object: &amp;apos;Object Repository/Pilar 1/Showroom-Supplier/UAT/CBU/CBU_PIC_Submit_Tindak_Lanjut/Page_TindakLanjutKunjunganShowroom/Page_TindakLanjutKunjunganShowroom/button_Tindak lanjut_Header&amp;apos; is clicked on</message>
  <nestedLevel>1</nestedLevel>
  <escapedJava>false</escapedJava>
  <property name="testops-method-name">com.kms.katalon.core.webui.keyword.internal.WebUIKeywordMain.runKeywordUntilTimeout</property>
  <property name="testops-execution-stacktrace">com.kms.katalon.core.logging.KeywordLogger.logPassed(KeywordLogger.java:348)
com.kms.katalon.core.logging.KeywordLogger.logPassed(KeywordLogger.java:343)
com.kms.katalon.core.webui.keyword.builtin.ClickKeyword$_click_closure1.doCall(ClickKeyword.groovy:66)
java.base/jdk.internal.reflect.DirectMethodHandleAccessor.invoke(DirectMethodHandleAccessor.java:103)
jdk.proxy2/jdk.proxy2.$Proxy55.execute(Unknown Source)
com.kms.katalon.core.webui.model.SeleniumActionRetryController.performAction(SeleniumActionRetryController.java:96)
com.kms.katalon.core.webui.model.SeleniumActionRetryController.performAction(SeleniumActionRetryController.java:83)
com.kms.katalon.core.webui.keyword.internal.WebUIKeywordMain$_runKeywordUntilTimeout_closure1.doCall(WebUIKeywordMain.groovy:135)
com.kms.katalon.core.webui.keyword.internal.WebUIKeywordMain$_runKeywordUntilTimeout_closure1.call(WebUIKeywordMain.groovy)
com.kms.katalon.core.webui.keyword.internal.WebUIKeywordMain.runKeyword(WebUIKeywordMain.groovy:41)
com.kms.katalon.core.webui.keyword.internal.WebUIKeywordMain.runKeywordUntilTimeout(WebUIKeywordMain.groovy:133)
com.kms.katalon.core.webui.keyword.builtin.ClickKeyword.click(ClickKeyword.groovy:72)
com.kms.katalon.core.webui.keyword.builtin.ClickKeyword.execute(ClickKeyword.groovy:38)
com.kms.katalon.core.keyword.internal.KeywordExecutor.executeKeywordForPlatform(KeywordExecutor.groovy:95)
com.kms.katalon.core.webui.keyword.WebUiBuiltInKeywords.click(WebUiBuiltInKeywords.groovy:721)
CBU_PIC_Submit_Tindak_Lanjut.run(CBU_PIC_Submit_Tindak_Lanjut:45)
</property>
</record>
<record>
  <date>2026-07-21T09:06:49.302586300Z</date>
  <millis>1784624809302</millis>
  <nanos>586300</nanos>
  <sequence>1850</sequence>
  <level>END</level>
  <class>com.kms.katalon.core.logging.XmlKeywordLogger</class>
  <method>endKeyword</method>
  <thread>1</thread>
  <message>End action : click(findTestObject(&amp;quot;Pilar 1/Showroom-Supplier/UAT/CBU/CBU_PIC_Submit_Tindak_Lanjut/Page_TindakLanjutKunjunganShowroom/Page_TindakLanjutKunjunganShowroom/button_Tindak lanjut_Header&amp;quot;))</message>
  <nestedLevel>1</nestedLevel>
  <escapedJava>false</escapedJava>
</record>
<record>
  <date>2026-07-21T09:06:49.303962800Z</date>
  <millis>1784624809303</millis>
  <nanos>962800</nanos>
  <sequence>1851</sequence>
  <level>START</level>
  <class>com.kms.katalon.core.logging.XmlKeywordLogger</class>
  <method>startKeyword</method>
  <thread>1</thread>
  <message>Start action : setText(findTestObject(&amp;quot;Pilar 1/Showroom-Supplier/UAT/CBU/CBU_PIC_Submit_Tindak_Lanjut/Page_TindakLanjutKunjunganShowroomDetail/input_b3-b1-TanggatWaktuValue&amp;quot;), &amp;quot;31-07-2026&amp;quot;)</message>
  <nestedLevel>1</nestedLevel>
  <escapedJava>false</escapedJava>
  <property name="startLine">47</property>
  <property name="stepIndex">12</property>
</record>
<record>
  <date>2026-07-21T09:06:53.770165100Z</date>
  <millis>1784624813770</millis>
  <nanos>165100</nanos>
  <sequence>1865</sequence>
  <level>PASSED</level>
  <class>com.kms.katalon.core.logging.XmlKeywordLogger</class>
  <method>logMessage</method>
  <thread>1</thread>
  <message>Text &amp;apos;31-07-2026&amp;apos; is set on object &amp;apos;Object Repository/Pilar 1/Showroom-Supplier/UAT/CBU/CBU_PIC_Submit_Tindak_Lanjut/Page_TindakLanjutKunjunganShowroomDetail/input_b3-b1-TanggatWaktuValue&amp;apos;</message>
  <nestedLevel>1</nestedLevel>
  <escapedJava>false</escapedJava>
  <property name="testops-method-name">com.kms.katalon.core.webui.keyword.internal.WebUIKeywordMain.runKeywordUntilTimeout</property>
  <property name="testops-execution-stacktrace">com.kms.katalon.core.logging.KeywordLogger.logPassed(KeywordLogger.java:348)
com.kms.katalon.core.logging.KeywordLogger.logPassed(KeywordLogger.java:343)
com.kms.katalon.core.webui.keyword.builtin.SetTextKeyword$_setText_closure1.doCall(SetTextKeyword.groovy:99)
java.base/jdk.internal.reflect.DirectMethodHandleAccessor.invoke(DirectMethodHandleAccessor.java:103)
jdk.proxy2/jdk.proxy2.$Proxy55.execute(Unknown Source)
com.kms.katalon.core.webui.model.SeleniumActionRetryController.performAction(SeleniumActionRetryController.java:96)
com.kms.katalon.core.webui.model.SeleniumActionRetryController.performAction(SeleniumActionRetryController.java:83)
com.kms.katalon.core.webui.keyword.internal.WebUIKeywordMain$_runKeywordUntilTimeout_closure1.doCall(WebUIKeywordMain.groovy:135)
com.kms.katalon.core.webui.keyword.internal.WebUIKeywordMain$_runKeywordUntilTimeout_closure1.call(WebUIKeywordMain.groovy)
com.kms.katalon.core.webui.keyword.internal.WebUIKeywordMain.runKeyword(WebUIKeywordMain.groovy:41)
com.kms.katalon.core.webui.keyword.internal.WebUIKeywordMain.runKeywordUntilTimeout(WebUIKeywordMain.groovy:133)
com.kms.katalon.core.webui.keyword.builtin.SetTextKeyword.setText(SetTextKeyword.groovy:106)
com.kms.katalon.core.webui.keyword.builtin.SetTextKeyword.execute(SetTextKeyword.groovy:49)
com.kms.katalon.core.keyword.internal.KeywordExecutor.executeKeywordForPlatform(KeywordExecutor.groovy:95)
com.kms.katalon.core.webui.keyword.WebUiBuiltInKeywords.setText(WebUiBuiltInKeywords.groovy:1081)
CBU_PIC_Submit_Tindak_Lanjut.run(CBU_PIC_Submit_Tindak_Lanjut:47)
</property>
</record>
<record>
  <date>2026-07-21T09:06:53.772664100Z</date>
  <millis>1784624813772</millis>
  <nanos>664100</nanos>
  <sequence>1866</sequence>
  <level>END</level>
  <class>com.kms.katalon.core.logging.XmlKeywordLogger</class>
  <method>endKeyword</method>
  <thread>1</thread>
  <message>End action : setText(findTestObject(&amp;quot;Pilar 1/Showroom-Supplier/UAT/CBU/CBU_PIC_Submit_Tindak_Lanjut/Page_TindakLanjutKunjunganShowroomDetail/input_b3-b1-TanggatWaktuValue&amp;quot;), &amp;quot;31-07-2026&amp;quot;)</message>
  <nestedLevel>1</nestedLevel>
  <escapedJava>false</escapedJava>
</record>
<record>
  <date>2026-07-21T09:06:53.772664100Z</date>
  <millis>1784624813772</millis>
  <nanos>664100</nanos>
  <sequence>1867</sequence>
  <level>START</level>
  <class>com.kms.katalon.core.logging.XmlKeywordLogger</class>
  <method>startKeyword</method>
  <thread>1</thread>
  <message>Start action : setText(findTestObject(&amp;quot;Pilar 1/Showroom-Supplier/UAT/CBU/CBU_PIC_Submit_Tindak_Lanjut/Page_TindakLanjutKunjunganShowroomDetail/textarea_b3-b1-TextArea_Catatan&amp;quot;), &amp;quot;Saya sudah melakukan tindak lanjut, mohon diperiksa thanks&amp;quot;)</message>
  <nestedLevel>1</nestedLevel>
  <escapedJava>false</escapedJava>
  <property name="startLine">50</property>
  <property name="stepIndex">13</property>
</record>
<record>
  <date>2026-07-21T09:06:54.460756800Z</date>
  <millis>1784624814460</millis>
  <nanos>756800</nanos>
  <sequence>1881</sequence>
  <level>PASSED</level>
  <class>com.kms.katalon.core.logging.XmlKeywordLogger</class>
  <method>logMessage</method>
  <thread>1</thread>
  <message>Text &amp;apos;Saya sudah melakukan tindak lanjut, mohon diperiksa thanks&amp;apos; is set on object &amp;apos;Object Repository/Pilar 1/Showroom-Supplier/UAT/CBU/CBU_PIC_Submit_Tindak_Lanjut/Page_TindakLanjutKunjunganShowroomDetail/textarea_b3-b1-TextArea_Catatan&amp;apos;</message>
  <nestedLevel>1</nestedLevel>
  <escapedJava>false</escapedJava>
  <property name="testops-method-name">com.kms.katalon.core.webui.keyword.internal.WebUIKeywordMain.runKeywordUntilTimeout</property>
  <property name="testops-execution-stacktrace">com.kms.katalon.core.logging.KeywordLogger.logPassed(KeywordLogger.java:348)
com.kms.katalon.core.logging.KeywordLogger.logPassed(KeywordLogger.java:343)
com.kms.katalon.core.webui.keyword.builtin.SetTextKeyword$_setText_closure1.doCall(SetTextKeyword.groovy:99)
java.base/jdk.internal.reflect.DirectMethodHandleAccessor.invoke(DirectMethodHandleAccessor.java:103)
jdk.proxy2/jdk.proxy2.$Proxy55.execute(Unknown Source)
com.kms.katalon.core.webui.model.SeleniumActionRetryController.performAction(SeleniumActionRetryController.java:96)
com.kms.katalon.core.webui.model.SeleniumActionRetryController.performAction(SeleniumActionRetryController.java:83)
com.kms.katalon.core.webui.keyword.internal.WebUIKeywordMain$_runKeywordUntilTimeout_closure1.doCall(WebUIKeywordMain.groovy:135)
com.kms.katalon.core.webui.keyword.internal.WebUIKeywordMain$_runKeywordUntilTimeout_closure1.call(WebUIKeywordMain.groovy)
com.kms.katalon.core.webui.keyword.internal.WebUIKeywordMain.runKeyword(WebUIKeywordMain.groovy:41)
com.kms.katalon.core.webui.keyword.internal.WebUIKeywordMain.runKeywordUntilTimeout(WebUIKeywordMain.groovy:133)
com.kms.katalon.core.webui.keyword.builtin.SetTextKeyword.setText(SetTextKeyword.groovy:106)
com.kms.katalon.core.webui.keyword.builtin.SetTextKeyword.execute(SetTextKeyword.groovy:49)
com.kms.katalon.core.keyword.internal.KeywordExecutor.executeKeywordForPlatform(KeywordExecutor.groovy:95)
com.kms.katalon.core.webui.keyword.WebUiBuiltInKeywords.setText(WebUiBuiltInKeywords.groovy:1081)
CBU_PIC_Submit_Tindak_Lanjut.run(CBU_PIC_Submit_Tindak_Lanjut:50)
</property>
</record>
<record>
  <date>2026-07-21T09:06:54.465914900Z</date>
  <millis>1784624814465</millis>
  <nanos>914900</nanos>
  <sequence>1882</sequence>
  <level>END</level>
  <class>com.kms.katalon.core.logging.XmlKeywordLogger</class>
  <method>endKeyword</method>
  <thread>1</thread>
  <message>End action : setText(findTestObject(&amp;quot;Pilar 1/Showroom-Supplier/UAT/CBU/CBU_PIC_Submit_Tindak_Lanjut/Page_TindakLanjutKunjunganShowroomDetail/textarea_b3-b1-TextArea_Catatan&amp;quot;), &amp;quot;Saya sudah melakukan tindak lanjut, mohon diperiksa thanks&amp;quot;)</message>
  <nestedLevel>1</nestedLevel>
  <escapedJava>false</escapedJava>
</record>
<record>
  <date>2026-07-21T09:06:54.465914900Z</date>
  <millis>1784624814465</millis>
  <nanos>914900</nanos>
  <sequence>1883</sequence>
  <level>START</level>
  <class>com.kms.katalon.core.logging.XmlKeywordLogger</class>
  <method>startKeyword</method>
  <thread>1</thread>
  <message>Start action : click(findTestObject(&amp;quot;Pilar 1/Showroom-Supplier/UAT/CBU/CBU_PIC_Submit_Tindak_Lanjut/Page_TindakLanjutKunjunganShowroomDetail/button_Unggah&amp;quot;))</message>
  <nestedLevel>1</nestedLevel>
  <escapedJava>false</escapedJava>
  <property name="startLine">53</property>
  <property name="stepIndex">14</property>
</record>
<record>
  <date>2026-07-21T09:06:54.971889900Z</date>
  <millis>1784624814971</millis>
  <nanos>889900</nanos>
  <sequence>1894</sequence>
  <level>PASSED</level>
  <class>com.kms.katalon.core.logging.XmlKeywordLogger</class>
  <method>logMessage</method>
  <thread>1</thread>
  <message>Object: &amp;apos;Object Repository/Pilar 1/Showroom-Supplier/UAT/CBU/CBU_PIC_Submit_Tindak_Lanjut/Page_TindakLanjutKunjunganShowroomDetail/button_Unggah&amp;apos; is clicked on</message>
  <nestedLevel>1</nestedLevel>
  <escapedJava>false</escapedJava>
  <property name="testops-method-name">com.kms.katalon.core.webui.keyword.internal.WebUIKeywordMain.runKeywordUntilTimeout</property>
  <property name="testops-execution-stacktrace">com.kms.katalon.core.logging.KeywordLogger.logPassed(KeywordLogger.java:348)
com.kms.katalon.core.logging.KeywordLogger.logPassed(KeywordLogger.java:343)
com.kms.katalon.core.webui.keyword.builtin.ClickKeyword$_click_closure1.doCall(ClickKeyword.groovy:66)
java.base/jdk.internal.reflect.DirectMethodHandleAccessor.invoke(DirectMethodHandleAccessor.java:103)
jdk.proxy2/jdk.proxy2.$Proxy55.execute(Unknown Source)
com.kms.katalon.core.webui.model.SeleniumActionRetryController.performAction(SeleniumActionRetryController.java:96)
com.kms.katalon.core.webui.model.SeleniumActionRetryController.performAction(SeleniumActionRetryController.java:83)
com.kms.katalon.core.webui.keyword.internal.WebUIKeywordMain$_runKeywordUntilTimeout_closure1.doCall(WebUIKeywordMain.groovy:135)
com.kms.katalon.core.webui.keyword.internal.WebUIKeywordMain$_runKeywordUntilTimeout_closure1.call(WebUIKeywordMain.groovy)
com.kms.katalon.core.webui.keyword.internal.WebUIKeywordMain.runKeyword(WebUIKeywordMain.groovy:41)
com.kms.katalon.core.webui.keyword.internal.WebUIKeywordMain.runKeywordUntilTimeout(WebUIKeywordMain.groovy:133)
com.kms.katalon.core.webui.keyword.builtin.ClickKeyword.click(ClickKeyword.groovy:72)
com.kms.katalon.core.webui.keyword.builtin.ClickKeyword.execute(ClickKeyword.groovy:38)
com.kms.katalon.core.keyword.internal.KeywordExecutor.executeKeywordForPlatform(KeywordExecutor.groovy:95)
com.kms.katalon.core.webui.keyword.WebUiBuiltInKeywords.click(WebUiBuiltInKeywords.groovy:721)
CBU_PIC_Submit_Tindak_Lanjut.run(CBU_PIC_Submit_Tindak_Lanjut:53)
</property>
</record>
<record>
  <date>2026-07-21T09:06:54.971889900Z</date>
  <millis>1784624814971</millis>
  <nanos>889900</nanos>
  <sequence>1895</sequence>
  <level>END</level>
  <class>com.kms.katalon.core.logging.XmlKeywordLogger</class>
  <method>endKeyword</method>
  <thread>1</thread>
  <message>End action : click(findTestObject(&amp;quot;Pilar 1/Showroom-Supplier/UAT/CBU/CBU_PIC_Submit_Tindak_Lanjut/Page_TindakLanjutKunjunganShowroomDetail/button_Unggah&amp;quot;))</message>
  <nestedLevel>1</nestedLevel>
  <escapedJava>false</escapedJava>
</record>
<record>
  <date>2026-07-21T09:06:54.971889900Z</date>
  <millis>1784624814971</millis>
  <nanos>889900</nanos>
  <sequence>1896</sequence>
  <level>START</level>
  <class>com.kms.katalon.core.logging.XmlKeywordLogger</class>
  <method>startKeyword</method>
  <thread>1</thread>
  <message>Start action : click(findTestObject(&amp;quot;Pilar 1/Showroom-Supplier/UAT/CBU/CBU_PIC_Submit_Tindak_Lanjut/Page_TindakLanjutKunjunganShowroomDetail/span_Browse&amp;quot;))</message>
  <nestedLevel>1</nestedLevel>
  <escapedJava>false</escapedJava>
  <property name="startLine">55</property>
  <property name="stepIndex">15</property>
</record>
<record>
  <date>2026-07-21T09:06:54.977301800Z</date>
  <millis>1784624814977</millis>
  <nanos>301800</nanos>
  <sequence>1897</sequence>
  <level>NOT_RUN</level>
  <class>com.kms.katalon.core.logging.XmlKeywordLogger</class>
  <method>logMessage</method>
  <thread>1</thread>
  <message>NOT_RUN: click(findTestObject(&amp;quot;Pilar 1/Showroom-Supplier/UAT/CBU/CBU_PIC_Submit_Tindak_Lanjut/Page_TindakLanjutKunjunganShowroomDetail/span_Browse&amp;quot;))</message>
  <nestedLevel>1</nestedLevel>
  <escapedJava>false</escapedJava>
</record>
<record>
  <date>2026-07-21T09:06:54.978296200Z</date>
  <millis>1784624814978</millis>
  <nanos>296200</nanos>
  <sequence>1898</sequence>
  <level>END</level>
  <class>com.kms.katalon.core.logging.XmlKeywordLogger</class>
  <method>endKeyword</method>
  <thread>1</thread>
  <message>End action : click(findTestObject(&amp;quot;Pilar 1/Showroom-Supplier/UAT/CBU/CBU_PIC_Submit_Tindak_Lanjut/Page_TindakLanjutKunjunganShowroomDetail/span_Browse&amp;quot;))</message>
  <nestedLevel>1</nestedLevel>
  <escapedJava>false</escapedJava>
</record>
<record>
  <date>2026-07-21T09:06:54.978296200Z</date>
  <millis>1784624814978</millis>
  <nanos>296200</nanos>
  <sequence>1899</sequence>
  <level>START</level>
  <class>com.kms.katalon.core.logging.XmlKeywordLogger</class>
  <method>startKeyword</method>
  <thread>1</thread>
  <message>Start action : delay(7)</message>
  <nestedLevel>1</nestedLevel>
  <escapedJava>false</escapedJava>
  <property name="startLine">57</property>
  <property name="stepIndex">16</property>
</record>
<record>
  <date>2026-07-21T09:07:01.983557Z</date>
  <millis>1784624821983</millis>
  <nanos>557000</nanos>
  <sequence>1902</sequence>
  <level>PASSED</level>
  <class>com.kms.katalon.core.logging.XmlKeywordLogger</class>
  <method>logMessage</method>
  <thread>1</thread>
  <message>Delayed 7 second(s)</message>
  <nestedLevel>1</nestedLevel>
  <escapedJava>false</escapedJava>
  <property name="testops-method-name">com.kms.katalon.core.keyword.builtin.DelayKeyword.delay</property>
  <property name="testops-execution-stacktrace"></property>
</record>
<record>
  <date>2026-07-21T09:07:01.983557Z</date>
  <millis>1784624821983</millis>
  <nanos>557000</nanos>
  <sequence>1903</sequence>
  <level>END</level>
  <class>com.kms.katalon.core.logging.XmlKeywordLogger</class>
  <method>endKeyword</method>
  <thread>1</thread>
  <message>End action : delay(7)</message>
  <nestedLevel>1</nestedLevel>
  <escapedJava>false</escapedJava>
</record>
<record>
  <date>2026-07-21T09:07:01.983557Z</date>
  <millis>1784624821983</millis>
  <nanos>557000</nanos>
  <sequence>1904</sequence>
  <level>START</level>
  <class>com.kms.katalon.core.logging.XmlKeywordLogger</class>
  <method>startKeyword</method>
  <thread>1</thread>
  <message>Start action : uploadFile(findTestObject(&amp;quot;Pilar 1/Showroom-Supplier/UAT/CBU/CBU_PIC_Submit_Tindak_Lanjut/Page_TindakLanjutKunjunganShowroomDetail/span_Browse&amp;quot;), UploadFile)</message>
  <nestedLevel>1</nestedLevel>
  <escapedJava>false</escapedJava>
  <property name="startLine">59</property>
  <property name="stepIndex">17</property>
</record>
<record>
  <date>2026-07-21T09:07:01.983557Z</date>
  <millis>1784624821983</millis>
  <nanos>557000</nanos>
  <sequence>1905</sequence>
  <level>NOT_RUN</level>
  <class>com.kms.katalon.core.logging.XmlKeywordLogger</class>
  <method>logMessage</method>
  <thread>1</thread>
  <message>NOT_RUN: uploadFile(findTestObject(&amp;quot;Pilar 1/Showroom-Supplier/UAT/CBU/CBU_PIC_Submit_Tindak_Lanjut/Page_TindakLanjutKunjunganShowroomDetail/span_Browse&amp;quot;), UploadFile)</message>
  <nestedLevel>1</nestedLevel>
  <escapedJava>false</escapedJava>
</record>
<record>
  <date>2026-07-21T09:07:01.985612200Z</date>
  <millis>1784624821985</millis>
  <nanos>612200</nanos>
  <sequence>1906</sequence>
  <level>END</level>
  <class>com.kms.katalon.core.logging.XmlKeywordLogger</class>
  <method>endKeyword</method>
  <thread>1</thread>
  <message>End action : uploadFile(findTestObject(&amp;quot;Pilar 1/Showroom-Supplier/UAT/CBU/CBU_PIC_Submit_Tindak_Lanjut/Page_TindakLanjutKunjunganShowroomDetail/span_Browse&amp;quot;), UploadFile)</message>
  <nestedLevel>1</nestedLevel>
  <escapedJava>false</escapedJava>
</record>
<record>
  <date>2026-07-21T09:07:01.985612200Z</date>
  <millis>1784624821985</millis>
  <nanos>612200</nanos>
  <sequence>1907</sequence>
  <level>START</level>
  <class>com.kms.katalon.core.logging.XmlKeywordLogger</class>
  <method>startKeyword</method>
  <thread>1</thread>
  <message>Start action : click(findTestObject(&amp;quot;Pilar 1/Showroom-Supplier/UAT/CBU/CBU_PIC_Submit_Tindak_Lanjut/Page_TindakLanjutKunjunganShowroomDetail/button_Upload&amp;quot;))</message>
  <nestedLevel>1</nestedLevel>
  <escapedJava>false</escapedJava>
  <property name="startLine">62</property>
  <property name="stepIndex">18</property>
</record>
<record>
  <date>2026-07-21T09:07:01.985612200Z</date>
  <millis>1784624821985</millis>
  <nanos>612200</nanos>
  <sequence>1908</sequence>
  <level>NOT_RUN</level>
  <class>com.kms.katalon.core.logging.XmlKeywordLogger</class>
  <method>logMessage</method>
  <thread>1</thread>
  <message>NOT_RUN: click(findTestObject(&amp;quot;Pilar 1/Showroom-Supplier/UAT/CBU/CBU_PIC_Submit_Tindak_Lanjut/Page_TindakLanjutKunjunganShowroomDetail/button_Upload&amp;quot;))</message>
  <nestedLevel>1</nestedLevel>
  <escapedJava>false</escapedJava>
</record>
<record>
  <date>2026-07-21T09:07:01.985612200Z</date>
  <millis>1784624821985</millis>
  <nanos>612200</nanos>
  <sequence>1909</sequence>
  <level>END</level>
  <class>com.kms.katalon.core.logging.XmlKeywordLogger</class>
  <method>endKeyword</method>
  <thread>1</thread>
  <message>End action : click(findTestObject(&amp;quot;Pilar 1/Showroom-Supplier/UAT/CBU/CBU_PIC_Submit_Tindak_Lanjut/Page_TindakLanjutKunjunganShowroomDetail/button_Upload&amp;quot;))</message>
  <nestedLevel>1</nestedLevel>
  <escapedJava>false</escapedJava>
</record>
<record>
  <date>2026-07-21T09:07:01.985612200Z</date>
  <millis>1784624821985</millis>
  <nanos>612200</nanos>
  <sequence>1910</sequence>
  <level>START</level>
  <class>com.kms.katalon.core.logging.XmlKeywordLogger</class>
  <method>startKeyword</method>
  <thread>1</thread>
  <message>Start action : click(findTestObject(&amp;quot;Pilar 1/Showroom-Supplier/UAT/CBU/CBU_PIC_Submit_Tindak_Lanjut/Page_TindakLanjutKunjunganShowroomDetail/button_Submit&amp;quot;))</message>
  <nestedLevel>1</nestedLevel>
  <escapedJava>false</escapedJava>
  <property name="startLine">64</property>
  <property name="stepIndex">19</property>
</record>
<record>
  <date>2026-07-21T09:07:06.131890700Z</date>
  <millis>1784624826131</millis>
  <nanos>890700</nanos>
  <sequence>1921</sequence>
  <level>PASSED</level>
  <class>com.kms.katalon.core.logging.XmlKeywordLogger</class>
  <method>logMessage</method>
  <thread>1</thread>
  <message>Object: &amp;apos;Object Repository/Pilar 1/Showroom-Supplier/UAT/CBU/CBU_PIC_Submit_Tindak_Lanjut/Page_TindakLanjutKunjunganShowroomDetail/button_Submit&amp;apos; is clicked on</message>
  <nestedLevel>1</nestedLevel>
  <escapedJava>false</escapedJava>
  <property name="testops-method-name">com.kms.katalon.core.webui.keyword.internal.WebUIKeywordMain.runKeywordUntilTimeout</property>
  <property name="testops-execution-stacktrace">com.kms.katalon.core.logging.KeywordLogger.logPassed(KeywordLogger.java:348)
com.kms.katalon.core.logging.KeywordLogger.logPassed(KeywordLogger.java:343)
com.kms.katalon.core.webui.keyword.builtin.ClickKeyword$_click_closure1.doCall(ClickKeyword.groovy:66)
java.base/jdk.internal.reflect.DirectMethodHandleAccessor.invoke(DirectMethodHandleAccessor.java:103)
jdk.proxy2/jdk.proxy2.$Proxy55.execute(Unknown Source)
com.kms.katalon.core.webui.model.SeleniumActionRetryController.performAction(SeleniumActionRetryController.java:96)
com.kms.katalon.core.webui.model.SeleniumActionRetryController.performAction(SeleniumActionRetryController.java:83)
com.kms.katalon.core.webui.keyword.internal.WebUIKeywordMain$_runKeywordUntilTimeout_closure1.doCall(WebUIKeywordMain.groovy:135)
com.kms.katalon.core.webui.keyword.internal.WebUIKeywordMain$_runKeywordUntilTimeout_closure1.call(WebUIKeywordMain.groovy)
com.kms.katalon.core.webui.keyword.internal.WebUIKeywordMain.runKeyword(WebUIKeywordMain.groovy:41)
com.kms.katalon.core.webui.keyword.internal.WebUIKeywordMain.runKeywordUntilTimeout(WebUIKeywordMain.groovy:133)
com.kms.katalon.core.webui.keyword.builtin.ClickKeyword.click(ClickKeyword.groovy:72)
com.kms.katalon.core.webui.keyword.builtin.ClickKeyword.execute(ClickKeyword.groovy:38)
com.kms.katalon.core.keyword.internal.KeywordExecutor.executeKeywordForPlatform(KeywordExecutor.groovy:95)
com.kms.katalon.core.webui.keyword.WebUiBuiltInKeywords.click(WebUiBuiltInKeywords.groovy:721)
CBU_PIC_Submit_Tindak_Lanjut.run(CBU_PIC_Submit_Tindak_Lanjut:64)
</property>
</record>
<record>
  <date>2026-07-21T09:07:06.134403Z</date>
  <millis>1784624826134</millis>
  <nanos>403000</nanos>
  <sequence>1922</sequence>
  <level>END</level>
  <class>com.kms.katalon.core.logging.XmlKeywordLogger</class>
  <method>endKeyword</method>
  <thread>1</thread>
  <message>End action : click(findTestObject(&amp;quot;Pilar 1/Showroom-Supplier/UAT/CBU/CBU_PIC_Submit_Tindak_Lanjut/Page_TindakLanjutKunjunganShowroomDetail/button_Submit&amp;quot;))</message>
  <nestedLevel>1</nestedLevel>
  <escapedJava>false</escapedJava>
</record>
<record>
  <date>2026-07-21T09:07:06.135413700Z</date>
  <millis>1784624826135</millis>
  <nanos>413700</nanos>
  <sequence>1923</sequence>
  <level>START</level>
  <class>com.kms.katalon.core.logging.XmlKeywordLogger</class>
  <method>startKeyword</method>
  <thread>1</thread>
  <message>Start action : delay(5)</message>
  <nestedLevel>1</nestedLevel>
  <escapedJava>false</escapedJava>
  <property name="startLine">66</property>
  <property name="stepIndex">20</property>
</record>
<record>
  <date>2026-07-21T09:07:11.149464300Z</date>
  <millis>1784624831149</millis>
  <nanos>464300</nanos>
  <sequence>1926</sequence>
  <level>PASSED</level>
  <class>com.kms.katalon.core.logging.XmlKeywordLogger</class>
  <method>logMessage</method>
  <thread>1</thread>
  <message>Delayed 5 second(s)</message>
  <nestedLevel>1</nestedLevel>
  <escapedJava>false</escapedJava>
  <property name="testops-method-name">com.kms.katalon.core.keyword.builtin.DelayKeyword.delay</property>
  <property name="testops-execution-stacktrace"></property>
</record>
<record>
  <date>2026-07-21T09:07:11.149464300Z</date>
  <millis>1784624831149</millis>
  <nanos>464300</nanos>
  <sequence>1927</sequence>
  <level>END</level>
  <class>com.kms.katalon.core.logging.XmlKeywordLogger</class>
  <method>endKeyword</method>
  <thread>1</thread>
  <message>End action : delay(5)</message>
  <nestedLevel>1</nestedLevel>
  <escapedJava>false</escapedJava>
</record>
<record>
  <date>2026-07-21T09:07:11.149464300Z</date>
  <millis>1784624831149</millis>
  <nanos>464300</nanos>
  <sequence>1928</sequence>
  <level>START</level>
  <class>com.kms.katalon.core.logging.XmlKeywordLogger</class>
  <method>startKeyword</method>
  <thread>1</thread>
  <message>Start action : selectOptionByValue(findTestObject(&amp;quot;Pilar 1/Copy Contract/UAT/CBU/PIC-CBU-Submit-Tindak-Lanjut/Page_TindakLanjutCopyContract/select_b3-b2-b1-Dropdown1&amp;quot;), &amp;quot;2&amp;quot;, false)</message>
  <nestedLevel>1</nestedLevel>
  <escapedJava>false</escapedJava>
  <property name="startLine">68</property>
  <property name="stepIndex">21</property>
</record>
<record>
  <date>2026-07-21T09:07:11.726143300Z</date>
  <millis>1784624831726</millis>
  <nanos>143300</nanos>
  <sequence>1940</sequence>
  <level>PASSED</level>
  <class>com.kms.katalon.core.logging.XmlKeywordLogger</class>
  <method>logMessage</method>
  <thread>1</thread>
  <message>All options with value &amp;apos;2&amp;apos; are selected in object &amp;apos;Object Repository/Pilar 1/Copy Contract/UAT/CBU/PIC-CBU-Submit-Tindak-Lanjut/Page_TindakLanjutCopyContract/select_b3-b2-b1-Dropdown1&amp;apos; </message>
  <nestedLevel>1</nestedLevel>
  <escapedJava>false</escapedJava>
  <property name="testops-method-name">com.kms.katalon.core.webui.keyword.internal.WebUIKeywordMain.runKeywordUntilTimeout</property>
  <property name="testops-execution-stacktrace">com.kms.katalon.core.logging.KeywordLogger.logPassed(KeywordLogger.java:348)
com.kms.katalon.core.logging.KeywordLogger.logPassed(KeywordLogger.java:343)
com.kms.katalon.core.webui.keyword.builtin.SelectOptionByValueKeyword$_selectOptionByValue_closure1.doCall(SelectOptionByValueKeyword.groovy:70)
java.base/jdk.internal.reflect.DirectMethodHandleAccessor.invoke(DirectMethodHandleAccessor.java:103)
jdk.proxy2/jdk.proxy2.$Proxy55.execute(Unknown Source)
com.kms.katalon.core.webui.model.SeleniumActionRetryController.performAction(SeleniumActionRetryController.java:96)
com.kms.katalon.core.webui.model.SeleniumActionRetryController.performAction(SeleniumActionRetryController.java:83)
com.kms.katalon.core.webui.keyword.internal.WebUIKeywordMain$_runKeywordUntilTimeout_closure1.doCall(WebUIKeywordMain.groovy:135)
com.kms.katalon.core.webui.keyword.internal.WebUIKeywordMain$_runKeywordUntilTimeout_closure1.call(WebUIKeywordMain.groovy)
com.kms.katalon.core.webui.keyword.internal.WebUIKeywordMain.runKeyword(WebUIKeywordMain.groovy:41)
com.kms.katalon.core.webui.keyword.internal.WebUIKeywordMain.runKeywordUntilTimeout(WebUIKeywordMain.groovy:133)
com.kms.katalon.core.webui.keyword.builtin.SelectOptionByValueKeyword.selectOptionByValue(SelectOptionByValueKeyword.groovy:79)
com.kms.katalon.core.webui.keyword.builtin.SelectOptionByValueKeyword.execute(SelectOptionByValueKeyword.groovy:44)
com.kms.katalon.core.keyword.internal.KeywordExecutor.executeKeywordForPlatform(KeywordExecutor.groovy:95)
com.kms.katalon.core.webui.keyword.WebUiBuiltInKeywords.selectOptionByValue(WebUiBuiltInKeywords.groovy:1269)
CBU_PIC_Submit_Tindak_Lanjut.run(CBU_PIC_Submit_Tindak_Lanjut:68)
</property>
</record>
<record>
  <date>2026-07-21T09:07:11.734760700Z</date>
  <millis>1784624831734</millis>
  <nanos>760700</nanos>
  <sequence>1941</sequence>
  <level>END</level>
  <class>com.kms.katalon.core.logging.XmlKeywordLogger</class>
  <method>endKeyword</method>
  <thread>1</thread>
  <message>End action : selectOptionByValue(findTestObject(&amp;quot;Pilar 1/Copy Contract/UAT/CBU/PIC-CBU-Submit-Tindak-Lanjut/Page_TindakLanjutCopyContract/select_b3-b2-b1-Dropdown1&amp;quot;), &amp;quot;2&amp;quot;, false)</message>
  <nestedLevel>1</nestedLevel>
  <escapedJava>false</escapedJava>
</record>
<record>
  <date>2026-07-21T09:07:11.734760700Z</date>
  <millis>1784624831734</millis>
  <nanos>760700</nanos>
  <sequence>1942</sequence>
  <level>START</level>
  <class>com.kms.katalon.core.logging.XmlKeywordLogger</class>
  <method>startKeyword</method>
  <thread>1</thread>
  <message>Start action : selectOptionByValue(findTestObject(&amp;quot;Pilar 1/Copy Contract/UAT/CBU/PIC-CBU-Submit-Tindak-Lanjut/Page_TindakLanjutCopyContract/select_b3-b2-b1-Dropdown3&amp;quot;), &amp;quot;2&amp;quot;, false)</message>
  <nestedLevel>1</nestedLevel>
  <escapedJava>false</escapedJava>
  <property name="startLine">71</property>
  <property name="stepIndex">22</property>
</record>
<record>
  <date>2026-07-21T09:07:12.270201Z</date>
  <millis>1784624832270</millis>
  <nanos>201000</nanos>
  <sequence>1954</sequence>
  <level>PASSED</level>
  <class>com.kms.katalon.core.logging.XmlKeywordLogger</class>
  <method>logMessage</method>
  <thread>1</thread>
  <message>All options with value &amp;apos;2&amp;apos; are selected in object &amp;apos;Object Repository/Pilar 1/Copy Contract/UAT/CBU/PIC-CBU-Submit-Tindak-Lanjut/Page_TindakLanjutCopyContract/select_b3-b2-b1-Dropdown3&amp;apos; </message>
  <nestedLevel>1</nestedLevel>
  <escapedJava>false</escapedJava>
  <property name="testops-method-name">com.kms.katalon.core.webui.keyword.internal.WebUIKeywordMain.runKeywordUntilTimeout</property>
  <property name="testops-execution-stacktrace">com.kms.katalon.core.logging.KeywordLogger.logPassed(KeywordLogger.java:348)
com.kms.katalon.core.logging.KeywordLogger.logPassed(KeywordLogger.java:343)
com.kms.katalon.core.webui.keyword.builtin.SelectOptionByValueKeyword$_selectOptionByValue_closure1.doCall(SelectOptionByValueKeyword.groovy:70)
java.base/jdk.internal.reflect.DirectMethodHandleAccessor.invoke(DirectMethodHandleAccessor.java:103)
jdk.proxy2/jdk.proxy2.$Proxy55.execute(Unknown Source)
com.kms.katalon.core.webui.model.SeleniumActionRetryController.performAction(SeleniumActionRetryController.java:96)
com.kms.katalon.core.webui.model.SeleniumActionRetryController.performAction(SeleniumActionRetryController.java:83)
com.kms.katalon.core.webui.keyword.internal.WebUIKeywordMain$_runKeywordUntilTimeout_closure1.doCall(WebUIKeywordMain.groovy:135)
com.kms.katalon.core.webui.keyword.internal.WebUIKeywordMain$_runKeywordUntilTimeout_closure1.call(WebUIKeywordMain.groovy)
com.kms.katalon.core.webui.keyword.internal.WebUIKeywordMain.runKeyword(WebUIKeywordMain.groovy:41)
com.kms.katalon.core.webui.keyword.internal.WebUIKeywordMain.runKeywordUntilTimeout(WebUIKeywordMain.groovy:133)
com.kms.katalon.core.webui.keyword.builtin.SelectOptionByValueKeyword.selectOptionByValue(SelectOptionByValueKeyword.groovy:79)
com.kms.katalon.core.webui.keyword.builtin.SelectOptionByValueKeyword.execute(SelectOptionByValueKeyword.groovy:44)
com.kms.katalon.core.keyword.internal.KeywordExecutor.executeKeywordForPlatform(KeywordExecutor.groovy:95)
com.kms.katalon.core.webui.keyword.WebUiBuiltInKeywords.selectOptionByValue(WebUiBuiltInKeywords.groovy:1269)
CBU_PIC_Submit_Tindak_Lanjut.run(CBU_PIC_Submit_Tindak_Lanjut:71)
</property>
</record>
<record>
  <date>2026-07-21T09:07:12.271710500Z</date>
  <millis>1784624832271</millis>
  <nanos>710500</nanos>
  <sequence>1955</sequence>
  <level>END</level>
  <class>com.kms.katalon.core.logging.XmlKeywordLogger</class>
  <method>endKeyword</method>
  <thread>1</thread>
  <message>End action : selectOptionByValue(findTestObject(&amp;quot;Pilar 1/Copy Contract/UAT/CBU/PIC-CBU-Submit-Tindak-Lanjut/Page_TindakLanjutCopyContract/select_b3-b2-b1-Dropdown3&amp;quot;), &amp;quot;2&amp;quot;, false)</message>
  <nestedLevel>1</nestedLevel>
  <escapedJava>false</escapedJava>
</record>
<record>
  <date>2026-07-21T09:07:12.271710500Z</date>
  <millis>1784624832271</millis>
  <nanos>710500</nanos>
  <sequence>1956</sequence>
  <level>START</level>
  <class>com.kms.katalon.core.logging.XmlKeywordLogger</class>
  <method>startKeyword</method>
  <thread>1</thread>
  <message>Start action : click(findTestObject(&amp;quot;Pilar 1/Showroom-Supplier/UAT/CBU/CBU_PIC_Submit_Tindak_Lanjut/Page_TindakLanjutKunjunganShowroom/button_Cari&amp;quot;))</message>
  <nestedLevel>1</nestedLevel>
  <escapedJava>false</escapedJava>
  <property name="startLine">74</property>
  <property name="stepIndex">23</property>
</record>
<record>
  <date>2026-07-21T09:07:12.559778200Z</date>
  <millis>1784624832559</millis>
  <nanos>778200</nanos>
  <sequence>1967</sequence>
  <level>PASSED</level>
  <class>com.kms.katalon.core.logging.XmlKeywordLogger</class>
  <method>logMessage</method>
  <thread>1</thread>
  <message>Object: &amp;apos;Object Repository/Pilar 1/Showroom-Supplier/UAT/CBU/CBU_PIC_Submit_Tindak_Lanjut/Page_TindakLanjutKunjunganShowroom/button_Cari&amp;apos; is clicked on</message>
  <nestedLevel>1</nestedLevel>
  <escapedJava>false</escapedJava>
  <property name="testops-method-name">com.kms.katalon.core.webui.keyword.internal.WebUIKeywordMain.runKeywordUntilTimeout</property>
  <property name="testops-execution-stacktrace">com.kms.katalon.core.logging.KeywordLogger.logPassed(KeywordLogger.java:348)
com.kms.katalon.core.logging.KeywordLogger.logPassed(KeywordLogger.java:343)
com.kms.katalon.core.webui.keyword.builtin.ClickKeyword$_click_closure1.doCall(ClickKeyword.groovy:66)
java.base/jdk.internal.reflect.DirectMethodHandleAccessor.invoke(DirectMethodHandleAccessor.java:103)
jdk.proxy2/jdk.proxy2.$Proxy55.execute(Unknown Source)
com.kms.katalon.core.webui.model.SeleniumActionRetryController.performAction(SeleniumActionRetryController.java:96)
com.kms.katalon.core.webui.model.SeleniumActionRetryController.performAction(SeleniumActionRetryController.java:83)
com.kms.katalon.core.webui.keyword.internal.WebUIKeywordMain$_runKeywordUntilTimeout_closure1.doCall(WebUIKeywordMain.groovy:135)
com.kms.katalon.core.webui.keyword.internal.WebUIKeywordMain$_runKeywordUntilTimeout_closure1.call(WebUIKeywordMain.groovy)
com.kms.katalon.core.webui.keyword.internal.WebUIKeywordMain.runKeyword(WebUIKeywordMain.groovy:41)
com.kms.katalon.core.webui.keyword.internal.WebUIKeywordMain.runKeywordUntilTimeout(WebUIKeywordMain.groovy:133)
com.kms.katalon.core.webui.keyword.builtin.ClickKeyword.click(ClickKeyword.groovy:72)
com.kms.katalon.core.webui.keyword.builtin.ClickKeyword.execute(ClickKeyword.groovy:38)
com.kms.katalon.core.keyword.internal.KeywordExecutor.executeKeywordForPlatform(KeywordExecutor.groovy:95)
com.kms.katalon.core.webui.keyword.WebUiBuiltInKeywords.click(WebUiBuiltInKeywords.groovy:721)
CBU_PIC_Submit_Tindak_Lanjut.run(CBU_PIC_Submit_Tindak_Lanjut:74)
</property>
</record>
<record>
  <date>2026-07-21T09:07:12.559778200Z</date>
  <millis>1784624832559</millis>
  <nanos>778200</nanos>
  <sequence>1968</sequence>
  <level>END</level>
  <class>com.kms.katalon.core.logging.XmlKeywordLogger</class>
  <method>endKeyword</method>
  <thread>1</thread>
  <message>End action : click(findTestObject(&amp;quot;Pilar 1/Showroom-Supplier/UAT/CBU/CBU_PIC_Submit_Tindak_Lanjut/Page_TindakLanjutKunjunganShowroom/button_Cari&amp;quot;))</message>
  <nestedLevel>1</nestedLevel>
  <escapedJava>false</escapedJava>
</record>
<record>
  <date>2026-07-21T09:07:12.559778200Z</date>
  <millis>1784624832559</millis>
  <nanos>778200</nanos>
  <sequence>1969</sequence>
  <level>PASSED</level>
  <class>com.kms.katalon.core.logging.XmlKeywordLogger</class>
  <method>logMessage</method>
  <thread>1</thread>
  <message>Test Cases/Pilar 1/Showroom-Supplier/UAT/CBU/CBU_PIC_Submit_Tindak_Lanjut</message>
  <nestedLevel>1</nestedLevel>
  <escapedJava>false</escapedJava>
</record>
<record>
  <date>2026-07-21T09:07:12.559778200Z</date>
  <millis>1784624832559</millis>
  <nanos>778200</nanos>
  <sequence>1970</sequence>
  <level>END</level>
  <class>com.kms.katalon.core.logging.XmlKeywordLogger</class>
  <method>endTest</method>
  <thread>1</thread>
  <message>End Test Case : Test Cases/Pilar 1/Showroom-Supplier/UAT/CBU/CBU_PIC_Submit_Tindak_Lanjut</message>
  <nestedLevel>0</nestedLevel>
  <escapedJava>false</escapedJava>
  <property name="executionBindingVariables">[
  {
    &quot;value&quot;: &quot;D:\\Ica\\PPU (PT. PILAR PERKASA UTAMA)\\Task QA\\CSUL\\CSUL Pilar 4 Sprint 3\\UAT Pilar 4 CSUL\\Cabang Jakarta 1.xlsx&quot;,
    &quot;isDefault&quot;: true,
    &quot;name&quot;: &quot;UploadFile&quot;,
    &quot;masked&quot;: false
  }
]</property>
  <property name="applitools">false</property>
  <property name="executedKeywords">{
  &quot;WebUI.setEncryptedText&quot;: 1,
  &quot;WebUI.maximizeWindow&quot;: 1,
  &quot;WebUI.waitForElementVisible&quot;: 2,
  &quot;WebUI.click&quot;: 9,
  &quot;WebUI.doubleClick&quot;: 1,
  &quot;WebUI.selectOptionByValue&quot;: 5,
  &quot;BuiltIn.callTestCase&quot;: 1,
  &quot;WebUI.openBrowser&quot;: 1,
  &quot;BuiltIn.delay&quot;: 4,
  &quot;WebUI.setText&quot;: 3
}</property>
  <property name="keywordsUsage">{
  &quot;web_ui&quot;: true,
  &quot;web_service&quot;: false,
  &quot;cucumber&quot;: false,
  &quot;builtin&quot;: true,
  &quot;mobile&quot;: false,
  &quot;windows&quot;: false,
  &quot;testng&quot;: false
}</property>
</record>
<record>
  <date>2026-07-21T09:07:12.572397100Z</date>
  <millis>1784624832572</millis>
  <nanos>397100</nanos>
  <sequence>1971</sequence>
  <level>START</level>
  <class>com.kms.katalon.core.logging.XmlKeywordLogger</class>
  <method>startTest</method>
  <thread>1</thread>
  <message>Start Test Case : Test Cases/Pilar 1/Showroom-Supplier/UAT/CBU/SPV_CBU_Submit_Tindak_Lanjut</message>
  <nestedLevel>1</nestedLevel>
  <escapedJava>false</escapedJava>
  <property name="origin"></property>
  <property name="name">Test Cases/Pilar 1/Showroom-Supplier/UAT/CBU/SPV_CBU_Submit_Tindak_Lanjut</property>
  <property name="description"></property>
  <property name="iteration"></property>
  <property name="id">Test Cases/Pilar 1/Showroom-Supplier/UAT/CBU/SPV_CBU_Submit_Tindak_Lanjut</property>
  <property name="source">C:\Users\Syarifah Risyani\git\Pilar 1\CSUL-Pilar-1\Test Cases\Pilar 1\Showroom-Supplier\UAT\CBU\SPV_CBU_Submit_Tindak_Lanjut.tc</property>
  <property name="tag"></property>
  <property name="isOptional">false</property>
  <property name="uuid">8d4f166e-7de6-4e03-a569-4dd0171a5e86</property>
</record>
<record>
  <date>2026-07-21T09:07:12.593811500Z</date>
  <millis>1784624832593</millis>
  <nanos>811500</nanos>
  <sequence>1973</sequence>
  <level>RUN_DATA</level>
  <class>com.kms.katalon.core.logging.XmlKeywordLogger</class>
  <method>logMessage</method>
  <thread>1</thread>
  <message>executionBindingVariables = []</message>
  <nestedLevel>1</nestedLevel>
  <escapedJava>false</escapedJava>
  <property name="executionBindingVariables">[]</property>
</record>
<record>
  <date>2026-07-21T09:07:12.683145900Z</date>
  <millis>1784624832683</millis>
  <nanos>145900</nanos>
  <sequence>1974</sequence>
  <level>START</level>
  <class>com.kms.katalon.core.logging.XmlKeywordLogger</class>
  <method>startKeyword</method>
  <thread>1</thread>
  <message>Start action : callTestCase(findTestCase(&amp;quot;Pilar 1/Login/UAT/SPV-CBU&amp;quot;), [:], STOP_ON_FAILURE)</message>
  <nestedLevel>1</nestedLevel>
  <escapedJava>false</escapedJava>
  <property name="startLine">20</property>
  <property name="stepIndex">1</property>
</record>
<record>
  <date>2026-07-21T09:07:12.748675100Z</date>
  <millis>1784624832748</millis>
  <nanos>675100</nanos>
  <sequence>1978</sequence>
  <level>START</level>
  <class>com.kms.katalon.core.logging.XmlKeywordLogger</class>
  <method>startTest</method>
  <thread>1</thread>
  <message>Start Test Case : Test Cases/Pilar 1/Login/UAT/SPV-CBU</message>
  <nestedLevel>2</nestedLevel>
  <escapedJava>false</escapedJava>
  <property name="origin"></property>
  <property name="name">Test Cases/Pilar 1/Login/UAT/SPV-CBU</property>
  <property name="description"></property>
  <property name="iteration"></property>
  <property name="id">Test Cases/Pilar 1/Login/UAT/SPV-CBU</property>
  <property name="source">C:\Users\Syarifah Risyani\git\Pilar 1\CSUL-Pilar-1\Test Cases\Pilar 1\Login\UAT\SPV-CBU.tc</property>
  <property name="tag"></property>
  <property name="isOptional">false</property>
</record>
<record>
  <date>2026-07-21T09:07:12.748675100Z</date>
  <millis>1784624832748</millis>
  <nanos>675100</nanos>
  <sequence>1980</sequence>
  <level>RUN_DATA</level>
  <class>com.kms.katalon.core.logging.XmlKeywordLogger</class>
  <method>logMessage</method>
  <thread>1</thread>
  <message>executionBindingVariables = []</message>
  <nestedLevel>2</nestedLevel>
  <escapedJava>false</escapedJava>
  <property name="executionBindingVariables">[]</property>
</record>
<record>
  <date>2026-07-21T09:07:12.748675100Z</date>
  <millis>1784624832748</millis>
  <nanos>675100</nanos>
  <sequence>1981</sequence>
  <level>START</level>
  <class>com.kms.katalon.core.logging.XmlKeywordLogger</class>
  <method>startKeyword</method>
  <thread>1</thread>
  <message>Start action : openBrowser(&amp;quot;https://sakti-test.csulfinance.com/CSULFoundation_Login/Login&amp;quot;)</message>
  <nestedLevel>1</nestedLevel>
  <escapedJava>false</escapedJava>
  <property name="startLine">20</property>
  <property name="stepIndex">1</property>
</record>
<record>
  <date>2026-07-21T09:07:12.748675100Z</date>
  <millis>1784624832748</millis>
  <nanos>675100</nanos>
  <sequence>1984</sequence>
  <level>WARNING</level>
  <class>com.kms.katalon.core.logging.XmlKeywordLogger</class>
  <method>logMessage</method>
  <thread>1</thread>
  <message>A browser is already opened. Closing browser and opening a new one</message>
  <nestedLevel>2</nestedLevel>
  <escapedJava>false</escapedJava>
</record>
<record>
  <date>2026-07-21T09:07:13.127066100Z</date>
  <millis>1784624833127</millis>
  <nanos>66100</nanos>
  <sequence>1985</sequence>
  <level>INFO</level>
  <class>com.kms.katalon.core.logging.XmlKeywordLogger</class>
  <method>logMessage</method>
  <thread>1</thread>
  <message>Starting &amp;apos;Chrome&amp;apos; driver</message>
  <nestedLevel>2</nestedLevel>
  <escapedJava>false</escapedJava>
</record>
<record>
  <date>2026-07-21T09:07:13.131055700Z</date>
  <millis>1784624833131</millis>
  <nanos>55700</nanos>
  <sequence>1986</sequence>
  <level>INFO</level>
  <class>com.kms.katalon.core.logging.XmlKeywordLogger</class>
  <method>logMessage</method>
  <thread>1</thread>
  <message>Action delay is set to 0 milliseconds</message>
  <nestedLevel>2</nestedLevel>
  <escapedJava>false</escapedJava>
</record>
<record>
  <date>2026-07-21T09:07:14.244079200Z</date>
  <millis>1784624834244</millis>
  <nanos>79200</nanos>
  <sequence>1989</sequence>
  <level>RUN_DATA</level>
  <class>com.kms.katalon.core.logging.XmlKeywordLogger</class>
  <method>logMessage</method>
  <thread>1</thread>
  <message>sessionId = debd00bcb0bba1028d52cb7f9915870c</message>
  <nestedLevel>2</nestedLevel>
  <escapedJava>false</escapedJava>
  <property name="sessionId">debd00bcb0bba1028d52cb7f9915870c</property>
</record>
<record>
  <date>2026-07-21T09:07:14.244079200Z</date>
  <millis>1784624834244</millis>
  <nanos>79200</nanos>
  <sequence>1990</sequence>
  <level>RUN_DATA</level>
  <class>com.kms.katalon.core.logging.XmlKeywordLogger</class>
  <method>logMessage</method>
  <thread>1</thread>
  <message>browser = Chrome 150.0.7871.128</message>
  <nestedLevel>2</nestedLevel>
  <escapedJava>false</escapedJava>
  <property name="browser">Chrome 150.0.7871.128</property>
</record>
<record>
  <date>2026-07-21T09:07:14.246321500Z</date>
  <millis>1784624834246</millis>
  <nanos>321500</nanos>
  <sequence>1991</sequence>
  <level>RUN_DATA</level>
  <class>com.kms.katalon.core.logging.XmlKeywordLogger</class>
  <method>logMessage</method>
  <thread>1</thread>
  <message>platform = Windows 11</message>
  <nestedLevel>2</nestedLevel>
  <escapedJava>false</escapedJava>
  <property name="platform">Windows 11</property>
</record>
<record>
  <date>2026-07-21T09:07:14.247324300Z</date>
  <millis>1784624834247</millis>
  <nanos>324300</nanos>
  <sequence>1992</sequence>
  <level>RUN_DATA</level>
  <class>com.kms.katalon.core.logging.XmlKeywordLogger</class>
  <method>logMessage</method>
  <thread>1</thread>
  <message>seleniumVersion = 4.39.0</message>
  <nestedLevel>2</nestedLevel>
  <escapedJava>false</escapedJava>
  <property name="seleniumVersion">4.39.0</property>
</record>
<record>
  <date>2026-07-21T09:07:14.249313800Z</date>
  <millis>1784624834249</millis>
  <nanos>313800</nanos>
  <sequence>1993</sequence>
  <level>RUN_DATA</level>
  <class>com.kms.katalon.core.logging.XmlKeywordLogger</class>
  <method>logMessage</method>
  <thread>1</thread>
  <message>proxyInformation = ProxyInformation { proxyOption=NO_PROXY, proxyServerType=HTTP, username=, password=********, proxyServerAddress=, proxyServerPort=0, executionList=&amp;quot;&amp;quot;, isApplyToDesiredCapabilities=true }</message>
  <nestedLevel>2</nestedLevel>
  <escapedJava>false</escapedJava>
  <property name="proxyInformation">ProxyInformation { proxyOption=NO_PROXY, proxyServerType=HTTP, username=, password=********, proxyServerAddress=, proxyServerPort=0, executionList=&quot;&quot;, isApplyToDesiredCapabilities=true }</property>
</record>
<record>
  <date>2026-07-21T09:07:14.857336Z</date>
  <millis>1784624834857</millis>
  <nanos>336000</nanos>
  <sequence>1995</sequence>
  <level>PASSED</level>
  <class>com.kms.katalon.core.logging.XmlKeywordLogger</class>
  <method>logMessage</method>
  <thread>1</thread>
  <message>Browser is opened with url: &amp;apos;https://sakti-test.csulfinance.com/CSULFoundation_Login/Login&amp;apos;</message>
  <nestedLevel>2</nestedLevel>
  <escapedJava>false</escapedJava>
  <property name="testops-method-name">com.kms.katalon.core.webui.keyword.builtin.OpenBrowserKeyword.openBrowser</property>
  <property name="testops-execution-stacktrace"></property>
</record>
<record>
  <date>2026-07-21T09:07:14.859331Z</date>
  <millis>1784624834859</millis>
  <nanos>331000</nanos>
  <sequence>1996</sequence>
  <level>END</level>
  <class>com.kms.katalon.core.logging.XmlKeywordLogger</class>
  <method>endKeyword</method>
  <thread>1</thread>
  <message>End action : openBrowser(&amp;quot;https://sakti-test.csulfinance.com/CSULFoundation_Login/Login&amp;quot;)</message>
  <nestedLevel>1</nestedLevel>
  <escapedJava>false</escapedJava>
</record>
<record>
  <date>2026-07-21T09:07:14.859331Z</date>
  <millis>1784624834859</millis>
  <nanos>331000</nanos>
  <sequence>1997</sequence>
  <level>START</level>
  <class>com.kms.katalon.core.logging.XmlKeywordLogger</class>
  <method>startKeyword</method>
  <thread>1</thread>
  <message>Start action : maximizeWindow()</message>
  <nestedLevel>1</nestedLevel>
  <escapedJava>false</escapedJava>
  <property name="startLine">22</property>
  <property name="stepIndex">2</property>
</record>
<record>
  <date>2026-07-21T09:07:14.956710100Z</date>
  <millis>1784624834956</millis>
  <nanos>710100</nanos>
  <sequence>2000</sequence>
  <level>PASSED</level>
  <class>com.kms.katalon.core.logging.XmlKeywordLogger</class>
  <method>logMessage</method>
  <thread>1</thread>
  <message>Current window maximized</message>
  <nestedLevel>2</nestedLevel>
  <escapedJava>false</escapedJava>
  <property name="testops-method-name">com.kms.katalon.core.webui.keyword.builtin.MaximizeWindowKeyword.maximizeWindow</property>
  <property name="testops-execution-stacktrace"></property>
</record>
<record>
  <date>2026-07-21T09:07:14.958714800Z</date>
  <millis>1784624834958</millis>
  <nanos>714800</nanos>
  <sequence>2001</sequence>
  <level>END</level>
  <class>com.kms.katalon.core.logging.XmlKeywordLogger</class>
  <method>endKeyword</method>
  <thread>1</thread>
  <message>End action : maximizeWindow()</message>
  <nestedLevel>1</nestedLevel>
  <escapedJava>false</escapedJava>
</record>
<record>
  <date>2026-07-21T09:07:14.958714800Z</date>
  <millis>1784624834958</millis>
  <nanos>714800</nanos>
  <sequence>2002</sequence>
  <level>START</level>
  <class>com.kms.katalon.core.logging.XmlKeywordLogger</class>
  <method>startKeyword</method>
  <thread>1</thread>
  <message>Start action : waitForElementVisible(findTestObject(&amp;quot;Pilar 1/Login/UAT/Page_Login/input_Username&amp;quot;), 10)</message>
  <nestedLevel>1</nestedLevel>
  <escapedJava>false</escapedJava>
  <property name="startLine">24</property>
  <property name="stepIndex">3</property>
</record>
<record>
  <date>2026-07-21T09:07:17.865240Z</date>
  <millis>1784624837865</millis>
  <nanos>240000</nanos>
  <sequence>2009</sequence>
  <level>PASSED</level>
  <class>com.kms.katalon.core.logging.XmlKeywordLogger</class>
  <method>logMessage</method>
  <thread>1</thread>
  <message>Object &amp;apos;Object Repository/Pilar 1/Login/UAT/Page_Login/input_Username&amp;apos; is visible</message>
  <nestedLevel>2</nestedLevel>
  <escapedJava>false</escapedJava>
  <property name="testops-method-name">com.kms.katalon.core.webui.keyword.internal.WebUIKeywordMain.runKeywordUntilTimeout</property>
  <property name="testops-execution-stacktrace">com.kms.katalon.core.logging.KeywordLogger.logPassed(KeywordLogger.java:348)
com.kms.katalon.core.logging.KeywordLogger.logPassed(KeywordLogger.java:343)
com.kms.katalon.core.logging.KeywordLogger$logPassed$0.call(Unknown Source)
com.kms.katalon.core.webui.keyword.builtin.WaitForElementVisibleKeyword$_waitForElementVisible_closure1.doCall(WaitForElementVisibleKeyword.groovy:86)
java.base/jdk.internal.reflect.DirectMethodHandleAccessor.invoke(DirectMethodHandleAccessor.java:103)
jdk.proxy2/jdk.proxy2.$Proxy55.execute(Unknown Source)
com.kms.katalon.core.webui.model.SeleniumActionRetryController.performAction(SeleniumActionRetryController.java:96)
com.kms.katalon.core.webui.model.SeleniumActionRetryController.performAction(SeleniumActionRetryController.java:83)
com.kms.katalon.core.webui.keyword.internal.WebUIKeywordMain$_runKeywordUntilTimeout_closure2.doCall(WebUIKeywordMain.groovy:155)
com.kms.katalon.core.webui.keyword.internal.WebUIKeywordMain$_runKeywordUntilTimeout_closure2.call(WebUIKeywordMain.groovy)
com.kms.katalon.core.webui.keyword.internal.WebUIKeywordMain.runKeyword(WebUIKeywordMain.groovy:41)
com.kms.katalon.core.webui.keyword.internal.WebUIKeywordMain.runKeywordUntilTimeout(WebUIKeywordMain.groovy:152)
com.kms.katalon.core.webui.keyword.internal.WebUIKeywordMain$runKeywordUntilTimeout.call(Unknown Source)
com.kms.katalon.core.webui.keyword.builtin.WaitForElementVisibleKeyword.waitForElementVisible(WaitForElementVisibleKeyword.groovy:101)
com.kms.katalon.core.webui.keyword.builtin.WaitForElementVisibleKeyword.execute(WaitForElementVisibleKeyword.groovy:69)
com.kms.katalon.core.keyword.internal.KeywordExecutor.executeKeywordForPlatform(KeywordExecutor.groovy:95)
com.kms.katalon.core.webui.keyword.WebUiBuiltInKeywords.waitForElementVisible(WebUiBuiltInKeywords.groovy:514)
SPV-CBU.run(SPV-CBU:24)
</property>
</record>
<record>
  <date>2026-07-21T09:07:17.865240Z</date>
  <millis>1784624837865</millis>
  <nanos>240000</nanos>
  <sequence>2010</sequence>
  <level>END</level>
  <class>com.kms.katalon.core.logging.XmlKeywordLogger</class>
  <method>endKeyword</method>
  <thread>1</thread>
  <message>End action : waitForElementVisible(findTestObject(&amp;quot;Pilar 1/Login/UAT/Page_Login/input_Username&amp;quot;), 10)</message>
  <nestedLevel>1</nestedLevel>
  <escapedJava>false</escapedJava>
</record>
<record>
  <date>2026-07-21T09:07:17.865240Z</date>
  <millis>1784624837865</millis>
  <nanos>240000</nanos>
  <sequence>2011</sequence>
  <level>START</level>
  <class>com.kms.katalon.core.logging.XmlKeywordLogger</class>
  <method>startKeyword</method>
  <thread>1</thread>
  <message>Start action : setText(findTestObject(&amp;quot;Pilar 1/Login/UAT/Page_Login/input_Username&amp;quot;), &amp;quot;adhy.surnanto&amp;quot;)</message>
  <nestedLevel>1</nestedLevel>
  <escapedJava>false</escapedJava>
  <property name="startLine">26</property>
  <property name="stepIndex">4</property>
</record>
<record>
  <date>2026-07-21T09:07:18.810893300Z</date>
  <millis>1784624838810</millis>
  <nanos>893300</nanos>
  <sequence>2025</sequence>
  <level>PASSED</level>
  <class>com.kms.katalon.core.logging.XmlKeywordLogger</class>
  <method>logMessage</method>
  <thread>1</thread>
  <message>Text &amp;apos;adhy.surnanto&amp;apos; is set on object &amp;apos;Object Repository/Pilar 1/Login/UAT/Page_Login/input_Username&amp;apos;</message>
  <nestedLevel>2</nestedLevel>
  <escapedJava>false</escapedJava>
  <property name="testops-method-name">com.kms.katalon.core.webui.keyword.internal.WebUIKeywordMain.runKeywordUntilTimeout</property>
  <property name="testops-execution-stacktrace">com.kms.katalon.core.logging.KeywordLogger.logPassed(KeywordLogger.java:348)
com.kms.katalon.core.logging.KeywordLogger.logPassed(KeywordLogger.java:343)
com.kms.katalon.core.webui.keyword.builtin.SetTextKeyword$_setText_closure1.doCall(SetTextKeyword.groovy:99)
java.base/jdk.internal.reflect.DirectMethodHandleAccessor.invoke(DirectMethodHandleAccessor.java:103)
jdk.proxy2/jdk.proxy2.$Proxy55.execute(Unknown Source)
com.kms.katalon.core.webui.model.SeleniumActionRetryController.performAction(SeleniumActionRetryController.java:96)
com.kms.katalon.core.webui.model.SeleniumActionRetryController.performAction(SeleniumActionRetryController.java:83)
com.kms.katalon.core.webui.keyword.internal.WebUIKeywordMain$_runKeywordUntilTimeout_closure1.doCall(WebUIKeywordMain.groovy:135)
com.kms.katalon.core.webui.keyword.internal.WebUIKeywordMain$_runKeywordUntilTimeout_closure1.call(WebUIKeywordMain.groovy)
com.kms.katalon.core.webui.keyword.internal.WebUIKeywordMain.runKeyword(WebUIKeywordMain.groovy:41)
com.kms.katalon.core.webui.keyword.internal.WebUIKeywordMain.runKeywordUntilTimeout(WebUIKeywordMain.groovy:133)
com.kms.katalon.core.webui.keyword.builtin.SetTextKeyword.setText(SetTextKeyword.groovy:106)
com.kms.katalon.core.webui.keyword.builtin.SetTextKeyword.execute(SetTextKeyword.groovy:49)
com.kms.katalon.core.keyword.internal.KeywordExecutor.executeKeywordForPlatform(KeywordExecutor.groovy:95)
com.kms.katalon.core.webui.keyword.WebUiBuiltInKeywords.setText(WebUiBuiltInKeywords.groovy:1081)
SPV-CBU.run(SPV-CBU:26)
</property>
</record>
<record>
  <date>2026-07-21T09:07:18.810893300Z</date>
  <millis>1784624838810</millis>
  <nanos>893300</nanos>
  <sequence>2026</sequence>
  <level>END</level>
  <class>com.kms.katalon.core.logging.XmlKeywordLogger</class>
  <method>endKeyword</method>
  <thread>1</thread>
  <message>End action : setText(findTestObject(&amp;quot;Pilar 1/Login/UAT/Page_Login/input_Username&amp;quot;), &amp;quot;adhy.surnanto&amp;quot;)</message>
  <nestedLevel>1</nestedLevel>
  <escapedJava>false</escapedJava>
</record>
<record>
  <date>2026-07-21T09:07:18.810893300Z</date>
  <millis>1784624838810</millis>
  <nanos>893300</nanos>
  <sequence>2027</sequence>
  <level>START</level>
  <class>com.kms.katalon.core.logging.XmlKeywordLogger</class>
  <method>startKeyword</method>
  <thread>1</thread>
  <message>Start action : setEncryptedText(findTestObject(&amp;quot;Pilar 1/Login/UAT/Page_Login/input_Password&amp;quot;), &amp;quot;DKZg8gTnVzw=&amp;quot;)</message>
  <nestedLevel>1</nestedLevel>
  <escapedJava>false</escapedJava>
  <property name="startLine">28</property>
  <property name="stepIndex">5</property>
</record>
<record>
  <date>2026-07-21T09:07:19.400798500Z</date>
  <millis>1784624839400</millis>
  <nanos>798500</nanos>
  <sequence>2040</sequence>
  <level>PASSED</level>
  <class>com.kms.katalon.core.logging.XmlKeywordLogger</class>
  <method>logMessage</method>
  <thread>1</thread>
  <message>Text ****** has been set on object &amp;apos;Object Repository/Pilar 1/Login/UAT/Page_Login/input_Password&amp;apos;</message>
  <nestedLevel>2</nestedLevel>
  <escapedJava>false</escapedJava>
  <property name="testops-method-name">com.kms.katalon.core.webui.keyword.internal.WebUIKeywordMain.runKeywordUntilTimeout</property>
  <property name="testops-execution-stacktrace">com.kms.katalon.core.logging.KeywordLogger.logPassed(KeywordLogger.java:348)
com.kms.katalon.core.logging.KeywordLogger.logPassed(KeywordLogger.java:343)
com.kms.katalon.core.webui.keyword.builtin.SetEncryptedTextKeyword$_setEncryptedText_closure1.doCall(SetEncryptedTextKeyword.groovy:82)
java.base/jdk.internal.reflect.DirectMethodHandleAccessor.invoke(DirectMethodHandleAccessor.java:103)
jdk.proxy2/jdk.proxy2.$Proxy55.execute(Unknown Source)
com.kms.katalon.core.webui.model.SeleniumActionRetryController.performAction(SeleniumActionRetryController.java:96)
com.kms.katalon.core.webui.model.SeleniumActionRetryController.performAction(SeleniumActionRetryController.java:83)
com.kms.katalon.core.webui.keyword.internal.WebUIKeywordMain$_runKeywordUntilTimeout_closure1.doCall(WebUIKeywordMain.groovy:135)
com.kms.katalon.core.webui.keyword.internal.WebUIKeywordMain$_runKeywordUntilTimeout_closure1.call(WebUIKeywordMain.groovy)
com.kms.katalon.core.webui.keyword.internal.WebUIKeywordMain.runKeyword(WebUIKeywordMain.groovy:41)
com.kms.katalon.core.webui.keyword.internal.WebUIKeywordMain.runKeywordUntilTimeout(WebUIKeywordMain.groovy:133)
com.kms.katalon.core.webui.keyword.builtin.SetEncryptedTextKeyword.setEncryptedText(SetEncryptedTextKeyword.groovy:88)
com.kms.katalon.core.webui.keyword.builtin.SetEncryptedTextKeyword.execute(SetEncryptedTextKeyword.groovy:48)
com.kms.katalon.core.keyword.internal.KeywordExecutor.executeKeywordForPlatform(KeywordExecutor.groovy:95)
com.kms.katalon.core.webui.keyword.WebUiBuiltInKeywords.setEncryptedText(WebUiBuiltInKeywords.groovy:1112)
SPV-CBU.run(SPV-CBU:28)
</property>
</record>
<record>
  <date>2026-07-21T09:07:19.400798500Z</date>
  <millis>1784624839400</millis>
  <nanos>798500</nanos>
  <sequence>2041</sequence>
  <level>END</level>
  <class>com.kms.katalon.core.logging.XmlKeywordLogger</class>
  <method>endKeyword</method>
  <thread>1</thread>
  <message>End action : setEncryptedText(findTestObject(&amp;quot;Pilar 1/Login/UAT/Page_Login/input_Password&amp;quot;), &amp;quot;DKZg8gTnVzw=&amp;quot;)</message>
  <nestedLevel>1</nestedLevel>
  <escapedJava>false</escapedJava>
</record>
<record>
  <date>2026-07-21T09:07:19.400798500Z</date>
  <millis>1784624839400</millis>
  <nanos>798500</nanos>
  <sequence>2042</sequence>
  <level>START</level>
  <class>com.kms.katalon.core.logging.XmlKeywordLogger</class>
  <method>startKeyword</method>
  <thread>1</thread>
  <message>Start action : delay(20)</message>
  <nestedLevel>1</nestedLevel>
  <escapedJava>false</escapedJava>
  <property name="startLine">30</property>
  <property name="stepIndex">6</property>
</record>
<record>
  <date>2026-07-21T09:07:39.419131700Z</date>
  <millis>1784624859419</millis>
  <nanos>131700</nanos>
  <sequence>2045</sequence>
  <level>PASSED</level>
  <class>com.kms.katalon.core.logging.XmlKeywordLogger</class>
  <method>logMessage</method>
  <thread>1</thread>
  <message>Delayed 20 second(s)</message>
  <nestedLevel>2</nestedLevel>
  <escapedJava>false</escapedJava>
  <property name="testops-method-name">com.kms.katalon.core.keyword.builtin.DelayKeyword.delay</property>
  <property name="testops-execution-stacktrace"></property>
</record>
<record>
  <date>2026-07-21T09:07:39.419131700Z</date>
  <millis>1784624859419</millis>
  <nanos>131700</nanos>
  <sequence>2046</sequence>
  <level>END</level>
  <class>com.kms.katalon.core.logging.XmlKeywordLogger</class>
  <method>endKeyword</method>
  <thread>1</thread>
  <message>End action : delay(20)</message>
  <nestedLevel>1</nestedLevel>
  <escapedJava>false</escapedJava>
</record>
<record>
  <date>2026-07-21T09:07:39.419131700Z</date>
  <millis>1784624859419</millis>
  <nanos>131700</nanos>
  <sequence>2047</sequence>
  <level>START</level>
  <class>com.kms.katalon.core.logging.XmlKeywordLogger</class>
  <method>startKeyword</method>
  <thread>1</thread>
  <message>Start action : click(findTestObject(&amp;quot;Pilar 1/Login/UAT/Page_Login/button_Login&amp;quot;))</message>
  <nestedLevel>1</nestedLevel>
  <escapedJava>false</escapedJava>
  <property name="startLine">32</property>
  <property name="stepIndex">7</property>
</record>
<record>
  <date>2026-07-21T09:07:39.747666800Z</date>
  <millis>1784624859747</millis>
  <nanos>666800</nanos>
  <sequence>2058</sequence>
  <level>PASSED</level>
  <class>com.kms.katalon.core.logging.XmlKeywordLogger</class>
  <method>logMessage</method>
  <thread>1</thread>
  <message>Object: &amp;apos;Object Repository/Pilar 1/Login/UAT/Page_Login/button_Login&amp;apos; is clicked on</message>
  <nestedLevel>2</nestedLevel>
  <escapedJava>false</escapedJava>
  <property name="testops-method-name">com.kms.katalon.core.webui.keyword.internal.WebUIKeywordMain.runKeywordUntilTimeout</property>
  <property name="testops-execution-stacktrace">com.kms.katalon.core.logging.KeywordLogger.logPassed(KeywordLogger.java:348)
com.kms.katalon.core.logging.KeywordLogger.logPassed(KeywordLogger.java:343)
com.kms.katalon.core.webui.keyword.builtin.ClickKeyword$_click_closure1.doCall(ClickKeyword.groovy:66)
java.base/jdk.internal.reflect.DirectMethodHandleAccessor.invoke(DirectMethodHandleAccessor.java:103)
jdk.proxy2/jdk.proxy2.$Proxy55.execute(Unknown Source)
com.kms.katalon.core.webui.model.SeleniumActionRetryController.performAction(SeleniumActionRetryController.java:96)
com.kms.katalon.core.webui.model.SeleniumActionRetryController.performAction(SeleniumActionRetryController.java:83)
com.kms.katalon.core.webui.keyword.internal.WebUIKeywordMain$_runKeywordUntilTimeout_closure1.doCall(WebUIKeywordMain.groovy:135)
com.kms.katalon.core.webui.keyword.internal.WebUIKeywordMain$_runKeywordUntilTimeout_closure1.call(WebUIKeywordMain.groovy)
com.kms.katalon.core.webui.keyword.internal.WebUIKeywordMain.runKeyword(WebUIKeywordMain.groovy:41)
com.kms.katalon.core.webui.keyword.internal.WebUIKeywordMain.runKeywordUntilTimeout(WebUIKeywordMain.groovy:133)
com.kms.katalon.core.webui.keyword.builtin.ClickKeyword.click(ClickKeyword.groovy:72)
com.kms.katalon.core.webui.keyword.builtin.ClickKeyword.execute(ClickKeyword.groovy:38)
com.kms.katalon.core.keyword.internal.KeywordExecutor.executeKeywordForPlatform(KeywordExecutor.groovy:95)
com.kms.katalon.core.webui.keyword.WebUiBuiltInKeywords.click(WebUiBuiltInKeywords.groovy:721)
SPV-CBU.run(SPV-CBU:32)
</property>
</record>
<record>
  <date>2026-07-21T09:07:39.747666800Z</date>
  <millis>1784624859747</millis>
  <nanos>666800</nanos>
  <sequence>2059</sequence>
  <level>END</level>
  <class>com.kms.katalon.core.logging.XmlKeywordLogger</class>
  <method>endKeyword</method>
  <thread>1</thread>
  <message>End action : click(findTestObject(&amp;quot;Pilar 1/Login/UAT/Page_Login/button_Login&amp;quot;))</message>
  <nestedLevel>1</nestedLevel>
  <escapedJava>false</escapedJava>
</record>
<record>
  <date>2026-07-21T09:07:39.747666800Z</date>
  <millis>1784624859747</millis>
  <nanos>666800</nanos>
  <sequence>2060</sequence>
  <level>START</level>
  <class>com.kms.katalon.core.logging.XmlKeywordLogger</class>
  <method>startKeyword</method>
  <thread>1</thread>
  <message>Start action : delay(5)</message>
  <nestedLevel>1</nestedLevel>
  <escapedJava>false</escapedJava>
  <property name="startLine">34</property>
  <property name="stepIndex">8</property>
</record>
<record>
  <date>2026-07-21T09:07:44.754256600Z</date>
  <millis>1784624864754</millis>
  <nanos>256600</nanos>
  <sequence>2063</sequence>
  <level>PASSED</level>
  <class>com.kms.katalon.core.logging.XmlKeywordLogger</class>
  <method>logMessage</method>
  <thread>1</thread>
  <message>Delayed 5 second(s)</message>
  <nestedLevel>2</nestedLevel>
  <escapedJava>false</escapedJava>
  <property name="testops-method-name">com.kms.katalon.core.keyword.builtin.DelayKeyword.delay</property>
  <property name="testops-execution-stacktrace"></property>
</record>
<record>
  <date>2026-07-21T09:07:44.754256600Z</date>
  <millis>1784624864754</millis>
  <nanos>256600</nanos>
  <sequence>2064</sequence>
  <level>END</level>
  <class>com.kms.katalon.core.logging.XmlKeywordLogger</class>
  <method>endKeyword</method>
  <thread>1</thread>
  <message>End action : delay(5)</message>
  <nestedLevel>1</nestedLevel>
  <escapedJava>false</escapedJava>
</record>
<record>
  <date>2026-07-21T09:07:44.754256600Z</date>
  <millis>1784624864754</millis>
  <nanos>256600</nanos>
  <sequence>2065</sequence>
  <level>START</level>
  <class>com.kms.katalon.core.logging.XmlKeywordLogger</class>
  <method>startKeyword</method>
  <thread>1</thread>
  <message>Start action : waitForElementVisible(findTestObject(&amp;quot;Pilar 1/Login/UAT/Page_Login/Page_ApplicationsCatalog/span_Risk Control Unit Application&amp;quot;), 10)</message>
  <nestedLevel>1</nestedLevel>
  <escapedJava>false</escapedJava>
  <property name="startLine">36</property>
  <property name="stepIndex">9</property>
</record>
<record>
  <date>2026-07-21T09:07:46.800598800Z</date>
  <millis>1784624866800</millis>
  <nanos>598800</nanos>
  <sequence>2072</sequence>
  <level>PASSED</level>
  <class>com.kms.katalon.core.logging.XmlKeywordLogger</class>
  <method>logMessage</method>
  <thread>1</thread>
  <message>Object &amp;apos;Object Repository/Pilar 1/Login/UAT/Page_Login/Page_ApplicationsCatalog/span_Risk Control Unit Application&amp;apos; is visible</message>
  <nestedLevel>2</nestedLevel>
  <escapedJava>false</escapedJava>
  <property name="testops-method-name">com.kms.katalon.core.webui.keyword.internal.WebUIKeywordMain.runKeywordUntilTimeout</property>
  <property name="testops-execution-stacktrace">com.kms.katalon.core.logging.KeywordLogger.logPassed(KeywordLogger.java:348)
com.kms.katalon.core.logging.KeywordLogger.logPassed(KeywordLogger.java:343)
com.kms.katalon.core.logging.KeywordLogger$logPassed$0.call(Unknown Source)
com.kms.katalon.core.webui.keyword.builtin.WaitForElementVisibleKeyword$_waitForElementVisible_closure1.doCall(WaitForElementVisibleKeyword.groovy:86)
java.base/jdk.internal.reflect.DirectMethodHandleAccessor.invoke(DirectMethodHandleAccessor.java:103)
jdk.proxy2/jdk.proxy2.$Proxy55.execute(Unknown Source)
com.kms.katalon.core.webui.model.SeleniumActionRetryController.performAction(SeleniumActionRetryController.java:96)
com.kms.katalon.core.webui.model.SeleniumActionRetryController.performAction(SeleniumActionRetryController.java:83)
com.kms.katalon.core.webui.keyword.internal.WebUIKeywordMain$_runKeywordUntilTimeout_closure2.doCall(WebUIKeywordMain.groovy:155)
com.kms.katalon.core.webui.keyword.internal.WebUIKeywordMain$_runKeywordUntilTimeout_closure2.call(WebUIKeywordMain.groovy)
com.kms.katalon.core.webui.keyword.internal.WebUIKeywordMain.runKeyword(WebUIKeywordMain.groovy:41)
com.kms.katalon.core.webui.keyword.internal.WebUIKeywordMain.runKeywordUntilTimeout(WebUIKeywordMain.groovy:152)
com.kms.katalon.core.webui.keyword.internal.WebUIKeywordMain$runKeywordUntilTimeout.call(Unknown Source)
com.kms.katalon.core.webui.keyword.builtin.WaitForElementVisibleKeyword.waitForElementVisible(WaitForElementVisibleKeyword.groovy:101)
com.kms.katalon.core.webui.keyword.builtin.WaitForElementVisibleKeyword.execute(WaitForElementVisibleKeyword.groovy:69)
com.kms.katalon.core.keyword.internal.KeywordExecutor.executeKeywordForPlatform(KeywordExecutor.groovy:95)
com.kms.katalon.core.webui.keyword.WebUiBuiltInKeywords.waitForElementVisible(WebUiBuiltInKeywords.groovy:514)
SPV-CBU.run(SPV-CBU:36)
</property>
</record>
<record>
  <date>2026-07-21T09:07:46.800598800Z</date>
  <millis>1784624866800</millis>
  <nanos>598800</nanos>
  <sequence>2073</sequence>
  <level>END</level>
  <class>com.kms.katalon.core.logging.XmlKeywordLogger</class>
  <method>endKeyword</method>
  <thread>1</thread>
  <message>End action : waitForElementVisible(findTestObject(&amp;quot;Pilar 1/Login/UAT/Page_Login/Page_ApplicationsCatalog/span_Risk Control Unit Application&amp;quot;), 10)</message>
  <nestedLevel>1</nestedLevel>
  <escapedJava>false</escapedJava>
</record>
<record>
  <date>2026-07-21T09:07:46.800598800Z</date>
  <millis>1784624866800</millis>
  <nanos>598800</nanos>
  <sequence>2074</sequence>
  <level>START</level>
  <class>com.kms.katalon.core.logging.XmlKeywordLogger</class>
  <method>startKeyword</method>
  <thread>1</thread>
  <message>Start action : doubleClick(findTestObject(&amp;quot;Pilar 1/Login/UAT/Page_Login/Page_ApplicationsCatalog/span_Risk Control Unit Application&amp;quot;))</message>
  <nestedLevel>1</nestedLevel>
  <escapedJava>false</escapedJava>
  <property name="startLine">39</property>
  <property name="stepIndex">10</property>
</record>
<record>
  <date>2026-07-21T09:07:47.181802300Z</date>
  <millis>1784624867181</millis>
  <nanos>802300</nanos>
  <sequence>2085</sequence>
  <level>PASSED</level>
  <class>com.kms.katalon.core.logging.XmlKeywordLogger</class>
  <method>logMessage</method>
  <thread>1</thread>
  <message>Object: &amp;apos;Object Repository/Pilar 1/Login/UAT/Page_Login/Page_ApplicationsCatalog/span_Risk Control Unit Application&amp;apos; is double clicked on</message>
  <nestedLevel>2</nestedLevel>
  <escapedJava>false</escapedJava>
  <property name="testops-method-name">com.kms.katalon.core.webui.keyword.internal.WebUIKeywordMain.runKeywordUntilTimeout</property>
  <property name="testops-execution-stacktrace">com.kms.katalon.core.logging.KeywordLogger.logPassed(KeywordLogger.java:348)
com.kms.katalon.core.logging.KeywordLogger.logPassed(KeywordLogger.java:343)
com.kms.katalon.core.webui.keyword.builtin.DoubleClickKeyword$_doubleClick_closure1.doCall(DoubleClickKeyword.groovy:89)
java.base/jdk.internal.reflect.DirectMethodHandleAccessor.invoke(DirectMethodHandleAccessor.java:103)
jdk.proxy2/jdk.proxy2.$Proxy55.execute(Unknown Source)
com.kms.katalon.core.webui.model.SeleniumActionRetryController.performAction(SeleniumActionRetryController.java:96)
com.kms.katalon.core.webui.model.SeleniumActionRetryController.performAction(SeleniumActionRetryController.java:83)
com.kms.katalon.core.webui.keyword.internal.WebUIKeywordMain$_runKeywordUntilTimeout_closure1.doCall(WebUIKeywordMain.groovy:135)
com.kms.katalon.core.webui.keyword.internal.WebUIKeywordMain$_runKeywordUntilTimeout_closure1.call(WebUIKeywordMain.groovy)
com.kms.katalon.core.webui.keyword.internal.WebUIKeywordMain.runKeyword(WebUIKeywordMain.groovy:41)
com.kms.katalon.core.webui.keyword.internal.WebUIKeywordMain.runKeywordUntilTimeout(WebUIKeywordMain.groovy:133)
com.kms.katalon.core.webui.keyword.builtin.DoubleClickKeyword.doubleClick(DoubleClickKeyword.groovy:95)
com.kms.katalon.core.webui.keyword.builtin.DoubleClickKeyword.execute(DoubleClickKeyword.groovy:67)
com.kms.katalon.core.keyword.internal.KeywordExecutor.executeKeywordForPlatform(KeywordExecutor.groovy:95)
com.kms.katalon.core.webui.keyword.WebUiBuiltInKeywords.doubleClick(WebUiBuiltInKeywords.groovy:828)
SPV-CBU.run(SPV-CBU:39)
</property>
</record>
<record>
  <date>2026-07-21T09:07:47.181802300Z</date>
  <millis>1784624867181</millis>
  <nanos>802300</nanos>
  <sequence>2086</sequence>
  <level>END</level>
  <class>com.kms.katalon.core.logging.XmlKeywordLogger</class>
  <method>endKeyword</method>
  <thread>1</thread>
  <message>End action : doubleClick(findTestObject(&amp;quot;Pilar 1/Login/UAT/Page_Login/Page_ApplicationsCatalog/span_Risk Control Unit Application&amp;quot;))</message>
  <nestedLevel>1</nestedLevel>
  <escapedJava>false</escapedJava>
</record>
<record>
  <date>2026-07-21T09:07:47.181802300Z</date>
  <millis>1784624867181</millis>
  <nanos>802300</nanos>
  <sequence>2087</sequence>
  <level>PASSED</level>
  <class>com.kms.katalon.core.logging.XmlKeywordLogger</class>
  <method>logMessage</method>
  <thread>1</thread>
  <message>Test Cases/Pilar 1/Login/UAT/SPV-CBU</message>
  <nestedLevel>2</nestedLevel>
  <escapedJava>false</escapedJava>
</record>
<record>
  <date>2026-07-21T09:07:47.181802300Z</date>
  <millis>1784624867181</millis>
  <nanos>802300</nanos>
  <sequence>2088</sequence>
  <level>END</level>
  <class>com.kms.katalon.core.logging.XmlKeywordLogger</class>
  <method>endTest</method>
  <thread>1</thread>
  <message>End Test Case : Test Cases/Pilar 1/Login/UAT/SPV-CBU</message>
  <nestedLevel>1</nestedLevel>
  <escapedJava>false</escapedJava>
</record>
<record>
  <date>2026-07-21T09:07:47.182819100Z</date>
  <millis>1784624867182</millis>
  <nanos>819100</nanos>
  <sequence>2089</sequence>
  <level>PASSED</level>
  <class>com.kms.katalon.core.logging.XmlKeywordLogger</class>
  <method>logMessage</method>
  <thread>1</thread>
  <message>Call Test Case &amp;apos;Test Cases/Pilar 1/Login/UAT/SPV-CBU&amp;apos; successfully</message>
  <nestedLevel>1</nestedLevel>
  <escapedJava>false</escapedJava>
  <property name="testops-method-name">com.kms.katalon.core.keyword.builtin.CallTestCaseKeyword.callTestCase</property>
  <property name="testops-execution-stacktrace"></property>
</record>
<record>
  <date>2026-07-21T09:07:47.185810700Z</date>
  <millis>1784624867185</millis>
  <nanos>810700</nanos>
  <sequence>2090</sequence>
  <level>END</level>
  <class>com.kms.katalon.core.logging.XmlKeywordLogger</class>
  <method>endKeyword</method>
  <thread>1</thread>
  <message>End action : callTestCase(findTestCase(&amp;quot;Pilar 1/Login/UAT/SPV-CBU&amp;quot;), [:], STOP_ON_FAILURE)</message>
  <nestedLevel>1</nestedLevel>
  <escapedJava>false</escapedJava>
</record>
<record>
  <date>2026-07-21T09:07:47.185810700Z</date>
  <millis>1784624867185</millis>
  <nanos>810700</nanos>
  <sequence>2091</sequence>
  <level>START</level>
  <class>com.kms.katalon.core.logging.XmlKeywordLogger</class>
  <method>startKeyword</method>
  <thread>1</thread>
  <message>Start action : click(findTestObject(&amp;quot;Pilar 1/Showroom-Supplier/UAT/CBU/SPV_CBU_Assign_PIC/Page_Dashboard/div_b2-l1-17_10-b3-SubMenuHeader&amp;quot;))</message>
  <nestedLevel>1</nestedLevel>
  <escapedJava>false</escapedJava>
  <property name="startLine">22</property>
  <property name="stepIndex">2</property>
</record>
<record>
  <date>2026-07-21T09:07:51.387269400Z</date>
  <millis>1784624871387</millis>
  <nanos>269400</nanos>
  <sequence>2102</sequence>
  <level>PASSED</level>
  <class>com.kms.katalon.core.logging.XmlKeywordLogger</class>
  <method>logMessage</method>
  <thread>1</thread>
  <message>Object: &amp;apos;Object Repository/Pilar 1/Showroom-Supplier/UAT/CBU/SPV_CBU_Assign_PIC/Page_Dashboard/div_b2-l1-17_10-b3-SubMenuHeader&amp;apos; is clicked on</message>
  <nestedLevel>1</nestedLevel>
  <escapedJava>false</escapedJava>
  <property name="testops-method-name">com.kms.katalon.core.webui.keyword.internal.WebUIKeywordMain.runKeywordUntilTimeout</property>
  <property name="testops-execution-stacktrace">com.kms.katalon.core.logging.KeywordLogger.logPassed(KeywordLogger.java:348)
com.kms.katalon.core.logging.KeywordLogger.logPassed(KeywordLogger.java:343)
com.kms.katalon.core.webui.keyword.builtin.ClickKeyword$_click_closure1.doCall(ClickKeyword.groovy:66)
java.base/jdk.internal.reflect.DirectMethodHandleAccessor.invoke(DirectMethodHandleAccessor.java:103)
jdk.proxy2/jdk.proxy2.$Proxy55.execute(Unknown Source)
com.kms.katalon.core.webui.model.SeleniumActionRetryController.performAction(SeleniumActionRetryController.java:96)
com.kms.katalon.core.webui.model.SeleniumActionRetryController.performAction(SeleniumActionRetryController.java:83)
com.kms.katalon.core.webui.keyword.internal.WebUIKeywordMain$_runKeywordUntilTimeout_closure1.doCall(WebUIKeywordMain.groovy:135)
com.kms.katalon.core.webui.keyword.internal.WebUIKeywordMain$_runKeywordUntilTimeout_closure1.call(WebUIKeywordMain.groovy)
com.kms.katalon.core.webui.keyword.internal.WebUIKeywordMain.runKeyword(WebUIKeywordMain.groovy:41)
com.kms.katalon.core.webui.keyword.internal.WebUIKeywordMain.runKeywordUntilTimeout(WebUIKeywordMain.groovy:133)
com.kms.katalon.core.webui.keyword.builtin.ClickKeyword.click(ClickKeyword.groovy:72)
com.kms.katalon.core.webui.keyword.builtin.ClickKeyword.execute(ClickKeyword.groovy:38)
com.kms.katalon.core.keyword.internal.KeywordExecutor.executeKeywordForPlatform(KeywordExecutor.groovy:95)
com.kms.katalon.core.webui.keyword.WebUiBuiltInKeywords.click(WebUiBuiltInKeywords.groovy:721)
SPV_CBU_Submit_Tindak_Lanjut.run(SPV_CBU_Submit_Tindak_Lanjut:22)
</property>
</record>
<record>
  <date>2026-07-21T09:07:51.388316300Z</date>
  <millis>1784624871388</millis>
  <nanos>316300</nanos>
  <sequence>2103</sequence>
  <level>END</level>
  <class>com.kms.katalon.core.logging.XmlKeywordLogger</class>
  <method>endKeyword</method>
  <thread>1</thread>
  <message>End action : click(findTestObject(&amp;quot;Pilar 1/Showroom-Supplier/UAT/CBU/SPV_CBU_Assign_PIC/Page_Dashboard/div_b2-l1-17_10-b3-SubMenuHeader&amp;quot;))</message>
  <nestedLevel>1</nestedLevel>
  <escapedJava>false</escapedJava>
</record>
<record>
  <date>2026-07-21T09:07:51.388316300Z</date>
  <millis>1784624871388</millis>
  <nanos>316300</nanos>
  <sequence>2104</sequence>
  <level>START</level>
  <class>com.kms.katalon.core.logging.XmlKeywordLogger</class>
  <method>startKeyword</method>
  <thread>1</thread>
  <message>Start action : click(findTestObject(&amp;quot;Pilar 1/Showroom-Supplier/UAT/CBU/SPV_CBU_Assign_PIC/Page_Dashboard/div_b2-l1-17_10-b4-l1-44_4-b1-SubMenuHeader&amp;quot;))</message>
  <nestedLevel>1</nestedLevel>
  <escapedJava>false</escapedJava>
  <property name="startLine">24</property>
  <property name="stepIndex">3</property>
</record>
<record>
  <date>2026-07-21T09:07:51.937009100Z</date>
  <millis>1784624871937</millis>
  <nanos>9100</nanos>
  <sequence>2115</sequence>
  <level>PASSED</level>
  <class>com.kms.katalon.core.logging.XmlKeywordLogger</class>
  <method>logMessage</method>
  <thread>1</thread>
  <message>Object: &amp;apos;Object Repository/Pilar 1/Showroom-Supplier/UAT/CBU/SPV_CBU_Assign_PIC/Page_Dashboard/div_b2-l1-17_10-b4-l1-44_4-b1-SubMenuHeader&amp;apos; is clicked on</message>
  <nestedLevel>1</nestedLevel>
  <escapedJava>false</escapedJava>
  <property name="testops-method-name">com.kms.katalon.core.webui.keyword.internal.WebUIKeywordMain.runKeywordUntilTimeout</property>
  <property name="testops-execution-stacktrace">com.kms.katalon.core.logging.KeywordLogger.logPassed(KeywordLogger.java:348)
com.kms.katalon.core.logging.KeywordLogger.logPassed(KeywordLogger.java:343)
com.kms.katalon.core.webui.keyword.builtin.ClickKeyword$_click_closure1.doCall(ClickKeyword.groovy:66)
java.base/jdk.internal.reflect.DirectMethodHandleAccessor.invoke(DirectMethodHandleAccessor.java:103)
jdk.proxy2/jdk.proxy2.$Proxy55.execute(Unknown Source)
com.kms.katalon.core.webui.model.SeleniumActionRetryController.performAction(SeleniumActionRetryController.java:96)
com.kms.katalon.core.webui.model.SeleniumActionRetryController.performAction(SeleniumActionRetryController.java:83)
com.kms.katalon.core.webui.keyword.internal.WebUIKeywordMain$_runKeywordUntilTimeout_closure1.doCall(WebUIKeywordMain.groovy:135)
com.kms.katalon.core.webui.keyword.internal.WebUIKeywordMain$_runKeywordUntilTimeout_closure1.call(WebUIKeywordMain.groovy)
com.kms.katalon.core.webui.keyword.internal.WebUIKeywordMain.runKeyword(WebUIKeywordMain.groovy:41)
com.kms.katalon.core.webui.keyword.internal.WebUIKeywordMain.runKeywordUntilTimeout(WebUIKeywordMain.groovy:133)
com.kms.katalon.core.webui.keyword.builtin.ClickKeyword.click(ClickKeyword.groovy:72)
com.kms.katalon.core.webui.keyword.builtin.ClickKeyword.execute(ClickKeyword.groovy:38)
com.kms.katalon.core.keyword.internal.KeywordExecutor.executeKeywordForPlatform(KeywordExecutor.groovy:95)
com.kms.katalon.core.webui.keyword.WebUiBuiltInKeywords.click(WebUiBuiltInKeywords.groovy:721)
SPV_CBU_Submit_Tindak_Lanjut.run(SPV_CBU_Submit_Tindak_Lanjut:24)
</property>
</record>
<record>
  <date>2026-07-21T09:07:51.937009100Z</date>
  <millis>1784624871937</millis>
  <nanos>9100</nanos>
  <sequence>2116</sequence>
  <level>END</level>
  <class>com.kms.katalon.core.logging.XmlKeywordLogger</class>
  <method>endKeyword</method>
  <thread>1</thread>
  <message>End action : click(findTestObject(&amp;quot;Pilar 1/Showroom-Supplier/UAT/CBU/SPV_CBU_Assign_PIC/Page_Dashboard/div_b2-l1-17_10-b4-l1-44_4-b1-SubMenuHeader&amp;quot;))</message>
  <nestedLevel>1</nestedLevel>
  <escapedJava>false</escapedJava>
</record>
<record>
  <date>2026-07-21T09:07:51.938013500Z</date>
  <millis>1784624871938</millis>
  <nanos>13500</nanos>
  <sequence>2117</sequence>
  <level>START</level>
  <class>com.kms.katalon.core.logging.XmlKeywordLogger</class>
  <method>startKeyword</method>
  <thread>1</thread>
  <message>Start action : click(findTestObject(&amp;quot;Pilar 1/Showroom-Supplier/UAT/CBU/SPV_CBU_Assign_PIC/Page_Dashboard/a_Showroom_Supplier&amp;quot;))</message>
  <nestedLevel>1</nestedLevel>
  <escapedJava>false</escapedJava>
  <property name="startLine">26</property>
  <property name="stepIndex">4</property>
</record>
<record>
  <date>2026-07-21T09:07:52.304560Z</date>
  <millis>1784624872304</millis>
  <nanos>560000</nanos>
  <sequence>2128</sequence>
  <level>PASSED</level>
  <class>com.kms.katalon.core.logging.XmlKeywordLogger</class>
  <method>logMessage</method>
  <thread>1</thread>
  <message>Object: &amp;apos;Object Repository/Pilar 1/Showroom-Supplier/UAT/CBU/SPV_CBU_Assign_PIC/Page_Dashboard/a_Showroom_Supplier&amp;apos; is clicked on</message>
  <nestedLevel>1</nestedLevel>
  <escapedJava>false</escapedJava>
  <property name="testops-method-name">com.kms.katalon.core.webui.keyword.internal.WebUIKeywordMain.runKeywordUntilTimeout</property>
  <property name="testops-execution-stacktrace">com.kms.katalon.core.logging.KeywordLogger.logPassed(KeywordLogger.java:348)
com.kms.katalon.core.logging.KeywordLogger.logPassed(KeywordLogger.java:343)
com.kms.katalon.core.webui.keyword.builtin.ClickKeyword$_click_closure1.doCall(ClickKeyword.groovy:66)
java.base/jdk.internal.reflect.DirectMethodHandleAccessor.invoke(DirectMethodHandleAccessor.java:103)
jdk.proxy2/jdk.proxy2.$Proxy55.execute(Unknown Source)
com.kms.katalon.core.webui.model.SeleniumActionRetryController.performAction(SeleniumActionRetryController.java:96)
com.kms.katalon.core.webui.model.SeleniumActionRetryController.performAction(SeleniumActionRetryController.java:83)
com.kms.katalon.core.webui.keyword.internal.WebUIKeywordMain$_runKeywordUntilTimeout_closure1.doCall(WebUIKeywordMain.groovy:135)
com.kms.katalon.core.webui.keyword.internal.WebUIKeywordMain$_runKeywordUntilTimeout_closure1.call(WebUIKeywordMain.groovy)
com.kms.katalon.core.webui.keyword.internal.WebUIKeywordMain.runKeyword(WebUIKeywordMain.groovy:41)
com.kms.katalon.core.webui.keyword.internal.WebUIKeywordMain.runKeywordUntilTimeout(WebUIKeywordMain.groovy:133)
com.kms.katalon.core.webui.keyword.builtin.ClickKeyword.click(ClickKeyword.groovy:72)
com.kms.katalon.core.webui.keyword.builtin.ClickKeyword.execute(ClickKeyword.groovy:38)
com.kms.katalon.core.keyword.internal.KeywordExecutor.executeKeywordForPlatform(KeywordExecutor.groovy:95)
com.kms.katalon.core.webui.keyword.WebUiBuiltInKeywords.click(WebUiBuiltInKeywords.groovy:721)
SPV_CBU_Submit_Tindak_Lanjut.run(SPV_CBU_Submit_Tindak_Lanjut:26)
</property>
</record>
<record>
  <date>2026-07-21T09:07:52.306140Z</date>
  <millis>1784624872306</millis>
  <nanos>140000</nanos>
  <sequence>2129</sequence>
  <level>END</level>
  <class>com.kms.katalon.core.logging.XmlKeywordLogger</class>
  <method>endKeyword</method>
  <thread>1</thread>
  <message>End action : click(findTestObject(&amp;quot;Pilar 1/Showroom-Supplier/UAT/CBU/SPV_CBU_Assign_PIC/Page_Dashboard/a_Showroom_Supplier&amp;quot;))</message>
  <nestedLevel>1</nestedLevel>
  <escapedJava>false</escapedJava>
</record>
<record>
  <date>2026-07-21T09:07:52.308144400Z</date>
  <millis>1784624872308</millis>
  <nanos>144400</nanos>
  <sequence>2130</sequence>
  <level>START</level>
  <class>com.kms.katalon.core.logging.XmlKeywordLogger</class>
  <method>startKeyword</method>
  <thread>1</thread>
  <message>Start action : setText(findTestObject(&amp;quot;Pilar 1/Showroom-Supplier/UAT/CBU/SPV_CBU_Assign_PIC/Page_TindakLanjutKunjunganShowroom/input_StartDate&amp;quot;), &amp;quot;21-07-2026&amp;quot;)</message>
  <nestedLevel>1</nestedLevel>
  <escapedJava>false</escapedJava>
  <property name="startLine">28</property>
  <property name="stepIndex">5</property>
</record>
<record>
  <date>2026-07-21T09:07:59.607593400Z</date>
  <millis>1784624879607</millis>
  <nanos>593400</nanos>
  <sequence>2144</sequence>
  <level>PASSED</level>
  <class>com.kms.katalon.core.logging.XmlKeywordLogger</class>
  <method>logMessage</method>
  <thread>1</thread>
  <message>Text &amp;apos;21-07-2026&amp;apos; is set on object &amp;apos;Object Repository/Pilar 1/Showroom-Supplier/UAT/CBU/SPV_CBU_Assign_PIC/Page_TindakLanjutKunjunganShowroom/input_StartDate&amp;apos;</message>
  <nestedLevel>1</nestedLevel>
  <escapedJava>false</escapedJava>
  <property name="testops-method-name">com.kms.katalon.core.webui.keyword.internal.WebUIKeywordMain.runKeywordUntilTimeout</property>
  <property name="testops-execution-stacktrace">com.kms.katalon.core.logging.KeywordLogger.logPassed(KeywordLogger.java:348)
com.kms.katalon.core.logging.KeywordLogger.logPassed(KeywordLogger.java:343)
com.kms.katalon.core.webui.keyword.builtin.SetTextKeyword$_setText_closure1.doCall(SetTextKeyword.groovy:99)
java.base/jdk.internal.reflect.DirectMethodHandleAccessor.invoke(DirectMethodHandleAccessor.java:103)
jdk.proxy2/jdk.proxy2.$Proxy55.execute(Unknown Source)
com.kms.katalon.core.webui.model.SeleniumActionRetryController.performAction(SeleniumActionRetryController.java:96)
com.kms.katalon.core.webui.model.SeleniumActionRetryController.performAction(SeleniumActionRetryController.java:83)
com.kms.katalon.core.webui.keyword.internal.WebUIKeywordMain$_runKeywordUntilTimeout_closure1.doCall(WebUIKeywordMain.groovy:135)
com.kms.katalon.core.webui.keyword.internal.WebUIKeywordMain$_runKeywordUntilTimeout_closure1.call(WebUIKeywordMain.groovy)
com.kms.katalon.core.webui.keyword.internal.WebUIKeywordMain.runKeyword(WebUIKeywordMain.groovy:41)
com.kms.katalon.core.webui.keyword.internal.WebUIKeywordMain.runKeywordUntilTimeout(WebUIKeywordMain.groovy:133)
com.kms.katalon.core.webui.keyword.builtin.SetTextKeyword.setText(SetTextKeyword.groovy:106)
com.kms.katalon.core.webui.keyword.builtin.SetTextKeyword.execute(SetTextKeyword.groovy:49)
com.kms.katalon.core.keyword.internal.KeywordExecutor.executeKeywordForPlatform(KeywordExecutor.groovy:95)
com.kms.katalon.core.webui.keyword.WebUiBuiltInKeywords.setText(WebUiBuiltInKeywords.groovy:1081)
SPV_CBU_Submit_Tindak_Lanjut.run(SPV_CBU_Submit_Tindak_Lanjut:28)
</property>
</record>
<record>
  <date>2026-07-21T09:07:59.607593400Z</date>
  <millis>1784624879607</millis>
  <nanos>593400</nanos>
  <sequence>2145</sequence>
  <level>END</level>
  <class>com.kms.katalon.core.logging.XmlKeywordLogger</class>
  <method>endKeyword</method>
  <thread>1</thread>
  <message>End action : setText(findTestObject(&amp;quot;Pilar 1/Showroom-Supplier/UAT/CBU/SPV_CBU_Assign_PIC/Page_TindakLanjutKunjunganShowroom/input_StartDate&amp;quot;), &amp;quot;21-07-2026&amp;quot;)</message>
  <nestedLevel>1</nestedLevel>
  <escapedJava>false</escapedJava>
</record>
<record>
  <date>2026-07-21T09:07:59.607593400Z</date>
  <millis>1784624879607</millis>
  <nanos>593400</nanos>
  <sequence>2146</sequence>
  <level>START</level>
  <class>com.kms.katalon.core.logging.XmlKeywordLogger</class>
  <method>startKeyword</method>
  <thread>1</thread>
  <message>Start action : setText(findTestObject(&amp;quot;Pilar 1/Showroom-Supplier/UAT/CBU/SPV_CBU_Assign_PIC/Page_TindakLanjutKunjunganShowroom/input_EndDate&amp;quot;), &amp;quot;21-07-2026&amp;quot;)</message>
  <nestedLevel>1</nestedLevel>
  <escapedJava>false</escapedJava>
  <property name="startLine">31</property>
  <property name="stepIndex">6</property>
</record>
<record>
  <date>2026-07-21T09:08:00.228322500Z</date>
  <millis>1784624880228</millis>
  <nanos>322500</nanos>
  <sequence>2160</sequence>
  <level>PASSED</level>
  <class>com.kms.katalon.core.logging.XmlKeywordLogger</class>
  <method>logMessage</method>
  <thread>1</thread>
  <message>Text &amp;apos;21-07-2026&amp;apos; is set on object &amp;apos;Object Repository/Pilar 1/Showroom-Supplier/UAT/CBU/SPV_CBU_Assign_PIC/Page_TindakLanjutKunjunganShowroom/input_EndDate&amp;apos;</message>
  <nestedLevel>1</nestedLevel>
  <escapedJava>false</escapedJava>
  <property name="testops-method-name">com.kms.katalon.core.webui.keyword.internal.WebUIKeywordMain.runKeywordUntilTimeout</property>
  <property name="testops-execution-stacktrace">com.kms.katalon.core.logging.KeywordLogger.logPassed(KeywordLogger.java:348)
com.kms.katalon.core.logging.KeywordLogger.logPassed(KeywordLogger.java:343)
com.kms.katalon.core.webui.keyword.builtin.SetTextKeyword$_setText_closure1.doCall(SetTextKeyword.groovy:99)
java.base/jdk.internal.reflect.DirectMethodHandleAccessor.invoke(DirectMethodHandleAccessor.java:103)
jdk.proxy2/jdk.proxy2.$Proxy55.execute(Unknown Source)
com.kms.katalon.core.webui.model.SeleniumActionRetryController.performAction(SeleniumActionRetryController.java:96)
com.kms.katalon.core.webui.model.SeleniumActionRetryController.performAction(SeleniumActionRetryController.java:83)
com.kms.katalon.core.webui.keyword.internal.WebUIKeywordMain$_runKeywordUntilTimeout_closure1.doCall(WebUIKeywordMain.groovy:135)
com.kms.katalon.core.webui.keyword.internal.WebUIKeywordMain$_runKeywordUntilTimeout_closure1.call(WebUIKeywordMain.groovy)
com.kms.katalon.core.webui.keyword.internal.WebUIKeywordMain.runKeyword(WebUIKeywordMain.groovy:41)
com.kms.katalon.core.webui.keyword.internal.WebUIKeywordMain.runKeywordUntilTimeout(WebUIKeywordMain.groovy:133)
com.kms.katalon.core.webui.keyword.builtin.SetTextKeyword.setText(SetTextKeyword.groovy:106)
com.kms.katalon.core.webui.keyword.builtin.SetTextKeyword.execute(SetTextKeyword.groovy:49)
com.kms.katalon.core.keyword.internal.KeywordExecutor.executeKeywordForPlatform(KeywordExecutor.groovy:95)
com.kms.katalon.core.webui.keyword.WebUiBuiltInKeywords.setText(WebUiBuiltInKeywords.groovy:1081)
SPV_CBU_Submit_Tindak_Lanjut.run(SPV_CBU_Submit_Tindak_Lanjut:31)
</property>
</record>
<record>
  <date>2026-07-21T09:08:00.228322500Z</date>
  <millis>1784624880228</millis>
  <nanos>322500</nanos>
  <sequence>2161</sequence>
  <level>END</level>
  <class>com.kms.katalon.core.logging.XmlKeywordLogger</class>
  <method>endKeyword</method>
  <thread>1</thread>
  <message>End action : setText(findTestObject(&amp;quot;Pilar 1/Showroom-Supplier/UAT/CBU/SPV_CBU_Assign_PIC/Page_TindakLanjutKunjunganShowroom/input_EndDate&amp;quot;), &amp;quot;21-07-2026&amp;quot;)</message>
  <nestedLevel>1</nestedLevel>
  <escapedJava>false</escapedJava>
</record>
<record>
  <date>2026-07-21T09:08:00.228322500Z</date>
  <millis>1784624880228</millis>
  <nanos>322500</nanos>
  <sequence>2162</sequence>
  <level>START</level>
  <class>com.kms.katalon.core.logging.XmlKeywordLogger</class>
  <method>startKeyword</method>
  <thread>1</thread>
  <message>Start action : selectOptionByValue(findTestObject(&amp;quot;Pilar 1/Showroom-Supplier/UAT/CBU/SPV_CBU_Assign_PIC/Page_TindakLanjutKunjunganShowroom/select_DropdownCabang&amp;quot;), &amp;quot;2&amp;quot;, false)</message>
  <nestedLevel>1</nestedLevel>
  <escapedJava>false</escapedJava>
  <property name="startLine">34</property>
  <property name="stepIndex">7</property>
</record>
<record>
  <date>2026-07-21T09:08:00.769027100Z</date>
  <millis>1784624880769</millis>
  <nanos>27100</nanos>
  <sequence>2174</sequence>
  <level>PASSED</level>
  <class>com.kms.katalon.core.logging.XmlKeywordLogger</class>
  <method>logMessage</method>
  <thread>1</thread>
  <message>All options with value &amp;apos;2&amp;apos; are selected in object &amp;apos;Object Repository/Pilar 1/Showroom-Supplier/UAT/CBU/SPV_CBU_Assign_PIC/Page_TindakLanjutKunjunganShowroom/select_DropdownCabang&amp;apos; </message>
  <nestedLevel>1</nestedLevel>
  <escapedJava>false</escapedJava>
  <property name="testops-method-name">com.kms.katalon.core.webui.keyword.internal.WebUIKeywordMain.runKeywordUntilTimeout</property>
  <property name="testops-execution-stacktrace">com.kms.katalon.core.logging.KeywordLogger.logPassed(KeywordLogger.java:348)
com.kms.katalon.core.logging.KeywordLogger.logPassed(KeywordLogger.java:343)
com.kms.katalon.core.webui.keyword.builtin.SelectOptionByValueKeyword$_selectOptionByValue_closure1.doCall(SelectOptionByValueKeyword.groovy:70)
java.base/jdk.internal.reflect.DirectMethodHandleAccessor.invoke(DirectMethodHandleAccessor.java:103)
jdk.proxy2/jdk.proxy2.$Proxy55.execute(Unknown Source)
com.kms.katalon.core.webui.model.SeleniumActionRetryController.performAction(SeleniumActionRetryController.java:96)
com.kms.katalon.core.webui.model.SeleniumActionRetryController.performAction(SeleniumActionRetryController.java:83)
com.kms.katalon.core.webui.keyword.internal.WebUIKeywordMain$_runKeywordUntilTimeout_closure1.doCall(WebUIKeywordMain.groovy:135)
com.kms.katalon.core.webui.keyword.internal.WebUIKeywordMain$_runKeywordUntilTimeout_closure1.call(WebUIKeywordMain.groovy)
com.kms.katalon.core.webui.keyword.internal.WebUIKeywordMain.runKeyword(WebUIKeywordMain.groovy:41)
com.kms.katalon.core.webui.keyword.internal.WebUIKeywordMain.runKeywordUntilTimeout(WebUIKeywordMain.groovy:133)
com.kms.katalon.core.webui.keyword.builtin.SelectOptionByValueKeyword.selectOptionByValue(SelectOptionByValueKeyword.groovy:79)
com.kms.katalon.core.webui.keyword.builtin.SelectOptionByValueKeyword.execute(SelectOptionByValueKeyword.groovy:44)
com.kms.katalon.core.keyword.internal.KeywordExecutor.executeKeywordForPlatform(KeywordExecutor.groovy:95)
com.kms.katalon.core.webui.keyword.WebUiBuiltInKeywords.selectOptionByValue(WebUiBuiltInKeywords.groovy:1269)
SPV_CBU_Submit_Tindak_Lanjut.run(SPV_CBU_Submit_Tindak_Lanjut:34)
</property>
</record>
<record>
  <date>2026-07-21T09:08:00.769027100Z</date>
  <millis>1784624880769</millis>
  <nanos>27100</nanos>
  <sequence>2175</sequence>
  <level>END</level>
  <class>com.kms.katalon.core.logging.XmlKeywordLogger</class>
  <method>endKeyword</method>
  <thread>1</thread>
  <message>End action : selectOptionByValue(findTestObject(&amp;quot;Pilar 1/Showroom-Supplier/UAT/CBU/SPV_CBU_Assign_PIC/Page_TindakLanjutKunjunganShowroom/select_DropdownCabang&amp;quot;), &amp;quot;2&amp;quot;, false)</message>
  <nestedLevel>1</nestedLevel>
  <escapedJava>false</escapedJava>
</record>
<record>
  <date>2026-07-21T09:08:00.769027100Z</date>
  <millis>1784624880769</millis>
  <nanos>27100</nanos>
  <sequence>2176</sequence>
  <level>START</level>
  <class>com.kms.katalon.core.logging.XmlKeywordLogger</class>
  <method>startKeyword</method>
  <thread>1</thread>
  <message>Start action : selectOptionByValue(findTestObject(&amp;quot;Pilar 1/Showroom-Supplier/UAT/CBU/SPV-CBU-Persetujuan/Page_ApprovalKunjunganShowroom/select_Select Status&amp;quot;), &amp;quot;2&amp;quot;, false)</message>
  <nestedLevel>1</nestedLevel>
  <escapedJava>false</escapedJava>
  <property name="startLine">37</property>
  <property name="stepIndex">8</property>
</record>
<record>
  <date>2026-07-21T09:08:00.769027100Z</date>
  <millis>1784624880769</millis>
  <nanos>27100</nanos>
  <sequence>2177</sequence>
  <level>NOT_RUN</level>
  <class>com.kms.katalon.core.logging.XmlKeywordLogger</class>
  <method>logMessage</method>
  <thread>1</thread>
  <message>NOT_RUN: selectOptionByValue(findTestObject(&amp;quot;Pilar 1/Showroom-Supplier/UAT/CBU/SPV-CBU-Persetujuan/Page_ApprovalKunjunganShowroom/select_Select Status&amp;quot;), &amp;quot;2&amp;quot;, false)</message>
  <nestedLevel>1</nestedLevel>
  <escapedJava>false</escapedJava>
</record>
<record>
  <date>2026-07-21T09:08:00.769027100Z</date>
  <millis>1784624880769</millis>
  <nanos>27100</nanos>
  <sequence>2178</sequence>
  <level>END</level>
  <class>com.kms.katalon.core.logging.XmlKeywordLogger</class>
  <method>endKeyword</method>
  <thread>1</thread>
  <message>End action : selectOptionByValue(findTestObject(&amp;quot;Pilar 1/Showroom-Supplier/UAT/CBU/SPV-CBU-Persetujuan/Page_ApprovalKunjunganShowroom/select_Select Status&amp;quot;), &amp;quot;2&amp;quot;, false)</message>
  <nestedLevel>1</nestedLevel>
  <escapedJava>false</escapedJava>
</record>
<record>
  <date>2026-07-21T09:08:00.769027100Z</date>
  <millis>1784624880769</millis>
  <nanos>27100</nanos>
  <sequence>2179</sequence>
  <level>START</level>
  <class>com.kms.katalon.core.logging.XmlKeywordLogger</class>
  <method>startKeyword</method>
  <thread>1</thread>
  <message>Start action : click(findTestObject(&amp;quot;Pilar 1/Showroom-Supplier/UAT/CBU/SPV_CBU_Assign_PIC/Page_TindakLanjutKunjunganShowroom/button_Cari&amp;quot;))</message>
  <nestedLevel>1</nestedLevel>
  <escapedJava>false</escapedJava>
  <property name="startLine">40</property>
  <property name="stepIndex">9</property>
</record>
<record>
  <date>2026-07-21T09:08:01.149726800Z</date>
  <millis>1784624881149</millis>
  <nanos>726800</nanos>
  <sequence>2190</sequence>
  <level>PASSED</level>
  <class>com.kms.katalon.core.logging.XmlKeywordLogger</class>
  <method>logMessage</method>
  <thread>1</thread>
  <message>Object: &amp;apos;Object Repository/Pilar 1/Showroom-Supplier/UAT/CBU/SPV_CBU_Assign_PIC/Page_TindakLanjutKunjunganShowroom/button_Cari&amp;apos; is clicked on</message>
  <nestedLevel>1</nestedLevel>
  <escapedJava>false</escapedJava>
  <property name="testops-method-name">com.kms.katalon.core.webui.keyword.internal.WebUIKeywordMain.runKeywordUntilTimeout</property>
  <property name="testops-execution-stacktrace">com.kms.katalon.core.logging.KeywordLogger.logPassed(KeywordLogger.java:348)
com.kms.katalon.core.logging.KeywordLogger.logPassed(KeywordLogger.java:343)
com.kms.katalon.core.webui.keyword.builtin.ClickKeyword$_click_closure1.doCall(ClickKeyword.groovy:66)
java.base/jdk.internal.reflect.DirectMethodHandleAccessor.invoke(DirectMethodHandleAccessor.java:103)
jdk.proxy2/jdk.proxy2.$Proxy55.execute(Unknown Source)
com.kms.katalon.core.webui.model.SeleniumActionRetryController.performAction(SeleniumActionRetryController.java:96)
com.kms.katalon.core.webui.model.SeleniumActionRetryController.performAction(SeleniumActionRetryController.java:83)
com.kms.katalon.core.webui.keyword.internal.WebUIKeywordMain$_runKeywordUntilTimeout_closure1.doCall(WebUIKeywordMain.groovy:135)
com.kms.katalon.core.webui.keyword.internal.WebUIKeywordMain$_runKeywordUntilTimeout_closure1.call(WebUIKeywordMain.groovy)
com.kms.katalon.core.webui.keyword.internal.WebUIKeywordMain.runKeyword(WebUIKeywordMain.groovy:41)
com.kms.katalon.core.webui.keyword.internal.WebUIKeywordMain.runKeywordUntilTimeout(WebUIKeywordMain.groovy:133)
com.kms.katalon.core.webui.keyword.builtin.ClickKeyword.click(ClickKeyword.groovy:72)
com.kms.katalon.core.webui.keyword.builtin.ClickKeyword.execute(ClickKeyword.groovy:38)
com.kms.katalon.core.keyword.internal.KeywordExecutor.executeKeywordForPlatform(KeywordExecutor.groovy:95)
com.kms.katalon.core.webui.keyword.WebUiBuiltInKeywords.click(WebUiBuiltInKeywords.groovy:721)
SPV_CBU_Submit_Tindak_Lanjut.run(SPV_CBU_Submit_Tindak_Lanjut:40)
</property>
</record>
<record>
  <date>2026-07-21T09:08:01.151098600Z</date>
  <millis>1784624881151</millis>
  <nanos>98600</nanos>
  <sequence>2191</sequence>
  <level>END</level>
  <class>com.kms.katalon.core.logging.XmlKeywordLogger</class>
  <method>endKeyword</method>
  <thread>1</thread>
  <message>End action : click(findTestObject(&amp;quot;Pilar 1/Showroom-Supplier/UAT/CBU/SPV_CBU_Assign_PIC/Page_TindakLanjutKunjunganShowroom/button_Cari&amp;quot;))</message>
  <nestedLevel>1</nestedLevel>
  <escapedJava>false</escapedJava>
</record>
<record>
  <date>2026-07-21T09:08:01.152134600Z</date>
  <millis>1784624881152</millis>
  <nanos>134600</nanos>
  <sequence>2192</sequence>
  <level>START</level>
  <class>com.kms.katalon.core.logging.XmlKeywordLogger</class>
  <method>startKeyword</method>
  <thread>1</thread>
  <message>Start action : click(findTestObject(&amp;quot;Pilar 1/Showroom-Supplier/UAT/CBU/SPV_CBU_Assign_PIC/Page_TindakLanjutKunjunganShowroom/button_Tindak lanjut&amp;quot;))</message>
  <nestedLevel>1</nestedLevel>
  <escapedJava>false</escapedJava>
  <property name="startLine">42</property>
  <property name="stepIndex">10</property>
</record>
<record>
  <date>2026-07-21T09:08:02.026754800Z</date>
  <millis>1784624882026</millis>
  <nanos>754800</nanos>
  <sequence>2203</sequence>
  <level>PASSED</level>
  <class>com.kms.katalon.core.logging.XmlKeywordLogger</class>
  <method>logMessage</method>
  <thread>1</thread>
  <message>Object: &amp;apos;Object Repository/Pilar 1/Showroom-Supplier/UAT/CBU/SPV_CBU_Assign_PIC/Page_TindakLanjutKunjunganShowroom/button_Tindak lanjut&amp;apos; is clicked on</message>
  <nestedLevel>1</nestedLevel>
  <escapedJava>false</escapedJava>
  <property name="testops-method-name">com.kms.katalon.core.webui.keyword.internal.WebUIKeywordMain.runKeywordUntilTimeout</property>
  <property name="testops-execution-stacktrace">com.kms.katalon.core.logging.KeywordLogger.logPassed(KeywordLogger.java:348)
com.kms.katalon.core.logging.KeywordLogger.logPassed(KeywordLogger.java:343)
com.kms.katalon.core.webui.keyword.builtin.ClickKeyword$_click_closure1.doCall(ClickKeyword.groovy:66)
java.base/jdk.internal.reflect.DirectMethodHandleAccessor.invoke(DirectMethodHandleAccessor.java:103)
jdk.proxy2/jdk.proxy2.$Proxy55.execute(Unknown Source)
com.kms.katalon.core.webui.model.SeleniumActionRetryController.performAction(SeleniumActionRetryController.java:96)
com.kms.katalon.core.webui.model.SeleniumActionRetryController.performAction(SeleniumActionRetryController.java:83)
com.kms.katalon.core.webui.keyword.internal.WebUIKeywordMain$_runKeywordUntilTimeout_closure1.doCall(WebUIKeywordMain.groovy:135)
com.kms.katalon.core.webui.keyword.internal.WebUIKeywordMain$_runKeywordUntilTimeout_closure1.call(WebUIKeywordMain.groovy)
com.kms.katalon.core.webui.keyword.internal.WebUIKeywordMain.runKeyword(WebUIKeywordMain.groovy:41)
com.kms.katalon.core.webui.keyword.internal.WebUIKeywordMain.runKeywordUntilTimeout(WebUIKeywordMain.groovy:133)
com.kms.katalon.core.webui.keyword.builtin.ClickKeyword.click(ClickKeyword.groovy:72)
com.kms.katalon.core.webui.keyword.builtin.ClickKeyword.execute(ClickKeyword.groovy:38)
com.kms.katalon.core.keyword.internal.KeywordExecutor.executeKeywordForPlatform(KeywordExecutor.groovy:95)
com.kms.katalon.core.webui.keyword.WebUiBuiltInKeywords.click(WebUiBuiltInKeywords.groovy:721)
SPV_CBU_Submit_Tindak_Lanjut.run(SPV_CBU_Submit_Tindak_Lanjut:42)
</property>
</record>
<record>
  <date>2026-07-21T09:08:02.027776900Z</date>
  <millis>1784624882027</millis>
  <nanos>776900</nanos>
  <sequence>2204</sequence>
  <level>END</level>
  <class>com.kms.katalon.core.logging.XmlKeywordLogger</class>
  <method>endKeyword</method>
  <thread>1</thread>
  <message>End action : click(findTestObject(&amp;quot;Pilar 1/Showroom-Supplier/UAT/CBU/SPV_CBU_Assign_PIC/Page_TindakLanjutKunjunganShowroom/button_Tindak lanjut&amp;quot;))</message>
  <nestedLevel>1</nestedLevel>
  <escapedJava>false</escapedJava>
</record>
<record>
  <date>2026-07-21T09:08:02.027776900Z</date>
  <millis>1784624882027</millis>
  <nanos>776900</nanos>
  <sequence>2205</sequence>
  <level>START</level>
  <class>com.kms.katalon.core.logging.XmlKeywordLogger</class>
  <method>startKeyword</method>
  <thread>1</thread>
  <message>Start action : selectOptionByValue(findTestObject(&amp;quot;Pilar 1/Showroom-Supplier/UAT/CBU/SPV_CBU_Submit_Tindak_Lanjut/Page_TindakLanjutKunjunganShowroomDetail/select_Dropdown_Kategori_Temuan&amp;quot;), &amp;quot;2&amp;quot;, false)</message>
  <nestedLevel>1</nestedLevel>
  <escapedJava>false</escapedJava>
  <property name="startLine">44</property>
  <property name="stepIndex">11</property>
</record>
<record>
  <date>2026-07-21T09:08:05.894246700Z</date>
  <millis>1784624885894</millis>
  <nanos>246700</nanos>
  <sequence>2217</sequence>
  <level>PASSED</level>
  <class>com.kms.katalon.core.logging.XmlKeywordLogger</class>
  <method>logMessage</method>
  <thread>1</thread>
  <message>All options with value &amp;apos;2&amp;apos; are selected in object &amp;apos;Object Repository/Pilar 1/Showroom-Supplier/UAT/CBU/SPV_CBU_Submit_Tindak_Lanjut/Page_TindakLanjutKunjunganShowroomDetail/select_Dropdown_Kategori_Temuan&amp;apos; </message>
  <nestedLevel>1</nestedLevel>
  <escapedJava>false</escapedJava>
  <property name="testops-method-name">com.kms.katalon.core.webui.keyword.internal.WebUIKeywordMain.runKeywordUntilTimeout</property>
  <property name="testops-execution-stacktrace">com.kms.katalon.core.logging.KeywordLogger.logPassed(KeywordLogger.java:348)
com.kms.katalon.core.logging.KeywordLogger.logPassed(KeywordLogger.java:343)
com.kms.katalon.core.webui.keyword.builtin.SelectOptionByValueKeyword$_selectOptionByValue_closure1.doCall(SelectOptionByValueKeyword.groovy:70)
java.base/jdk.internal.reflect.DirectMethodHandleAccessor.invoke(DirectMethodHandleAccessor.java:103)
jdk.proxy2/jdk.proxy2.$Proxy55.execute(Unknown Source)
com.kms.katalon.core.webui.model.SeleniumActionRetryController.performAction(SeleniumActionRetryController.java:96)
com.kms.katalon.core.webui.model.SeleniumActionRetryController.performAction(SeleniumActionRetryController.java:83)
com.kms.katalon.core.webui.keyword.internal.WebUIKeywordMain$_runKeywordUntilTimeout_closure1.doCall(WebUIKeywordMain.groovy:135)
com.kms.katalon.core.webui.keyword.internal.WebUIKeywordMain$_runKeywordUntilTimeout_closure1.call(WebUIKeywordMain.groovy)
com.kms.katalon.core.webui.keyword.internal.WebUIKeywordMain.runKeyword(WebUIKeywordMain.groovy:41)
com.kms.katalon.core.webui.keyword.internal.WebUIKeywordMain.runKeywordUntilTimeout(WebUIKeywordMain.groovy:133)
com.kms.katalon.core.webui.keyword.builtin.SelectOptionByValueKeyword.selectOptionByValue(SelectOptionByValueKeyword.groovy:79)
com.kms.katalon.core.webui.keyword.builtin.SelectOptionByValueKeyword.execute(SelectOptionByValueKeyword.groovy:44)
com.kms.katalon.core.keyword.internal.KeywordExecutor.executeKeywordForPlatform(KeywordExecutor.groovy:95)
com.kms.katalon.core.webui.keyword.WebUiBuiltInKeywords.selectOptionByValue(WebUiBuiltInKeywords.groovy:1269)
SPV_CBU_Submit_Tindak_Lanjut.run(SPV_CBU_Submit_Tindak_Lanjut:44)
</property>
</record>
<record>
  <date>2026-07-21T09:08:05.894246700Z</date>
  <millis>1784624885894</millis>
  <nanos>246700</nanos>
  <sequence>2218</sequence>
  <level>END</level>
  <class>com.kms.katalon.core.logging.XmlKeywordLogger</class>
  <method>endKeyword</method>
  <thread>1</thread>
  <message>End action : selectOptionByValue(findTestObject(&amp;quot;Pilar 1/Showroom-Supplier/UAT/CBU/SPV_CBU_Submit_Tindak_Lanjut/Page_TindakLanjutKunjunganShowroomDetail/select_Dropdown_Kategori_Temuan&amp;quot;), &amp;quot;2&amp;quot;, false)</message>
  <nestedLevel>1</nestedLevel>
  <escapedJava>false</escapedJava>
</record>
<record>
  <date>2026-07-21T09:08:05.894246700Z</date>
  <millis>1784624885894</millis>
  <nanos>246700</nanos>
  <sequence>2219</sequence>
  <level>START</level>
  <class>com.kms.katalon.core.logging.XmlKeywordLogger</class>
  <method>startKeyword</method>
  <thread>1</thread>
  <message>Start action : click(findTestObject(&amp;quot;Pilar 1/Showroom-Supplier/UAT/CBU/SPV_CBU_Submit_Tindak_Lanjut/Page_TindakLanjutKunjunganShowroomDetail/button_Save&amp;quot;))</message>
  <nestedLevel>1</nestedLevel>
  <escapedJava>false</escapedJava>
  <property name="startLine">47</property>
  <property name="stepIndex">12</property>
</record>
<record>
  <date>2026-07-21T09:08:06.304534300Z</date>
  <millis>1784624886304</millis>
  <nanos>534300</nanos>
  <sequence>2230</sequence>
  <level>PASSED</level>
  <class>com.kms.katalon.core.logging.XmlKeywordLogger</class>
  <method>logMessage</method>
  <thread>1</thread>
  <message>Object: &amp;apos;Object Repository/Pilar 1/Showroom-Supplier/UAT/CBU/SPV_CBU_Submit_Tindak_Lanjut/Page_TindakLanjutKunjunganShowroomDetail/button_Save&amp;apos; is clicked on</message>
  <nestedLevel>1</nestedLevel>
  <escapedJava>false</escapedJava>
  <property name="testops-method-name">com.kms.katalon.core.webui.keyword.internal.WebUIKeywordMain.runKeywordUntilTimeout</property>
  <property name="testops-execution-stacktrace">com.kms.katalon.core.logging.KeywordLogger.logPassed(KeywordLogger.java:348)
com.kms.katalon.core.logging.KeywordLogger.logPassed(KeywordLogger.java:343)
com.kms.katalon.core.webui.keyword.builtin.ClickKeyword$_click_closure1.doCall(ClickKeyword.groovy:66)
java.base/jdk.internal.reflect.DirectMethodHandleAccessor.invoke(DirectMethodHandleAccessor.java:103)
jdk.proxy2/jdk.proxy2.$Proxy55.execute(Unknown Source)
com.kms.katalon.core.webui.model.SeleniumActionRetryController.performAction(SeleniumActionRetryController.java:96)
com.kms.katalon.core.webui.model.SeleniumActionRetryController.performAction(SeleniumActionRetryController.java:83)
com.kms.katalon.core.webui.keyword.internal.WebUIKeywordMain$_runKeywordUntilTimeout_closure1.doCall(WebUIKeywordMain.groovy:135)
com.kms.katalon.core.webui.keyword.internal.WebUIKeywordMain$_runKeywordUntilTimeout_closure1.call(WebUIKeywordMain.groovy)
com.kms.katalon.core.webui.keyword.internal.WebUIKeywordMain.runKeyword(WebUIKeywordMain.groovy:41)
com.kms.katalon.core.webui.keyword.internal.WebUIKeywordMain.runKeywordUntilTimeout(WebUIKeywordMain.groovy:133)
com.kms.katalon.core.webui.keyword.builtin.ClickKeyword.click(ClickKeyword.groovy:72)
com.kms.katalon.core.webui.keyword.builtin.ClickKeyword.execute(ClickKeyword.groovy:38)
com.kms.katalon.core.keyword.internal.KeywordExecutor.executeKeywordForPlatform(KeywordExecutor.groovy:95)
com.kms.katalon.core.webui.keyword.WebUiBuiltInKeywords.click(WebUiBuiltInKeywords.groovy:721)
SPV_CBU_Submit_Tindak_Lanjut.run(SPV_CBU_Submit_Tindak_Lanjut:47)
</property>
</record>
<record>
  <date>2026-07-21T09:08:06.304534300Z</date>
  <millis>1784624886304</millis>
  <nanos>534300</nanos>
  <sequence>2231</sequence>
  <level>END</level>
  <class>com.kms.katalon.core.logging.XmlKeywordLogger</class>
  <method>endKeyword</method>
  <thread>1</thread>
  <message>End action : click(findTestObject(&amp;quot;Pilar 1/Showroom-Supplier/UAT/CBU/SPV_CBU_Submit_Tindak_Lanjut/Page_TindakLanjutKunjunganShowroomDetail/button_Save&amp;quot;))</message>
  <nestedLevel>1</nestedLevel>
  <escapedJava>false</escapedJava>
</record>
<record>
  <date>2026-07-21T09:08:06.304534300Z</date>
  <millis>1784624886304</millis>
  <nanos>534300</nanos>
  <sequence>2232</sequence>
  <level>START</level>
  <class>com.kms.katalon.core.logging.XmlKeywordLogger</class>
  <method>startKeyword</method>
  <thread>1</thread>
  <message>Start action : delay(3)</message>
  <nestedLevel>1</nestedLevel>
  <escapedJava>false</escapedJava>
  <property name="startLine">49</property>
  <property name="stepIndex">13</property>
</record>
<record>
  <date>2026-07-21T09:08:09.325503800Z</date>
  <millis>1784624889325</millis>
  <nanos>503800</nanos>
  <sequence>2235</sequence>
  <level>PASSED</level>
  <class>com.kms.katalon.core.logging.XmlKeywordLogger</class>
  <method>logMessage</method>
  <thread>1</thread>
  <message>Delayed 3 second(s)</message>
  <nestedLevel>1</nestedLevel>
  <escapedJava>false</escapedJava>
  <property name="testops-method-name">com.kms.katalon.core.keyword.builtin.DelayKeyword.delay</property>
  <property name="testops-execution-stacktrace"></property>
</record>
<record>
  <date>2026-07-21T09:08:09.325503800Z</date>
  <millis>1784624889325</millis>
  <nanos>503800</nanos>
  <sequence>2236</sequence>
  <level>END</level>
  <class>com.kms.katalon.core.logging.XmlKeywordLogger</class>
  <method>endKeyword</method>
  <thread>1</thread>
  <message>End action : delay(3)</message>
  <nestedLevel>1</nestedLevel>
  <escapedJava>false</escapedJava>
</record>
<record>
  <date>2026-07-21T09:08:09.325503800Z</date>
  <millis>1784624889325</millis>
  <nanos>503800</nanos>
  <sequence>2237</sequence>
  <level>START</level>
  <class>com.kms.katalon.core.logging.XmlKeywordLogger</class>
  <method>startKeyword</method>
  <thread>1</thread>
  <message>Start action : click(findTestObject(&amp;quot;Pilar 1/Showroom-Supplier/UAT/CBU/SPV_CBU_Submit_Tindak_Lanjut/Page_TindakLanjutKunjunganShowroomDetail/Page_TindakLanjutKunjunganShowroomDetail/button_Lihat Dokumen&amp;quot;))</message>
  <nestedLevel>1</nestedLevel>
  <escapedJava>false</escapedJava>
  <property name="startLine">51</property>
  <property name="stepIndex">14</property>
</record>
<record>
  <date>2026-07-21T09:08:09.719108200Z</date>
  <millis>1784624889719</millis>
  <nanos>108200</nanos>
  <sequence>2248</sequence>
  <level>PASSED</level>
  <class>com.kms.katalon.core.logging.XmlKeywordLogger</class>
  <method>logMessage</method>
  <thread>1</thread>
  <message>Object: &amp;apos;Object Repository/Pilar 1/Showroom-Supplier/UAT/CBU/SPV_CBU_Submit_Tindak_Lanjut/Page_TindakLanjutKunjunganShowroomDetail/Page_TindakLanjutKunjunganShowroomDetail/button_Lihat Dokumen&amp;apos; is clicked on</message>
  <nestedLevel>1</nestedLevel>
  <escapedJava>false</escapedJava>
  <property name="testops-method-name">com.kms.katalon.core.webui.keyword.internal.WebUIKeywordMain.runKeywordUntilTimeout</property>
  <property name="testops-execution-stacktrace">com.kms.katalon.core.logging.KeywordLogger.logPassed(KeywordLogger.java:348)
com.kms.katalon.core.logging.KeywordLogger.logPassed(KeywordLogger.java:343)
com.kms.katalon.core.webui.keyword.builtin.ClickKeyword$_click_closure1.doCall(ClickKeyword.groovy:66)
java.base/jdk.internal.reflect.DirectMethodHandleAccessor.invoke(DirectMethodHandleAccessor.java:103)
jdk.proxy2/jdk.proxy2.$Proxy55.execute(Unknown Source)
com.kms.katalon.core.webui.model.SeleniumActionRetryController.performAction(SeleniumActionRetryController.java:96)
com.kms.katalon.core.webui.model.SeleniumActionRetryController.performAction(SeleniumActionRetryController.java:83)
com.kms.katalon.core.webui.keyword.internal.WebUIKeywordMain$_runKeywordUntilTimeout_closure1.doCall(WebUIKeywordMain.groovy:135)
com.kms.katalon.core.webui.keyword.internal.WebUIKeywordMain$_runKeywordUntilTimeout_closure1.call(WebUIKeywordMain.groovy)
com.kms.katalon.core.webui.keyword.internal.WebUIKeywordMain.runKeyword(WebUIKeywordMain.groovy:41)
com.kms.katalon.core.webui.keyword.internal.WebUIKeywordMain.runKeywordUntilTimeout(WebUIKeywordMain.groovy:133)
com.kms.katalon.core.webui.keyword.builtin.ClickKeyword.click(ClickKeyword.groovy:72)
com.kms.katalon.core.webui.keyword.builtin.ClickKeyword.execute(ClickKeyword.groovy:38)
com.kms.katalon.core.keyword.internal.KeywordExecutor.executeKeywordForPlatform(KeywordExecutor.groovy:95)
com.kms.katalon.core.webui.keyword.WebUiBuiltInKeywords.click(WebUiBuiltInKeywords.groovy:721)
SPV_CBU_Submit_Tindak_Lanjut.run(SPV_CBU_Submit_Tindak_Lanjut:51)
</property>
</record>
<record>
  <date>2026-07-21T09:08:09.719108200Z</date>
  <millis>1784624889719</millis>
  <nanos>108200</nanos>
  <sequence>2249</sequence>
  <level>END</level>
  <class>com.kms.katalon.core.logging.XmlKeywordLogger</class>
  <method>endKeyword</method>
  <thread>1</thread>
  <message>End action : click(findTestObject(&amp;quot;Pilar 1/Showroom-Supplier/UAT/CBU/SPV_CBU_Submit_Tindak_Lanjut/Page_TindakLanjutKunjunganShowroomDetail/Page_TindakLanjutKunjunganShowroomDetail/button_Lihat Dokumen&amp;quot;))</message>
  <nestedLevel>1</nestedLevel>
  <escapedJava>false</escapedJava>
</record>
<record>
  <date>2026-07-21T09:08:09.719108200Z</date>
  <millis>1784624889719</millis>
  <nanos>108200</nanos>
  <sequence>2250</sequence>
  <level>START</level>
  <class>com.kms.katalon.core.logging.XmlKeywordLogger</class>
  <method>startKeyword</method>
  <thread>1</thread>
  <message>Start action : selectOptionByValue(findTestObject(&amp;quot;Pilar 1/Showroom-Supplier/UAT/CBU/SPV_CBU_Submit_Tindak_Lanjut/Page_TindakLanjutKunjunganShowroomDetail/Page_TindakLanjutKunjunganShowroomDetail/select_category_status&amp;quot;), &amp;quot;0&amp;quot;, false)</message>
  <nestedLevel>1</nestedLevel>
  <escapedJava>false</escapedJava>
  <property name="startLine">53</property>
  <property name="stepIndex">15</property>
</record>
<record>
  <date>2026-07-21T09:08:10.748016800Z</date>
  <millis>1784624890748</millis>
  <nanos>16800</nanos>
  <sequence>2262</sequence>
  <level>PASSED</level>
  <class>com.kms.katalon.core.logging.XmlKeywordLogger</class>
  <method>logMessage</method>
  <thread>1</thread>
  <message>All options with value &amp;apos;0&amp;apos; are selected in object &amp;apos;Object Repository/Pilar 1/Showroom-Supplier/UAT/CBU/SPV_CBU_Submit_Tindak_Lanjut/Page_TindakLanjutKunjunganShowroomDetail/Page_TindakLanjutKunjunganShowroomDetail/select_category_status&amp;apos; </message>
  <nestedLevel>1</nestedLevel>
  <escapedJava>false</escapedJava>
  <property name="testops-method-name">com.kms.katalon.core.webui.keyword.internal.WebUIKeywordMain.runKeywordUntilTimeout</property>
  <property name="testops-execution-stacktrace">com.kms.katalon.core.logging.KeywordLogger.logPassed(KeywordLogger.java:348)
com.kms.katalon.core.logging.KeywordLogger.logPassed(KeywordLogger.java:343)
com.kms.katalon.core.webui.keyword.builtin.SelectOptionByValueKeyword$_selectOptionByValue_closure1.doCall(SelectOptionByValueKeyword.groovy:70)
java.base/jdk.internal.reflect.DirectMethodHandleAccessor.invoke(DirectMethodHandleAccessor.java:103)
jdk.proxy2/jdk.proxy2.$Proxy55.execute(Unknown Source)
com.kms.katalon.core.webui.model.SeleniumActionRetryController.performAction(SeleniumActionRetryController.java:96)
com.kms.katalon.core.webui.model.SeleniumActionRetryController.performAction(SeleniumActionRetryController.java:83)
com.kms.katalon.core.webui.keyword.internal.WebUIKeywordMain$_runKeywordUntilTimeout_closure1.doCall(WebUIKeywordMain.groovy:135)
com.kms.katalon.core.webui.keyword.internal.WebUIKeywordMain$_runKeywordUntilTimeout_closure1.call(WebUIKeywordMain.groovy)
com.kms.katalon.core.webui.keyword.internal.WebUIKeywordMain.runKeyword(WebUIKeywordMain.groovy:41)
com.kms.katalon.core.webui.keyword.internal.WebUIKeywordMain.runKeywordUntilTimeout(WebUIKeywordMain.groovy:133)
com.kms.katalon.core.webui.keyword.builtin.SelectOptionByValueKeyword.selectOptionByValue(SelectOptionByValueKeyword.groovy:79)
com.kms.katalon.core.webui.keyword.builtin.SelectOptionByValueKeyword.execute(SelectOptionByValueKeyword.groovy:44)
com.kms.katalon.core.keyword.internal.KeywordExecutor.executeKeywordForPlatform(KeywordExecutor.groovy:95)
com.kms.katalon.core.webui.keyword.WebUiBuiltInKeywords.selectOptionByValue(WebUiBuiltInKeywords.groovy:1269)
SPV_CBU_Submit_Tindak_Lanjut.run(SPV_CBU_Submit_Tindak_Lanjut:53)
</property>
</record>
<record>
  <date>2026-07-21T09:08:10.750152300Z</date>
  <millis>1784624890750</millis>
  <nanos>152300</nanos>
  <sequence>2263</sequence>
  <level>END</level>
  <class>com.kms.katalon.core.logging.XmlKeywordLogger</class>
  <method>endKeyword</method>
  <thread>1</thread>
  <message>End action : selectOptionByValue(findTestObject(&amp;quot;Pilar 1/Showroom-Supplier/UAT/CBU/SPV_CBU_Submit_Tindak_Lanjut/Page_TindakLanjutKunjunganShowroomDetail/Page_TindakLanjutKunjunganShowroomDetail/select_category_status&amp;quot;), &amp;quot;0&amp;quot;, false)</message>
  <nestedLevel>1</nestedLevel>
  <escapedJava>false</escapedJava>
</record>
<record>
  <date>2026-07-21T09:08:10.750152300Z</date>
  <millis>1784624890750</millis>
  <nanos>152300</nanos>
  <sequence>2264</sequence>
  <level>START</level>
  <class>com.kms.katalon.core.logging.XmlKeywordLogger</class>
  <method>startKeyword</method>
  <thread>1</thread>
  <message>Start action : setText(findTestObject(&amp;quot;Pilar 1/Showroom-Supplier/UAT/CBU/SPV_CBU_Submit_Tindak_Lanjut/Page_TindakLanjutKunjunganShowroomDetail/Page_TindakLanjutKunjunganShowroomDetail/textarea_Catatan_TindakLanjut&amp;quot;), &amp;quot;Saya selesaikan ya sudah bagus&amp;quot;)</message>
  <nestedLevel>1</nestedLevel>
  <escapedJava>false</escapedJava>
  <property name="startLine">56</property>
  <property name="stepIndex">16</property>
</record>
<record>
  <date>2026-07-21T09:08:11.428074300Z</date>
  <millis>1784624891428</millis>
  <nanos>74300</nanos>
  <sequence>2278</sequence>
  <level>PASSED</level>
  <class>com.kms.katalon.core.logging.XmlKeywordLogger</class>
  <method>logMessage</method>
  <thread>1</thread>
  <message>Text &amp;apos;Saya selesaikan ya sudah bagus&amp;apos; is set on object &amp;apos;Object Repository/Pilar 1/Showroom-Supplier/UAT/CBU/SPV_CBU_Submit_Tindak_Lanjut/Page_TindakLanjutKunjunganShowroomDetail/Page_TindakLanjutKunjunganShowroomDetail/textarea_Catatan_TindakLanjut&amp;apos;</message>
  <nestedLevel>1</nestedLevel>
  <escapedJava>false</escapedJava>
  <property name="testops-method-name">com.kms.katalon.core.webui.keyword.internal.WebUIKeywordMain.runKeywordUntilTimeout</property>
  <property name="testops-execution-stacktrace">com.kms.katalon.core.logging.KeywordLogger.logPassed(KeywordLogger.java:348)
com.kms.katalon.core.logging.KeywordLogger.logPassed(KeywordLogger.java:343)
com.kms.katalon.core.webui.keyword.builtin.SetTextKeyword$_setText_closure1.doCall(SetTextKeyword.groovy:99)
java.base/jdk.internal.reflect.DirectMethodHandleAccessor.invoke(DirectMethodHandleAccessor.java:103)
jdk.proxy2/jdk.proxy2.$Proxy55.execute(Unknown Source)
com.kms.katalon.core.webui.model.SeleniumActionRetryController.performAction(SeleniumActionRetryController.java:96)
com.kms.katalon.core.webui.model.SeleniumActionRetryController.performAction(SeleniumActionRetryController.java:83)
com.kms.katalon.core.webui.keyword.internal.WebUIKeywordMain$_runKeywordUntilTimeout_closure1.doCall(WebUIKeywordMain.groovy:135)
com.kms.katalon.core.webui.keyword.internal.WebUIKeywordMain$_runKeywordUntilTimeout_closure1.call(WebUIKeywordMain.groovy)
com.kms.katalon.core.webui.keyword.internal.WebUIKeywordMain.runKeyword(WebUIKeywordMain.groovy:41)
com.kms.katalon.core.webui.keyword.internal.WebUIKeywordMain.runKeywordUntilTimeout(WebUIKeywordMain.groovy:133)
com.kms.katalon.core.webui.keyword.builtin.SetTextKeyword.setText(SetTextKeyword.groovy:106)
com.kms.katalon.core.webui.keyword.builtin.SetTextKeyword.execute(SetTextKeyword.groovy:49)
com.kms.katalon.core.keyword.internal.KeywordExecutor.executeKeywordForPlatform(KeywordExecutor.groovy:95)
com.kms.katalon.core.webui.keyword.WebUiBuiltInKeywords.setText(WebUiBuiltInKeywords.groovy:1081)
SPV_CBU_Submit_Tindak_Lanjut.run(SPV_CBU_Submit_Tindak_Lanjut:56)
</property>
</record>
<record>
  <date>2026-07-21T09:08:11.428074300Z</date>
  <millis>1784624891428</millis>
  <nanos>74300</nanos>
  <sequence>2279</sequence>
  <level>END</level>
  <class>com.kms.katalon.core.logging.XmlKeywordLogger</class>
  <method>endKeyword</method>
  <thread>1</thread>
  <message>End action : setText(findTestObject(&amp;quot;Pilar 1/Showroom-Supplier/UAT/CBU/SPV_CBU_Submit_Tindak_Lanjut/Page_TindakLanjutKunjunganShowroomDetail/Page_TindakLanjutKunjunganShowroomDetail/textarea_Catatan_TindakLanjut&amp;quot;), &amp;quot;Saya selesaikan ya sudah bagus&amp;quot;)</message>
  <nestedLevel>1</nestedLevel>
  <escapedJava>false</escapedJava>
</record>
<record>
  <date>2026-07-21T09:08:11.428074300Z</date>
  <millis>1784624891428</millis>
  <nanos>74300</nanos>
  <sequence>2280</sequence>
  <level>START</level>
  <class>com.kms.katalon.core.logging.XmlKeywordLogger</class>
  <method>startKeyword</method>
  <thread>1</thread>
  <message>Start action : click(findTestObject(&amp;quot;Pilar 1/Showroom-Supplier/UAT/CBU/SPV_CBU_Submit_Tindak_Lanjut/Page_TindakLanjutKunjunganShowroomDetail/Page_TindakLanjutKunjunganShowroomDetail/button_Submit&amp;quot;))</message>
  <nestedLevel>1</nestedLevel>
  <escapedJava>false</escapedJava>
  <property name="startLine">59</property>
  <property name="stepIndex">17</property>
</record>
<record>
  <date>2026-07-21T09:08:11.949056200Z</date>
  <millis>1784624891949</millis>
  <nanos>56200</nanos>
  <sequence>2291</sequence>
  <level>PASSED</level>
  <class>com.kms.katalon.core.logging.XmlKeywordLogger</class>
  <method>logMessage</method>
  <thread>1</thread>
  <message>Object: &amp;apos;Object Repository/Pilar 1/Showroom-Supplier/UAT/CBU/SPV_CBU_Submit_Tindak_Lanjut/Page_TindakLanjutKunjunganShowroomDetail/Page_TindakLanjutKunjunganShowroomDetail/button_Submit&amp;apos; is clicked on</message>
  <nestedLevel>1</nestedLevel>
  <escapedJava>false</escapedJava>
  <property name="testops-method-name">com.kms.katalon.core.webui.keyword.internal.WebUIKeywordMain.runKeywordUntilTimeout</property>
  <property name="testops-execution-stacktrace">com.kms.katalon.core.logging.KeywordLogger.logPassed(KeywordLogger.java:348)
com.kms.katalon.core.logging.KeywordLogger.logPassed(KeywordLogger.java:343)
com.kms.katalon.core.webui.keyword.builtin.ClickKeyword$_click_closure1.doCall(ClickKeyword.groovy:66)
java.base/jdk.internal.reflect.DirectMethodHandleAccessor.invoke(DirectMethodHandleAccessor.java:103)
jdk.proxy2/jdk.proxy2.$Proxy55.execute(Unknown Source)
com.kms.katalon.core.webui.model.SeleniumActionRetryController.performAction(SeleniumActionRetryController.java:96)
com.kms.katalon.core.webui.model.SeleniumActionRetryController.performAction(SeleniumActionRetryController.java:83)
com.kms.katalon.core.webui.keyword.internal.WebUIKeywordMain$_runKeywordUntilTimeout_closure1.doCall(WebUIKeywordMain.groovy:135)
com.kms.katalon.core.webui.keyword.internal.WebUIKeywordMain$_runKeywordUntilTimeout_closure1.call(WebUIKeywordMain.groovy)
com.kms.katalon.core.webui.keyword.internal.WebUIKeywordMain.runKeyword(WebUIKeywordMain.groovy:41)
com.kms.katalon.core.webui.keyword.internal.WebUIKeywordMain.runKeywordUntilTimeout(WebUIKeywordMain.groovy:133)
com.kms.katalon.core.webui.keyword.builtin.ClickKeyword.click(ClickKeyword.groovy:72)
com.kms.katalon.core.webui.keyword.builtin.ClickKeyword.execute(ClickKeyword.groovy:38)
com.kms.katalon.core.keyword.internal.KeywordExecutor.executeKeywordForPlatform(KeywordExecutor.groovy:95)
com.kms.katalon.core.webui.keyword.WebUiBuiltInKeywords.click(WebUiBuiltInKeywords.groovy:721)
SPV_CBU_Submit_Tindak_Lanjut.run(SPV_CBU_Submit_Tindak_Lanjut:59)
</property>
</record>
<record>
  <date>2026-07-21T09:08:11.949056200Z</date>
  <millis>1784624891949</millis>
  <nanos>56200</nanos>
  <sequence>2292</sequence>
  <level>END</level>
  <class>com.kms.katalon.core.logging.XmlKeywordLogger</class>
  <method>endKeyword</method>
  <thread>1</thread>
  <message>End action : click(findTestObject(&amp;quot;Pilar 1/Showroom-Supplier/UAT/CBU/SPV_CBU_Submit_Tindak_Lanjut/Page_TindakLanjutKunjunganShowroomDetail/Page_TindakLanjutKunjunganShowroomDetail/button_Submit&amp;quot;))</message>
  <nestedLevel>1</nestedLevel>
  <escapedJava>false</escapedJava>
</record>
<record>
  <date>2026-07-21T09:08:11.949056200Z</date>
  <millis>1784624891949</millis>
  <nanos>56200</nanos>
  <sequence>2293</sequence>
  <level>START</level>
  <class>com.kms.katalon.core.logging.XmlKeywordLogger</class>
  <method>startKeyword</method>
  <thread>1</thread>
  <message>Start action : delay(5)</message>
  <nestedLevel>1</nestedLevel>
  <escapedJava>false</escapedJava>
  <property name="startLine">61</property>
  <property name="stepIndex">18</property>
</record>
<record>
  <date>2026-07-21T09:08:16.965465100Z</date>
  <millis>1784624896965</millis>
  <nanos>465100</nanos>
  <sequence>2296</sequence>
  <level>PASSED</level>
  <class>com.kms.katalon.core.logging.XmlKeywordLogger</class>
  <method>logMessage</method>
  <thread>1</thread>
  <message>Delayed 5 second(s)</message>
  <nestedLevel>1</nestedLevel>
  <escapedJava>false</escapedJava>
  <property name="testops-method-name">com.kms.katalon.core.keyword.builtin.DelayKeyword.delay</property>
  <property name="testops-execution-stacktrace"></property>
</record>
<record>
  <date>2026-07-21T09:08:16.965465100Z</date>
  <millis>1784624896965</millis>
  <nanos>465100</nanos>
  <sequence>2297</sequence>
  <level>END</level>
  <class>com.kms.katalon.core.logging.XmlKeywordLogger</class>
  <method>endKeyword</method>
  <thread>1</thread>
  <message>End action : delay(5)</message>
  <nestedLevel>1</nestedLevel>
  <escapedJava>false</escapedJava>
</record>
<record>
  <date>2026-07-21T09:08:16.965465100Z</date>
  <millis>1784624896965</millis>
  <nanos>465100</nanos>
  <sequence>2298</sequence>
  <level>START</level>
  <class>com.kms.katalon.core.logging.XmlKeywordLogger</class>
  <method>startKeyword</method>
  <thread>1</thread>
  <message>Start action : click(findTestObject(&amp;quot;Pilar 1/Showroom-Supplier/UAT/CBU/SPV_CBU_Assign_PIC/Page_TindakLanjutKunjunganShowroom/button_Tindak lanjut&amp;quot;))</message>
  <nestedLevel>1</nestedLevel>
  <escapedJava>false</escapedJava>
  <property name="startLine">63</property>
  <property name="stepIndex">19</property>
</record>
<record>
  <date>2026-07-21T09:08:17.252660500Z</date>
  <millis>1784624897252</millis>
  <nanos>660500</nanos>
  <sequence>2309</sequence>
  <level>PASSED</level>
  <class>com.kms.katalon.core.logging.XmlKeywordLogger</class>
  <method>logMessage</method>
  <thread>1</thread>
  <message>Object: &amp;apos;Object Repository/Pilar 1/Showroom-Supplier/UAT/CBU/SPV_CBU_Assign_PIC/Page_TindakLanjutKunjunganShowroom/button_Tindak lanjut&amp;apos; is clicked on</message>
  <nestedLevel>1</nestedLevel>
  <escapedJava>false</escapedJava>
  <property name="testops-method-name">com.kms.katalon.core.webui.keyword.internal.WebUIKeywordMain.runKeywordUntilTimeout</property>
  <property name="testops-execution-stacktrace">com.kms.katalon.core.logging.KeywordLogger.logPassed(KeywordLogger.java:348)
com.kms.katalon.core.logging.KeywordLogger.logPassed(KeywordLogger.java:343)
com.kms.katalon.core.webui.keyword.builtin.ClickKeyword$_click_closure1.doCall(ClickKeyword.groovy:66)
java.base/jdk.internal.reflect.DirectMethodHandleAccessor.invoke(DirectMethodHandleAccessor.java:103)
jdk.proxy2/jdk.proxy2.$Proxy55.execute(Unknown Source)
com.kms.katalon.core.webui.model.SeleniumActionRetryController.performAction(SeleniumActionRetryController.java:96)
com.kms.katalon.core.webui.model.SeleniumActionRetryController.performAction(SeleniumActionRetryController.java:83)
com.kms.katalon.core.webui.keyword.internal.WebUIKeywordMain$_runKeywordUntilTimeout_closure1.doCall(WebUIKeywordMain.groovy:135)
com.kms.katalon.core.webui.keyword.internal.WebUIKeywordMain$_runKeywordUntilTimeout_closure1.call(WebUIKeywordMain.groovy)
com.kms.katalon.core.webui.keyword.internal.WebUIKeywordMain.runKeyword(WebUIKeywordMain.groovy:41)
com.kms.katalon.core.webui.keyword.internal.WebUIKeywordMain.runKeywordUntilTimeout(WebUIKeywordMain.groovy:133)
com.kms.katalon.core.webui.keyword.builtin.ClickKeyword.click(ClickKeyword.groovy:72)
com.kms.katalon.core.webui.keyword.builtin.ClickKeyword.execute(ClickKeyword.groovy:38)
com.kms.katalon.core.keyword.internal.KeywordExecutor.executeKeywordForPlatform(KeywordExecutor.groovy:95)
com.kms.katalon.core.webui.keyword.WebUiBuiltInKeywords.click(WebUiBuiltInKeywords.groovy:721)
SPV_CBU_Submit_Tindak_Lanjut.run(SPV_CBU_Submit_Tindak_Lanjut:63)
</property>
</record>
<record>
  <date>2026-07-21T09:08:17.252660500Z</date>
  <millis>1784624897252</millis>
  <nanos>660500</nanos>
  <sequence>2310</sequence>
  <level>END</level>
  <class>com.kms.katalon.core.logging.XmlKeywordLogger</class>
  <method>endKeyword</method>
  <thread>1</thread>
  <message>End action : click(findTestObject(&amp;quot;Pilar 1/Showroom-Supplier/UAT/CBU/SPV_CBU_Assign_PIC/Page_TindakLanjutKunjunganShowroom/button_Tindak lanjut&amp;quot;))</message>
  <nestedLevel>1</nestedLevel>
  <escapedJava>false</escapedJava>
</record>
<record>
  <date>2026-07-21T09:08:17.252660500Z</date>
  <millis>1784624897252</millis>
  <nanos>660500</nanos>
  <sequence>2311</sequence>
  <level>START</level>
  <class>com.kms.katalon.core.logging.XmlKeywordLogger</class>
  <method>startKeyword</method>
  <thread>1</thread>
  <message>Start action : selectOptionByValue(findTestObject(&amp;quot;Pilar 1/Showroom-Supplier/UAT/CBU/SPV_CBU_Submit_Tindak_Lanjut/Page_TindakLanjutKunjunganShowroom/select_JenisSearch_ByTask ID&amp;quot;), &amp;quot;0&amp;quot;, false)</message>
  <nestedLevel>1</nestedLevel>
  <escapedJava>false</escapedJava>
  <property name="startLine">65</property>
  <property name="stepIndex">20</property>
</record>
<record>
  <date>2026-07-21T09:08:17.259302700Z</date>
  <millis>1784624897259</millis>
  <nanos>302700</nanos>
  <sequence>2312</sequence>
  <level>NOT_RUN</level>
  <class>com.kms.katalon.core.logging.XmlKeywordLogger</class>
  <method>logMessage</method>
  <thread>1</thread>
  <message>NOT_RUN: selectOptionByValue(findTestObject(&amp;quot;Pilar 1/Showroom-Supplier/UAT/CBU/SPV_CBU_Submit_Tindak_Lanjut/Page_TindakLanjutKunjunganShowroom/select_JenisSearch_ByTask ID&amp;quot;), &amp;quot;0&amp;quot;, false)</message>
  <nestedLevel>1</nestedLevel>
  <escapedJava>false</escapedJava>
</record>
<record>
  <date>2026-07-21T09:08:17.261444700Z</date>
  <millis>1784624897261</millis>
  <nanos>444700</nanos>
  <sequence>2313</sequence>
  <level>END</level>
  <class>com.kms.katalon.core.logging.XmlKeywordLogger</class>
  <method>endKeyword</method>
  <thread>1</thread>
  <message>End action : selectOptionByValue(findTestObject(&amp;quot;Pilar 1/Showroom-Supplier/UAT/CBU/SPV_CBU_Submit_Tindak_Lanjut/Page_TindakLanjutKunjunganShowroom/select_JenisSearch_ByTask ID&amp;quot;), &amp;quot;0&amp;quot;, false)</message>
  <nestedLevel>1</nestedLevel>
  <escapedJava>false</escapedJava>
</record>
<record>
  <date>2026-07-21T09:08:17.261444700Z</date>
  <millis>1784624897261</millis>
  <nanos>444700</nanos>
  <sequence>2314</sequence>
  <level>START</level>
  <class>com.kms.katalon.core.logging.XmlKeywordLogger</class>
  <method>startKeyword</method>
  <thread>1</thread>
  <message>Start action : setText(findTestObject(&amp;quot;Pilar 1/Showroom-Supplier/UAT/CBU/SPV_CBU_Submit_Tindak_Lanjut/Page_TindakLanjutKunjunganShowroom/input_Pencarian_By_TaskId&amp;quot;), &amp;quot;CBU/P1.3/07/26/014&amp;quot;)</message>
  <nestedLevel>1</nestedLevel>
  <escapedJava>false</escapedJava>
  <property name="startLine">68</property>
  <property name="stepIndex">21</property>
</record>
<record>
  <date>2026-07-21T09:08:17.262494600Z</date>
  <millis>1784624897262</millis>
  <nanos>494600</nanos>
  <sequence>2315</sequence>
  <level>NOT_RUN</level>
  <class>com.kms.katalon.core.logging.XmlKeywordLogger</class>
  <method>logMessage</method>
  <thread>1</thread>
  <message>NOT_RUN: setText(findTestObject(&amp;quot;Pilar 1/Showroom-Supplier/UAT/CBU/SPV_CBU_Submit_Tindak_Lanjut/Page_TindakLanjutKunjunganShowroom/input_Pencarian_By_TaskId&amp;quot;), &amp;quot;CBU/P1.3/07/26/014&amp;quot;)</message>
  <nestedLevel>1</nestedLevel>
  <escapedJava>false</escapedJava>
</record>
<record>
  <date>2026-07-21T09:08:17.263863Z</date>
  <millis>1784624897263</millis>
  <nanos>863000</nanos>
  <sequence>2316</sequence>
  <level>END</level>
  <class>com.kms.katalon.core.logging.XmlKeywordLogger</class>
  <method>endKeyword</method>
  <thread>1</thread>
  <message>End action : setText(findTestObject(&amp;quot;Pilar 1/Showroom-Supplier/UAT/CBU/SPV_CBU_Submit_Tindak_Lanjut/Page_TindakLanjutKunjunganShowroom/input_Pencarian_By_TaskId&amp;quot;), &amp;quot;CBU/P1.3/07/26/014&amp;quot;)</message>
  <nestedLevel>1</nestedLevel>
  <escapedJava>false</escapedJava>
</record>
<record>
  <date>2026-07-21T09:08:17.263863Z</date>
  <millis>1784624897263</millis>
  <nanos>863000</nanos>
  <sequence>2317</sequence>
  <level>START</level>
  <class>com.kms.katalon.core.logging.XmlKeywordLogger</class>
  <method>startKeyword</method>
  <thread>1</thread>
  <message>Start action : click(findTestObject(&amp;quot;Pilar 1/Showroom-Supplier/UAT/CBU/SPV_CBU_Assign_PIC/Page_TindakLanjutKunjunganShowroom/button_Cari&amp;quot;))</message>
  <nestedLevel>1</nestedLevel>
  <escapedJava>false</escapedJava>
  <property name="startLine">71</property>
  <property name="stepIndex">22</property>
</record>
<record>
  <date>2026-07-21T09:08:17.265304600Z</date>
  <millis>1784624897265</millis>
  <nanos>304600</nanos>
  <sequence>2318</sequence>
  <level>NOT_RUN</level>
  <class>com.kms.katalon.core.logging.XmlKeywordLogger</class>
  <method>logMessage</method>
  <thread>1</thread>
  <message>NOT_RUN: click(findTestObject(&amp;quot;Pilar 1/Showroom-Supplier/UAT/CBU/SPV_CBU_Assign_PIC/Page_TindakLanjutKunjunganShowroom/button_Cari&amp;quot;))</message>
  <nestedLevel>1</nestedLevel>
  <escapedJava>false</escapedJava>
</record>
<record>
  <date>2026-07-21T09:08:17.266500500Z</date>
  <millis>1784624897266</millis>
  <nanos>500500</nanos>
  <sequence>2319</sequence>
  <level>END</level>
  <class>com.kms.katalon.core.logging.XmlKeywordLogger</class>
  <method>endKeyword</method>
  <thread>1</thread>
  <message>End action : click(findTestObject(&amp;quot;Pilar 1/Showroom-Supplier/UAT/CBU/SPV_CBU_Assign_PIC/Page_TindakLanjutKunjunganShowroom/button_Cari&amp;quot;))</message>
  <nestedLevel>1</nestedLevel>
  <escapedJava>false</escapedJava>
</record>
<record>
  <date>2026-07-21T09:08:17.268470500Z</date>
  <millis>1784624897268</millis>
  <nanos>470500</nanos>
  <sequence>2320</sequence>
  <level>PASSED</level>
  <class>com.kms.katalon.core.logging.XmlKeywordLogger</class>
  <method>logMessage</method>
  <thread>1</thread>
  <message>Test Cases/Pilar 1/Showroom-Supplier/UAT/CBU/SPV_CBU_Submit_Tindak_Lanjut</message>
  <nestedLevel>1</nestedLevel>
  <escapedJava>false</escapedJava>
</record>
<record>
  <date>2026-07-21T09:08:17.270626900Z</date>
  <millis>1784624897270</millis>
  <nanos>626900</nanos>
  <sequence>2321</sequence>
  <level>END</level>
  <class>com.kms.katalon.core.logging.XmlKeywordLogger</class>
  <method>endTest</method>
  <thread>1</thread>
  <message>End Test Case : Test Cases/Pilar 1/Showroom-Supplier/UAT/CBU/SPV_CBU_Submit_Tindak_Lanjut</message>
  <nestedLevel>0</nestedLevel>
  <escapedJava>false</escapedJava>
  <property name="executionBindingVariables">[]</property>
  <property name="applitools">false</property>
  <property name="executedKeywords">{
  &quot;WebUI.setEncryptedText&quot;: 1,
  &quot;WebUI.maximizeWindow&quot;: 1,
  &quot;WebUI.waitForElementVisible&quot;: 2,
  &quot;WebUI.click&quot;: 10,
  &quot;WebUI.doubleClick&quot;: 1,
  &quot;WebUI.selectOptionByValue&quot;: 3,
  &quot;BuiltIn.callTestCase&quot;: 1,
  &quot;WebUI.openBrowser&quot;: 1,
  &quot;BuiltIn.delay&quot;: 4,
  &quot;WebUI.setText&quot;: 4
}</property>
  <property name="keywordsUsage">{
  &quot;web_ui&quot;: true,
  &quot;web_service&quot;: false,
  &quot;cucumber&quot;: false,
  &quot;builtin&quot;: true,
  &quot;mobile&quot;: false,
  &quot;windows&quot;: false,
  &quot;testng&quot;: false
}</property>
</record>
<record>
  <date>2026-07-21T09:08:17.682645400Z</date>
  <millis>1784624897682</millis>
  <nanos>645400</nanos>
  <sequence>2322</sequence>
  <level>END</level>
  <class>com.kms.katalon.core.logging.XmlKeywordLogger</class>
  <method>endSuite</method>
  <thread>1</thread>
  <message>End Test Suite : Test Suites/Pilar 1/UAT/Showroom-Supplier/Kunjungan Showroom - CBU</message>
  <nestedLevel>0</nestedLevel>
  <escapedJava>false</escapedJava>
</record>
</log>
