Suite/Test/Step Name,Browser,Description,Tag,Start time,End time,Duration,Status
Dokumen Go Live - CBU,Chrome 150.0.7871.129,,,22-07-2026 10:56:48,22-07-2026 11:11:34,14m - 46.393s,PASSED
,,,,,,,
Test Cases/Pilar 1/Dokumen Go Live/UAT/CBU/SPV-CBU-Assign-Staff,Chrome 150.0.7871.129,,,22-07-2026 10:56:48,22-07-2026 10:57:58,1m - 9.658s,PASSED
"callTestCase(findTestCase(""Pilar 1/Login/UAT/SPV-CBU""), [:], STOP_ON_FAILURE)",Chrome 150.0.7871.129,,,22-07-2026 10:56:49,22-07-2026 10:57:24,35.105s,PASSED
"click(findTestObject(""Pilar 1/Dokumen Go Live/UAT/CBU/SPV-CBU-Assign-Staff/Page_Dashboard/div_b2-l1-17_8-b3-SubMenuHeader""))",Chrome 150.0.7871.129,,,22-07-2026 10:57:24,22-07-2026 10:57:27,3.367s,PASSED
"click(findTestObject(""Pilar 1/Dokumen Go Live/UAT/CBU/SPV-CBU-Assign-Staff/Page_Dashboard/div_b2-l1-17_8-b4-l1-26_4-b1-SubMenuHeader""))",Chrome 150.0.7871.129,,,22-07-2026 10:57:27,22-07-2026 10:57:28,1.375s,PASSED
"click(findTestObject(""Pilar 1/Dokumen Go Live/UAT/CBU/SPV-CBU-Assign-Staff/Page_Dashboard/a_Dokumen Golive""))",Chrome 150.0.7871.129,,,22-07-2026 10:57:28,22-07-2026 10:57:29,0.335s,PASSED
"verifyElementText(findTestObject(""Pilar 1/Dokumen Go Live/UAT/CBU/SPV-CBU-Assign-Staff/Page_KelengkapanKredit/label_Tanggal Go Live _""), ""Tanggal Go Live :"")",Chrome 150.0.7871.129,,,22-07-2026 10:57:29,22-07-2026 10:57:31,2.541s,PASSED
"setText(findTestObject(""Pilar 1/Dokumen Go Live/UAT/CBU/SPV-CBU-Assign-Staff/Page_KelengkapanKredit/input_b3-b1-b1-Input_StartDate""), ""01-01-2024"")",Chrome 150.0.7871.129,,,22-07-2026 10:57:31,22-07-2026 10:57:32,1.150s,PASSED
"setText(findTestObject(""Pilar 1/Dokumen Go Live/UAT/CBU/SPV-CBU-Assign-Staff/Page_KelengkapanKredit/input_b3-b1-b1-Input_StartDate2""), ""31-03-2024"")",Chrome 150.0.7871.129,,,22-07-2026 10:57:32,22-07-2026 10:57:33,0.597s,PASSED
"selectOptionByValue(findTestObject(""Pilar 1/Dokumen Go Live/UAT/CBU/SPV-CBU-Assign-Staff/Page_KelengkapanKredit/select_b3-b1-b1-Dropdown1""), ""2"", false)",Chrome 150.0.7871.129,,,22-07-2026 10:57:33,22-07-2026 10:57:34,0.591s,PASSED
"selectOptionByValue(findTestObject(""Pilar 1/Dokumen Go Live/UAT/CBU/SPV-CBU-Assign-Staff/Page_KelengkapanKredit/select_b3-b1-b1-Dropdown3""), ""0"", false)",Chrome 150.0.7871.129,,,22-07-2026 10:57:34,22-07-2026 10:57:34,0.554s,PASSED
"click(findTestObject(""Pilar 1/Dokumen Go Live/UAT/CBU/SPV-CBU-Assign-Staff/Page_KelengkapanKredit/button_Cari""))",Chrome 150.0.7871.129,,,22-07-2026 10:57:34,22-07-2026 10:57:34,0.319s,PASSED
"click(findTestObject(""Pilar 1/Dokumen Go Live/UAT/CBU/SPV-CBU-Assign-Staff/Page_KelengkapanKredit/button_View Detail_2""))",Chrome 150.0.7871.129,,,22-07-2026 10:57:34,22-07-2026 10:57:35,0.773s,PASSED
delay(7),Chrome 150.0.7871.129,,,22-07-2026 10:57:35,22-07-2026 10:57:42,7.006s,PASSED
"click(findTestObject(""Pilar 1/Dokumen Go Live/UAT/CBU/SPV-CBU-Assign-Staff/Page_KelengkapanKredit/button_Back_2""))",Chrome 150.0.7871.129,,,22-07-2026 10:57:42,22-07-2026 10:57:43,0.312s,PASSED
delay(4),Chrome 150.0.7871.129,,,22-07-2026 10:57:43,22-07-2026 10:57:47,4.006s,PASSED
"click(findTestObject(""Pilar 1/Dokumen Go Live/UAT/CBU/SPV-CBU-Assign-Staff/Page_KelengkapanKredit/input_Assign_Checkbox2""))",Chrome 150.0.7871.129,,,22-07-2026 10:57:47,22-07-2026 10:57:47,0.323s,PASSED
"click(findTestObject(""Pilar 1/Dokumen Go Live/UAT/CBU/SPV-CBU-Assign-Staff/tambahan-component/Page_KelengkapanKredit/button_Assign""))",Chrome 150.0.7871.129,,,22-07-2026 10:57:47,22-07-2026 10:57:47,0.309s,PASSED
"selectOptionByValue(findTestObject(""Pilar 1/Dokumen Go Live/UAT/CBU/SPV-CBU-Assign-Staff/tambahan-component/Page_KelengkapanKredit/select_Select Staff_popup""), ""0"", false)",Chrome 150.0.7871.129,,,22-07-2026 10:57:47,22-07-2026 10:57:48,0.868s,PASSED
"click(findTestObject(""Pilar 1/Dokumen Go Live/UAT/CBU/SPV-CBU-Assign-Staff/tambahan-component/Page_KelengkapanKredit/button_Assign_popup""))",Chrome 150.0.7871.129,,,22-07-2026 10:57:48,22-07-2026 10:57:48,0.317s,PASSED
delay(3),Chrome 150.0.7871.129,,,22-07-2026 10:57:48,22-07-2026 10:57:51,3.024s,PASSED
"selectOptionByValue(findTestObject(""Pilar 1/Dokumen Go Live/UAT/CBU/SPV-CBU-Assign-Staff/Page_KelengkapanKredit/select_b3-b1-b1-Dropdown3""), ""1"", false)",Chrome 150.0.7871.129,,,22-07-2026 10:57:51,22-07-2026 10:57:54,2.992s,PASSED
"click(findTestObject(""Pilar 1/Dokumen Go Live/UAT/CBU/SPV-CBU-Assign-Staff/Page_KelengkapanKredit/button_Cari""))",Chrome 150.0.7871.129,,,22-07-2026 10:57:54,22-07-2026 10:57:55,0.327s,PASSED
delay(3),Chrome 150.0.7871.129,,,22-07-2026 10:57:55,22-07-2026 10:57:58,3.022s,PASSED
,,,,,,,
Test Cases/Pilar 1/Dokumen Go Live/UAT/CBU/Staff-CBU-Submit-Dokumen-Persyaratan-Kredit,Chrome 150.0.7871.129,,,22-07-2026 10:57:58,22-07-2026 11:00:22,2m - 24.466s,PASSED
"DATA BINDING - {""(Default) Lorem"":""C:\\Users\\PPU\\Downloads\\Tester File\\Lorem1_PDF.pdf""}",,,,,,,
today = SimpleDateFormat(dd-MM-yyyy).format(new java.util.Date()),Chrome 150.0.7871.129,,,22-07-2026 10:57:58,22-07-2026 10:57:58,0.036s,PASSED
"callTestCase(findTestCase(""Pilar 1/Login/UAT/Staff-CBU""), [:], STOP_ON_FAILURE)",Chrome 150.0.7871.129,,,22-07-2026 10:57:58,22-07-2026 10:58:31,32.872s,PASSED
"click(findTestObject(""Pilar 1/Dokumen Go Live/UAT/CBU/Staff-CBU-Submit-Task/Dokumen-Persyaratan-Kredit/Page_Dashboard/div_b2-l1-16_3-b3-SubMenuHeader""))",Chrome 150.0.7871.129,,,22-07-2026 10:58:31,22-07-2026 10:58:38,7.157s,PASSED
"click(findTestObject(""Pilar 1/Dokumen Go Live/UAT/CBU/Staff-CBU-Submit-Task/Dokumen-Persyaratan-Kredit/Page_Dashboard/div_b2-l1-16_3-b4-l1-23_4-b1-SubMenuHeader""))",Chrome 150.0.7871.129,,,22-07-2026 10:58:38,22-07-2026 10:58:39,0.542s,PASSED
"click(findTestObject(""Pilar 1/Dokumen Go Live/UAT/CBU/Staff-CBU-Submit-Task/Dokumen-Persyaratan-Kredit/Page_Dashboard/a_Dokumen Golive""))",Chrome 150.0.7871.129,,,22-07-2026 10:58:39,22-07-2026 10:58:39,0.302s,PASSED
"setText(findTestObject(""Pilar 1/Dokumen Go Live/UAT/CBU/Staff-CBU-Submit-Task/Dokumen-Persyaratan-Kredit/Page_KelengkapanKredit/input_b3-b2-b1-Input_StartDate""), ""22-07-2026"")",Chrome 150.0.7871.129,,,22-07-2026 10:58:39,22-07-2026 10:58:49,9.773s,PASSED
"setText(findTestObject(""Pilar 1/Dokumen Go Live/UAT/CBU/Staff-CBU-Submit-Task/Dokumen-Persyaratan-Kredit/Page_KelengkapanKredit/input_b3-b2-b1-Input_StartDate2""), ""22-07-2026"")",Chrome 150.0.7871.129,,,22-07-2026 10:58:49,22-07-2026 10:58:49,0.589s,PASSED
"selectOptionByValue(findTestObject(""Pilar 1/Dokumen Go Live/UAT/CBU/Staff-CBU-Submit-Task/Dokumen-Persyaratan-Kredit/Page_KelengkapanKredit/select_b3-b2-b1-Dropdown1""), ""2"", false)",Chrome 150.0.7871.129,,,22-07-2026 10:58:49,22-07-2026 10:58:50,0.547s,PASSED
"selectOptionByValue(findTestObject(""Pilar 1/Dokumen Go Live/UAT/CBU/Staff-CBU-Submit-Task/Dokumen-Persyaratan-Kredit/Page_KelengkapanKredit/select_b3-b2-b1-Dropdown3""), ""0"", false)",Chrome 150.0.7871.129,,,22-07-2026 10:58:50,22-07-2026 10:58:50,0.537s,PASSED
"click(findTestObject(""Pilar 1/Dokumen Go Live/UAT/CBU/Staff-CBU-Submit-Task/Dokumen-Persyaratan-Kredit/Page_KelengkapanKredit/button_Cari""))",Chrome 150.0.7871.129,,,22-07-2026 10:58:50,22-07-2026 10:58:51,0.303s,PASSED
"click(findTestObject(""Pilar 1/Dokumen Go Live/UAT/CBU/Staff-CBU-Submit-Task/Dokumen-Persyaratan-Kredit/Page_KelengkapanKredit/action""))",Chrome 150.0.7871.129,,,22-07-2026 10:58:51,22-07-2026 10:58:51,0.764s,PASSED
"click(findTestObject(""Pilar 1/Dokumen Go Live/UAT/CBU/Staff-CBU-Submit-Task/Dokumen-Persyaratan-Kredit/Page_KelengkapanKredit/div_Pemeriksaan""))",Chrome 150.0.7871.129,,,22-07-2026 10:58:51,22-07-2026 10:58:52,0.526s,PASSED
delay(5),Chrome 150.0.7871.129,,,22-07-2026 10:58:52,22-07-2026 10:58:57,5.016s,PASSED
"click(findTestObject(""Pilar 1/Dokumen Go Live/UAT/CBU/Staff-CBU-Submit-Task/Dokumen-Persyaratan-Kredit/Page_DokumenChecking/i_icon accordion-dokumen-keuangan""))",Chrome 150.0.7871.129,,,22-07-2026 10:58:57,22-07-2026 10:58:57,0.305s,PASSED
"selectOptionByValue(findTestObject(""Pilar 1/Dokumen Go Live/UAT/CBU/Staff-CBU-Submit-Task/Dokumen-Persyaratan-Kredit/Page_DokumenChecking/select_b3-l2-177_0-b11-b1-l2-314_0-b1-l4_0-315_0""), ""0"", false)",Chrome 150.0.7871.129,,,22-07-2026 10:58:57,22-07-2026 10:58:58,0.743s,PASSED
"selectOptionByValue(findTestObject(""Pilar 1/Dokumen Go Live/UAT/CBU/Staff-CBU-Submit-Task/Dokumen-Persyaratan-Kredit/Page_DokumenChecking/select_b3-l2-177_0-b11-b1-l2-314_0-b1-l4_0-315_0_1""), ""0"", false)",Chrome 150.0.7871.129,,,22-07-2026 10:58:58,22-07-2026 10:58:59,0.544s,PASSED
"setText(findTestObject(""Pilar 1/Dokumen Go Live/UAT/CBU/Staff-CBU-Submit-Task/tambahan-text-area/Page_DokumenChecking/textarea_1""), ""testing"")",Chrome 150.0.7871.129,,,22-07-2026 10:58:59,22-07-2026 10:58:59,0.678s,PASSED
"selectOptionByValue(findTestObject(""Pilar 1/Dokumen Go Live/UAT/CBU/Staff-CBU-Submit-Task/Dokumen-Persyaratan-Kredit/Page_DokumenChecking/select_b3-l2-177_0-b11-b1-l2-314_0-b1-l4_0-315_1""), ""1"", false)",Chrome 150.0.7871.129,,,22-07-2026 10:58:59,22-07-2026 10:59:00,0.786s,PASSED
"selectOptionByValue(findTestObject(""Pilar 1/Dokumen Go Live/UAT/CBU/Staff-CBU-Submit-Task/Dokumen-Persyaratan-Kredit/Page_DokumenChecking/select_b3-l2-177_0-b11-b1-l2-314_0-b1-l4_0-315_1_1""), ""0"", false)",Chrome 150.0.7871.129,,,22-07-2026 10:59:00,22-07-2026 10:59:01,0.818s,PASSED
"setText(findTestObject(""Pilar 1/Dokumen Go Live/UAT/CBU/Staff-CBU-Submit-Task/Dokumen-Persyaratan-Kredit/Page_DokumenChecking/textarea_b3-l2-177_0-b11-b1-l2-314_0-b1-l4_0-315""), ""testing"")",Chrome 150.0.7871.129,,,22-07-2026 10:59:01,22-07-2026 10:59:01,0.611s,PASSED
"click(findTestObject(""Pilar 1/Dokumen Go Live/UAT/CBU/Staff-CBU-Submit-Task/Dokumen-Persyaratan-Kredit/Page_DokumenChecking/button_Unggah""))",Chrome 150.0.7871.129,,,22-07-2026 10:59:01,22-07-2026 10:59:02,0.563s,PASSED
delay(5),Chrome 150.0.7871.129,,,22-07-2026 10:59:02,22-07-2026 10:59:07,5.007s,PASSED
"uploadFile(findTestObject(""Pilar 1/Dokumen Go Live/UAT/CBU/Staff-CBU-Submit-Task/Dokumen-Persyaratan-Kredit/Page_DokumenChecking/div_b3-l2-177_0-b11-b1-l2-314_0-b1-b4-dropzone""), Lorem)",Chrome 150.0.7871.129,,,22-07-2026 10:59:07,22-07-2026 10:59:07,0.002s,NOT_RUN
"click(findTestObject(""Pilar 1/Dokumen Go Live/UAT/CBU/Staff-CBU-Submit-Task/Dokumen-Persyaratan-Kredit/Page_DokumenChecking/button_Upload""))",Chrome 150.0.7871.129,,,22-07-2026 10:59:07,22-07-2026 10:59:07,0.000s,NOT_RUN
"selectOptionByValue(findTestObject(""Pilar 1/Dokumen Go Live/UAT/CBU/Staff-CBU-Submit-Task/Dokumen-Persyaratan-Kredit/Page_DokumenChecking/select_b3-l2-177_0-b11-b1-l2-314_0-b1-l4_0-315_2""), ""1"", false)",Chrome 150.0.7871.129,,,22-07-2026 10:59:07,22-07-2026 10:59:11,3.557s,PASSED
"selectOptionByValue(findTestObject(""Pilar 1/Dokumen Go Live/UAT/CBU/Staff-CBU-Submit-Task/Dokumen-Persyaratan-Kredit/Page_DokumenChecking/select_b3-l2-177_0-b11-b1-l2-314_0-b1-l4_0-315_2_1""), ""0"", false)",Chrome 150.0.7871.129,,,22-07-2026 10:59:11,22-07-2026 10:59:11,0.816s,PASSED
"setText(findTestObject(""Pilar 1/Dokumen Go Live/UAT/CBU/Staff-CBU-Submit-Task/Dokumen-Persyaratan-Kredit/Page_DokumenChecking/textarea_b3-l2-177_0-b11-b1-l2-314_0-b1-l4_0-315_1""), ""testing"")",Chrome 150.0.7871.129,,,22-07-2026 10:59:11,22-07-2026 10:59:12,0.651s,PASSED
"click(findTestObject(""Pilar 1/Dokumen Go Live/UAT/CBU/Staff-CBU-Submit-Task/Dokumen-Persyaratan-Kredit/Page_DokumenChecking/button_Unggah_1""))",Chrome 150.0.7871.129,,,22-07-2026 10:59:12,22-07-2026 10:59:13,0.536s,PASSED
delay(5),Chrome 150.0.7871.129,,,22-07-2026 10:59:13,22-07-2026 10:59:18,5.016s,PASSED
"uploadFile(findTestObject(""Pilar 1/Dokumen Go Live/UAT/CBU/Staff-CBU-Submit-Task/Dokumen-Persyaratan-Kredit/Page_DokumenChecking/div_b3-l2-177_0-b11-b1-l2-314_0-b1-b4-dropzone""), Lorem)",Chrome 150.0.7871.129,,,22-07-2026 10:59:18,22-07-2026 10:59:18,0.003s,NOT_RUN
"click(findTestObject(""Pilar 1/Dokumen Go Live/UAT/CBU/Staff-CBU-Submit-Task/Dokumen-Persyaratan-Kredit/Page_DokumenChecking/button_Upload""))",Chrome 150.0.7871.129,,,22-07-2026 10:59:18,22-07-2026 10:59:18,0.000s,NOT_RUN
"click(findTestObject(""Pilar 1/Dokumen Go Live/UAT/CBU/Staff-CBU-Submit-Task/Dokumen-Persyaratan-Kredit/Page_DokumenChecking/i_icon accordion-icon _dokumen-legalitas""))",Chrome 150.0.7871.129,,,22-07-2026 10:59:18,22-07-2026 10:59:18,0.314s,PASSED
"selectOptionByValue(findTestObject(""Pilar 1/Dokumen Go Live/UAT/CBU/Staff-CBU-Submit-Task/Dokumen-Persyaratan-Kredit/Page_DokumenChecking/select_b3-l2-185_0-b11-b1-l2-325_1-b1-l4_0-327_0_1""), ""0"", false)",Chrome 150.0.7871.129,,,22-07-2026 10:59:18,22-07-2026 10:59:19,0.749s,PASSED
"setText(findTestObject(""Pilar 1/Dokumen Go Live/UAT/CBU/Staff-CBU-Submit-Task/tambahan-text-area/Page_DokumenChecking/textarea_2""), ""testing"")",Chrome 150.0.7871.129,,,22-07-2026 10:59:19,22-07-2026 10:59:19,0.688s,PASSED
"selectOptionByValue(findTestObject(""Pilar 1/Dokumen Go Live/UAT/CBU/Staff-CBU-Submit-Task/Dokumen-Persyaratan-Kredit/Page_DokumenChecking/select_b3-l2-185_0-b11-b1-l2-325_1-b1-l4_0-327_0""), ""0"", false)",Chrome 150.0.7871.129,,,22-07-2026 10:59:19,22-07-2026 10:59:20,0.769s,PASSED
"selectOptionByValue(findTestObject(""Pilar 1/Dokumen Go Live/UAT/CBU/Staff-CBU-Submit-Task/Dokumen-Persyaratan-Kredit/Page_DokumenChecking/select_b3-l2-185_0-b11-b1-l2-325_1-b1-l4_0-327_1""), ""0"", false)",Chrome 150.0.7871.129,,,22-07-2026 10:59:20,22-07-2026 10:59:21,0.530s,PASSED
"selectOptionByValue(findTestObject(""Pilar 1/Dokumen Go Live/UAT/CBU/Staff-CBU-Submit-Task/Dokumen-Persyaratan-Kredit/Page_DokumenChecking/select_b3-l2-185_0-b11-b1-l2-325_1-b1-l4_0-327_1_1""), ""0"", false)",Chrome 150.0.7871.129,,,22-07-2026 10:59:21,22-07-2026 10:59:21,0.536s,PASSED
"setText(findTestObject(""Pilar 1/Dokumen Go Live/UAT/CBU/Staff-CBU-Submit-Task/tambahan-text-area/Page_DokumenChecking/textarea_3""), ""testing"")",Chrome 150.0.7871.129,,,22-07-2026 10:59:21,22-07-2026 10:59:22,0.682s,PASSED
"selectOptionByValue(findTestObject(""Pilar 1/Dokumen Go Live/UAT/CBU/Staff-CBU-Submit-Task/Dokumen-Persyaratan-Kredit/Page_DokumenChecking/select_b3-l2-185_0-b11-b1-l2-325_1-b1-l4_0-327_2""), ""0"", false)",Chrome 150.0.7871.129,,,22-07-2026 10:59:22,22-07-2026 10:59:23,0.716s,PASSED
"selectOptionByValue(findTestObject(""Pilar 1/Dokumen Go Live/UAT/CBU/Staff-CBU-Submit-Task/Dokumen-Persyaratan-Kredit/Page_DokumenChecking/select_b3-l2-185_0-b11-b1-l2-325_1-b1-l4_0-327_2_1""), ""0"", false)",Chrome 150.0.7871.129,,,22-07-2026 10:59:23,22-07-2026 10:59:23,0.583s,PASSED
"setText(findTestObject(""Pilar 1/Dokumen Go Live/UAT/CBU/Staff-CBU-Submit-Task/tambahan-text-area/Page_DokumenChecking/textarea_4""), ""testing"")",Chrome 150.0.7871.129,,,22-07-2026 10:59:23,22-07-2026 10:59:24,0.685s,PASSED
"selectOptionByValue(findTestObject(""Pilar 1/Dokumen Go Live/UAT/CBU/Staff-CBU-Submit-Task/Dokumen-Persyaratan-Kredit/Page_DokumenChecking/select_b3-l2-185_0-b11-b1-l2-325_1-b1-l4_0-327_3""), ""0"", false)",Chrome 150.0.7871.129,,,22-07-2026 10:59:24,22-07-2026 10:59:25,0.766s,PASSED
"selectOptionByValue(findTestObject(""Pilar 1/Dokumen Go Live/UAT/CBU/Staff-CBU-Submit-Task/Dokumen-Persyaratan-Kredit/Page_DokumenChecking/select_b3-l2-185_0-b11-b1-l2-325_1-b1-l4_0-327_3_1""), ""0"", false)",Chrome 150.0.7871.129,,,22-07-2026 10:59:25,22-07-2026 10:59:25,0.644s,PASSED
"setText(findTestObject(""Pilar 1/Dokumen Go Live/UAT/CBU/Staff-CBU-Submit-Task/tambahan-text-area/Page_DokumenChecking/textarea_5""), ""testing"")",Chrome 150.0.7871.129,,,22-07-2026 10:59:25,22-07-2026 10:59:26,0.678s,PASSED
"selectOptionByValue(findTestObject(""Pilar 1/Dokumen Go Live/UAT/CBU/Staff-CBU-Submit-Task/Dokumen-Persyaratan-Kredit/Page_DokumenChecking/select_b3-l2-185_0-b11-b1-l2-325_1-b1-l4_0-327_4""), ""0"", false)",Chrome 150.0.7871.129,,,22-07-2026 10:59:26,22-07-2026 10:59:27,0.769s,PASSED
"selectOptionByValue(findTestObject(""Pilar 1/Dokumen Go Live/UAT/CBU/Staff-CBU-Submit-Task/Dokumen-Persyaratan-Kredit/Page_DokumenChecking/select_b3-l2-185_0-b11-b1-l2-325_1-b1-l4_0-327_4_1""), ""0"", false)",Chrome 150.0.7871.129,,,22-07-2026 10:59:27,22-07-2026 10:59:27,0.561s,PASSED
"setText(findTestObject(""Pilar 1/Dokumen Go Live/UAT/CBU/Staff-CBU-Submit-Task/tambahan-text-area/Page_DokumenChecking/textarea_6""), ""testing"")",Chrome 150.0.7871.129,,,22-07-2026 10:59:27,22-07-2026 10:59:28,0.695s,PASSED
"selectOptionByValue(findTestObject(""Pilar 1/Dokumen Go Live/UAT/CBU/Staff-CBU-Submit-Task/Dokumen-Persyaratan-Kredit/Page_DokumenChecking/select_b3-l2-185_0-b11-b1-l2-325_1-b1-l4_0-327_5""), ""0"", false)",Chrome 150.0.7871.129,,,22-07-2026 10:59:28,22-07-2026 10:59:29,0.735s,PASSED
"selectOptionByValue(findTestObject(""Pilar 1/Dokumen Go Live/UAT/CBU/Staff-CBU-Submit-Task/Dokumen-Persyaratan-Kredit/Page_DokumenChecking/select_b3-l2-185_0-b11-b1-l2-325_1-b1-l4_0-327_5_1""), ""0"", false)",Chrome 150.0.7871.129,,,22-07-2026 10:59:29,22-07-2026 10:59:29,0.605s,PASSED
"setText(findTestObject(""Pilar 1/Dokumen Go Live/UAT/CBU/Staff-CBU-Submit-Task/tambahan-text-area/Page_DokumenChecking/textarea_7""), ""testing"")",Chrome 150.0.7871.129,,,22-07-2026 10:59:29,22-07-2026 10:59:30,0.666s,PASSED
"selectOptionByValue(findTestObject(""Pilar 1/Dokumen Go Live/UAT/CBU/Staff-CBU-Submit-Task/Dokumen-Persyaratan-Kredit/Page_DokumenChecking/select_b3-l2-185_0-b11-b1-l2-325_1-b1-l4_0-327_6""), ""0"", false)",Chrome 150.0.7871.129,,,22-07-2026 10:59:30,22-07-2026 10:59:31,0.756s,PASSED
"selectOptionByValue(findTestObject(""Pilar 1/Dokumen Go Live/UAT/CBU/Staff-CBU-Submit-Task/Dokumen-Persyaratan-Kredit/Page_DokumenChecking/select_b3-l2-185_0-b11-b1-l2-325_1-b1-l4_0-327_6_1""), ""0"", false)",Chrome 150.0.7871.129,,,22-07-2026 10:59:31,22-07-2026 10:59:31,0.563s,PASSED
"setText(findTestObject(""Pilar 1/Dokumen Go Live/UAT/CBU/Staff-CBU-Submit-Task/tambahan-text-area/Page_DokumenChecking/textarea_8""), ""testing"")",Chrome 150.0.7871.129,,,22-07-2026 10:59:31,22-07-2026 10:59:32,0.683s,PASSED
delay(3),Chrome 150.0.7871.129,,,22-07-2026 10:59:32,22-07-2026 10:59:35,3.012s,PASSED
"click(findTestObject(""Pilar 1/Dokumen Go Live/UAT/CBU/Staff-CBU-Submit-Task/Dokumen-Persyaratan-Kredit/Page_DokumenChecking/i_icon accordion-icon-dokumen-pendukung""))",Chrome 150.0.7871.129,,,22-07-2026 10:59:35,22-07-2026 10:59:35,0.312s,PASSED
"selectOptionByValue(findTestObject(""Pilar 1/Dokumen Go Live/UAT/CBU/Staff-CBU-Submit-Task/Dokumen-Persyaratan-Kredit/Page_DokumenChecking/select_b3-l2-185_0-b11-b1-l2-325_2-b1-l4_0-328_0""), ""0"", false)",Chrome 150.0.7871.129,,,22-07-2026 10:59:35,22-07-2026 10:59:36,0.800s,PASSED
"selectOptionByValue(findTestObject(""Pilar 1/Dokumen Go Live/UAT/CBU/Staff-CBU-Submit-Task/Dokumen-Persyaratan-Kredit/Page_DokumenChecking/select_b3-l2-185_0-b11-b1-l2-325_2-b1-l4_0-328_0_1""), ""0"", false)",Chrome 150.0.7871.129,,,22-07-2026 10:59:36,22-07-2026 10:59:37,0.570s,PASSED
"setText(findTestObject(""Pilar 1/Dokumen Go Live/UAT/CBU/Staff-CBU-Submit-Task/tambahan-text-area/Page_DokumenChecking/textarea_9""), ""testing"")",Chrome 150.0.7871.129,,,22-07-2026 10:59:37,22-07-2026 10:59:37,0.742s,PASSED
"selectOptionByValue(findTestObject(""Pilar 1/Dokumen Go Live/UAT/CBU/Staff-CBU-Submit-Task/Dokumen-Persyaratan-Kredit/Page_DokumenChecking/select_b3-l2-185_0-b11-b1-l2-325_2-b1-l4_0-328_1""), ""0"", false)",Chrome 150.0.7871.129,,,22-07-2026 10:59:37,22-07-2026 10:59:38,0.719s,PASSED
"selectOptionByValue(findTestObject(""Pilar 1/Dokumen Go Live/UAT/CBU/Staff-CBU-Submit-Task/Dokumen-Persyaratan-Kredit/Page_DokumenChecking/select_b3-l2-185_0-b11-b1-l2-325_2-b1-l4_0-328_1_1""), ""0"", false)",Chrome 150.0.7871.129,,,22-07-2026 10:59:38,22-07-2026 10:59:39,0.546s,PASSED
"setText(findTestObject(""Pilar 1/Dokumen Go Live/UAT/CBU/Staff-CBU-Submit-Task/tambahan-text-area/Page_DokumenChecking/textarea_10""), ""testing"")",Chrome 150.0.7871.129,,,22-07-2026 10:59:39,22-07-2026 10:59:39,0.720s,PASSED
"selectOptionByValue(findTestObject(""Pilar 1/Dokumen Go Live/UAT/CBU/Staff-CBU-Submit-Task/Dokumen-Persyaratan-Kredit/Page_DokumenChecking/select_b3-l2-185_0-b11-b1-l2-325_2-b1-l4_0-328_2""), ""0"", false)",Chrome 150.0.7871.129,,,22-07-2026 10:59:39,22-07-2026 10:59:40,0.766s,PASSED
"selectOptionByValue(findTestObject(""Pilar 1/Dokumen Go Live/UAT/CBU/Staff-CBU-Submit-Task/Dokumen-Persyaratan-Kredit/Page_DokumenChecking/select_b3-l2-185_0-b11-b1-l2-325_2-b1-l4_0-328_2_1""), ""0"", false)",Chrome 150.0.7871.129,,,22-07-2026 10:59:40,22-07-2026 10:59:41,0.545s,PASSED
"setText(findTestObject(""Pilar 1/Dokumen Go Live/UAT/CBU/Staff-CBU-Submit-Task/tambahan-text-area/Page_DokumenChecking/textarea_11""), ""testing"")",Chrome 150.0.7871.129,,,22-07-2026 10:59:41,22-07-2026 10:59:41,0.759s,PASSED
"selectOptionByValue(findTestObject(""Pilar 1/Dokumen Go Live/UAT/CBU/Staff-CBU-Submit-Task/Dokumen-Persyaratan-Kredit/Page_DokumenChecking/select_b3-l2-185_0-b11-b1-l2-325_2-b1-l4_0-328_3""), ""0"", false)",Chrome 150.0.7871.129,,,22-07-2026 10:59:41,22-07-2026 10:59:42,0.771s,PASSED
"selectOptionByValue(findTestObject(""Pilar 1/Dokumen Go Live/UAT/CBU/Staff-CBU-Submit-Task/Dokumen-Persyaratan-Kredit/Page_DokumenChecking/select_b3-l2-185_0-b11-b1-l2-325_2-b1-l4_0-328_3_1""), ""0"", false)",Chrome 150.0.7871.129,,,22-07-2026 10:59:42,22-07-2026 10:59:43,0.573s,PASSED
"setText(findTestObject(""Pilar 1/Dokumen Go Live/UAT/CBU/Staff-CBU-Submit-Task/tambahan-text-area/Page_DokumenChecking/textarea_12""), ""testing"")",Chrome 150.0.7871.129,,,22-07-2026 10:59:43,22-07-2026 10:59:44,0.712s,PASSED
"selectOptionByValue(findTestObject(""Pilar 1/Dokumen Go Live/UAT/CBU/Staff-CBU-Submit-Task/Dokumen-Persyaratan-Kredit/Page_DokumenChecking/select_b3-l2-185_0-b11-b1-l2-325_2-b1-l4_0-328_4""), ""0"", false)",Chrome 150.0.7871.129,,,22-07-2026 10:59:44,22-07-2026 10:59:44,0.769s,PASSED
"selectOptionByValue(findTestObject(""Pilar 1/Dokumen Go Live/UAT/CBU/Staff-CBU-Submit-Task/Dokumen-Persyaratan-Kredit/Page_DokumenChecking/select_b3-l2-185_0-b11-b1-l2-325_2-b1-l4_0-328_4_1""), ""0"", false)",Chrome 150.0.7871.129,,,22-07-2026 10:59:44,22-07-2026 10:59:45,0.567s,PASSED
"setText(findTestObject(""Pilar 1/Dokumen Go Live/UAT/CBU/Staff-CBU-Submit-Task/tambahan-text-area/Page_DokumenChecking/textarea_13""), ""testing"")",Chrome 150.0.7871.129,,,22-07-2026 10:59:45,22-07-2026 10:59:46,0.691s,PASSED
"selectOptionByValue(findTestObject(""Pilar 1/Dokumen Go Live/UAT/CBU/Staff-CBU-Submit-Task/Dokumen-Persyaratan-Kredit/Page_DokumenChecking/select_b3-l2-185_0-b11-b1-l2-325_2-b1-l4_0-328_5""), ""0"", false)",Chrome 150.0.7871.129,,,22-07-2026 10:59:46,22-07-2026 10:59:46,0.789s,PASSED
"selectOptionByValue(findTestObject(""Pilar 1/Dokumen Go Live/UAT/CBU/Staff-CBU-Submit-Task/Dokumen-Persyaratan-Kredit/Page_DokumenChecking/select_b3-l2-185_0-b11-b1-l2-325_2-b1-l4_0-328_5_1""), ""0"", false)",Chrome 150.0.7871.129,,,22-07-2026 10:59:46,22-07-2026 10:59:47,0.592s,PASSED
"setText(findTestObject(""Pilar 1/Dokumen Go Live/UAT/CBU/Staff-CBU-Submit-Task/tambahan-text-area/Page_DokumenChecking/textarea_14""), ""testing"")",Chrome 150.0.7871.129,,,22-07-2026 10:59:47,22-07-2026 10:59:48,0.717s,PASSED
"selectOptionByValue(findTestObject(""Pilar 1/Dokumen Go Live/UAT/CBU/Staff-CBU-Submit-Task/Dokumen-Persyaratan-Kredit/Page_DokumenChecking/select_b3-l2-185_0-b11-b1-l2-325_2-b1-l4_0-328_6""), ""0"", false)",Chrome 150.0.7871.129,,,22-07-2026 10:59:48,22-07-2026 10:59:48,0.774s,PASSED
"selectOptionByValue(findTestObject(""Pilar 1/Dokumen Go Live/UAT/CBU/Staff-CBU-Submit-Task/Dokumen-Persyaratan-Kredit/Page_DokumenChecking/select_b3-l2-185_0-b11-b1-l2-325_2-b1-l4_0-328_6_1""), ""0"", false)",Chrome 150.0.7871.129,,,22-07-2026 10:59:48,22-07-2026 10:59:49,0.631s,PASSED
"setText(findTestObject(""Pilar 1/Dokumen Go Live/UAT/CBU/Staff-CBU-Submit-Task/tambahan-text-area/Page_DokumenChecking/textarea_15""), ""testing"")",Chrome 150.0.7871.129,,,22-07-2026 10:59:49,22-07-2026 10:59:50,0.678s,PASSED
"selectOptionByValue(findTestObject(""Pilar 1/Dokumen Go Live/UAT/CBU/Staff-CBU-Submit-Task/Dokumen-Persyaratan-Kredit/Page_DokumenChecking/select_b3-l2-185_0-b11-b1-l2-325_2-b1-l4_0-328_7""), ""0"", false)",Chrome 150.0.7871.129,,,22-07-2026 10:59:50,22-07-2026 10:59:51,0.775s,PASSED
"selectOptionByValue(findTestObject(""Pilar 1/Dokumen Go Live/UAT/CBU/Staff-CBU-Submit-Task/Dokumen-Persyaratan-Kredit/Page_DokumenChecking/select_b3-l2-185_0-b11-b1-l2-325_2-b1-l4_0-328_7_1""), ""0"", false)",Chrome 150.0.7871.129,,,22-07-2026 10:59:51,22-07-2026 10:59:51,0.558s,PASSED
"setText(findTestObject(""Pilar 1/Dokumen Go Live/UAT/CBU/Staff-CBU-Submit-Task/tambahan-text-area/Page_DokumenChecking/textarea_16""), ""testing"")",Chrome 150.0.7871.129,,,22-07-2026 10:59:51,22-07-2026 10:59:52,0.718s,PASSED
"selectOptionByValue(findTestObject(""Pilar 1/Dokumen Go Live/UAT/CBU/Staff-CBU-Submit-Task/Dokumen-Persyaratan-Kredit/Page_DokumenChecking/select_b3-l2-185_0-b11-b1-l2-325_2-b1-l4_0-328_8""), ""0"", false)",Chrome 150.0.7871.129,,,22-07-2026 10:59:52,22-07-2026 10:59:53,0.765s,PASSED
"selectOptionByValue(findTestObject(""Pilar 1/Dokumen Go Live/UAT/CBU/Staff-CBU-Submit-Task/Dokumen-Persyaratan-Kredit/Page_DokumenChecking/select_b3-l2-185_0-b11-b1-l2-325_2-b1-l4_0-328_8_1""), ""0"", false)",Chrome 150.0.7871.129,,,22-07-2026 10:59:53,22-07-2026 10:59:53,0.568s,PASSED
"setText(findTestObject(""Pilar 1/Dokumen Go Live/UAT/CBU/Staff-CBU-Submit-Task/tambahan-text-area/Page_DokumenChecking/textarea_17""), ""testing"")",Chrome 150.0.7871.129,,,22-07-2026 10:59:53,22-07-2026 10:59:54,0.682s,PASSED
delay(3),Chrome 150.0.7871.129,,,22-07-2026 10:59:54,22-07-2026 10:59:57,3.015s,PASSED
"click(findTestObject(""Pilar 1/Dokumen Go Live/UAT/CBU/Staff-CBU-Submit-Task/Dokumen-Persyaratan-Kredit/Page_DokumenChecking/i_icon accordion-icon-dokumen-penjamin""))",Chrome 150.0.7871.129,,,22-07-2026 10:59:57,22-07-2026 10:59:57,0.353s,PASSED
"selectOptionByValue(findTestObject(""Pilar 1/Dokumen Go Live/UAT/CBU/Staff-CBU-Submit-Task/Dokumen-Persyaratan-Kredit/Page_DokumenChecking/select_b3-l2-185_0-b11-b1-l2-325_3-b1-l4_0-329_0""), ""0"", false)",Chrome 150.0.7871.129,,,22-07-2026 10:59:57,22-07-2026 10:59:58,0.791s,PASSED
"selectOptionByValue(findTestObject(""Pilar 1/Dokumen Go Live/UAT/CBU/Staff-CBU-Submit-Task/Dokumen-Persyaratan-Kredit/Page_DokumenChecking/select_b3-l2-185_0-b11-b1-l2-325_3-b1-l4_0-329_0_1""), ""0"", false)",Chrome 150.0.7871.129,,,22-07-2026 10:59:58,22-07-2026 10:59:59,0.543s,PASSED
"setText(findTestObject(""Pilar 1/Dokumen Go Live/UAT/CBU/Staff-CBU-Submit-Task/tambahan-text-area/Page_DokumenChecking/textarea_18""), ""testing"")",Chrome 150.0.7871.129,,,22-07-2026 10:59:59,22-07-2026 10:59:59,0.813s,PASSED
"selectOptionByValue(findTestObject(""Pilar 1/Dokumen Go Live/UAT/CBU/Staff-CBU-Submit-Task/Dokumen-Persyaratan-Kredit/Page_DokumenChecking/select_b3-l2-185_0-b11-b1-l2-325_3-b1-l4_0-329_1""), ""0"", false)",Chrome 150.0.7871.129,,,22-07-2026 10:59:59,22-07-2026 11:00:00,0.926s,PASSED
"selectOptionByValue(findTestObject(""Pilar 1/Dokumen Go Live/UAT/CBU/Staff-CBU-Submit-Task/Dokumen-Persyaratan-Kredit/Page_DokumenChecking/select_b3-l2-185_0-b11-b1-l2-325_3-b1-l4_0-329_1_1""), ""0"", false)",Chrome 150.0.7871.129,,,22-07-2026 11:00:00,22-07-2026 11:00:01,0.746s,PASSED
"setText(findTestObject(""Pilar 1/Dokumen Go Live/UAT/CBU/Staff-CBU-Submit-Task/tambahan-text-area/Page_DokumenChecking/textarea_19""), ""testing"")",Chrome 150.0.7871.129,,,22-07-2026 11:00:01,22-07-2026 11:00:02,0.707s,PASSED
"selectOptionByValue(findTestObject(""Pilar 1/Dokumen Go Live/UAT/CBU/Staff-CBU-Submit-Task/Dokumen-Persyaratan-Kredit/Page_DokumenChecking/select_b3-l2-185_0-b11-b1-l2-325_3-b1-l4_0-329_2""), ""0"", false)",Chrome 150.0.7871.129,,,22-07-2026 11:00:02,22-07-2026 11:00:02,0.770s,PASSED
"selectOptionByValue(findTestObject(""Pilar 1/Dokumen Go Live/UAT/CBU/Staff-CBU-Submit-Task/Dokumen-Persyaratan-Kredit/Page_DokumenChecking/select_b3-l2-185_0-b11-b1-l2-325_3-b1-l4_0-329_2_1""), ""0"", false)",Chrome 150.0.7871.129,,,22-07-2026 11:00:02,22-07-2026 11:00:03,0.549s,PASSED
"setText(findTestObject(""Pilar 1/Dokumen Go Live/UAT/CBU/Staff-CBU-Submit-Task/tambahan-text-area/Page_DokumenChecking/textarea_20""), ""testing"")",Chrome 150.0.7871.129,,,22-07-2026 11:00:03,22-07-2026 11:00:04,0.691s,PASSED
"selectOptionByValue(findTestObject(""Pilar 1/Dokumen Go Live/UAT/CBU/Staff-CBU-Submit-Task/Dokumen-Persyaratan-Kredit/Page_DokumenChecking/select_b3-l2-185_0-b11-b1-l2-325_3-b1-l4_0-329_3""), ""0"", false)",Chrome 150.0.7871.129,,,22-07-2026 11:00:04,22-07-2026 11:00:04,0.756s,PASSED
"selectOptionByValue(findTestObject(""Pilar 1/Dokumen Go Live/UAT/CBU/Staff-CBU-Submit-Task/Dokumen-Persyaratan-Kredit/Page_DokumenChecking/select_b3-l2-185_0-b11-b1-l2-325_3-b1-l4_0-329_3_1""), ""0"", false)",Chrome 150.0.7871.129,,,22-07-2026 11:00:04,22-07-2026 11:00:05,0.553s,PASSED
"setText(findTestObject(""Pilar 1/Dokumen Go Live/UAT/CBU/Staff-CBU-Submit-Task/tambahan-text-area/Page_DokumenChecking/textarea_21""), ""testing"")",Chrome 150.0.7871.129,,,22-07-2026 11:00:05,22-07-2026 11:00:06,0.657s,PASSED
delay(3),Chrome 150.0.7871.129,,,22-07-2026 11:00:06,22-07-2026 11:00:09,3.017s,PASSED
"click(findTestObject(""Pilar 1/Dokumen Go Live/UAT/CBU/Staff-CBU-Submit-Task/Dokumen-Persyaratan-Kredit/Page_DokumenChecking/i_icon accordion-icon-dokumen-proyek""))",Chrome 150.0.7871.129,,,22-07-2026 11:00:09,22-07-2026 11:00:09,0.294s,PASSED
"selectOptionByValue(findTestObject(""Pilar 1/Dokumen Go Live/UAT/CBU/Staff-CBU-Submit-Task/Dokumen-Persyaratan-Kredit/Page_DokumenChecking/select_b3-l2-185_0-b11-b1-l2-325_4-b1-l4_0-330_0""), ""0"", false)",Chrome 150.0.7871.129,,,22-07-2026 11:00:09,22-07-2026 11:00:10,0.781s,PASSED
"selectOptionByValue(findTestObject(""Pilar 1/Dokumen Go Live/UAT/CBU/Staff-CBU-Submit-Task/Dokumen-Persyaratan-Kredit/Page_DokumenChecking/select_b3-l2-185_0-b11-b1-l2-325_4-b1-l4_0-330_0_1""), ""0"", false)",Chrome 150.0.7871.129,,,22-07-2026 11:00:10,22-07-2026 11:00:10,0.560s,PASSED
"setText(findTestObject(""Pilar 1/Dokumen Go Live/UAT/CBU/Staff-CBU-Submit-Task/tambahan-text-area/Page_DokumenChecking/textarea_22""), ""testing"")",Chrome 150.0.7871.129,,,22-07-2026 11:00:10,22-07-2026 11:00:11,0.646s,PASSED
"selectOptionByValue(findTestObject(""Pilar 1/Dokumen Go Live/UAT/CBU/Staff-CBU-Submit-Task/Dokumen-Persyaratan-Kredit/Page_DokumenChecking/select_b3-l2-185_0-b11-b1-l2-325_4-b1-l4_0-330_1""), ""0"", false)",Chrome 150.0.7871.129,,,22-07-2026 11:00:11,22-07-2026 11:00:12,0.760s,PASSED
"selectOptionByValue(findTestObject(""Pilar 1/Dokumen Go Live/UAT/CBU/Staff-CBU-Submit-Task/Dokumen-Persyaratan-Kredit/Page_DokumenChecking/select_b3-l2-185_0-b11-b1-l2-325_4-b1-l4_0-330_1_1""), ""0"", false)",Chrome 150.0.7871.129,,,22-07-2026 11:00:12,22-07-2026 11:00:12,0.564s,PASSED
"setText(findTestObject(""Pilar 1/Dokumen Go Live/UAT/CBU/Staff-CBU-Submit-Task/tambahan-text-area/Page_DokumenChecking/textarea_23""), ""testing"")",Chrome 150.0.7871.129,,,22-07-2026 11:00:12,22-07-2026 11:00:13,0.662s,PASSED
"selectOptionByValue(findTestObject(""Pilar 1/Dokumen Go Live/UAT/CBU/Staff-CBU-Submit-Task/Dokumen-Persyaratan-Kredit/Page_DokumenChecking/select_b3-l2-185_0-b11-b1-l2-325_4-b1-l4_0-330_2""), ""0"", false)",Chrome 150.0.7871.129,,,22-07-2026 11:00:13,22-07-2026 11:00:14,0.751s,PASSED
"selectOptionByValue(findTestObject(""Pilar 1/Dokumen Go Live/UAT/CBU/Staff-CBU-Submit-Task/Dokumen-Persyaratan-Kredit/Page_DokumenChecking/select_b3-l2-185_0-b11-b1-l2-325_4-b1-l4_0-330_2_1""), ""0"", false)",Chrome 150.0.7871.129,,,22-07-2026 11:00:14,22-07-2026 11:00:14,0.550s,PASSED
"setText(findTestObject(""Pilar 1/Dokumen Go Live/UAT/CBU/Staff-CBU-Submit-Task/tambahan-text-area/Page_DokumenChecking/textarea_24""), ""testing"")",Chrome 150.0.7871.129,,,22-07-2026 11:00:14,22-07-2026 11:00:15,0.662s,PASSED
"click(findTestObject(""Pilar 1/Dokumen Go Live/UAT/CBU/Staff-CBU-Submit-Task/Dokumen-Persyaratan-Kredit/Page_DokumenChecking/button_Draft""))",Chrome 150.0.7871.129,,,22-07-2026 11:00:15,22-07-2026 11:00:15,0.535s,PASSED
delay(5),Chrome 150.0.7871.129,,,22-07-2026 11:00:15,22-07-2026 11:00:20,5.014s,PASSED
"click(findTestObject(""Pilar 1/Dokumen Go Live/UAT/CBU/Staff-CBU-Submit-Task/Dokumen-Persyaratan-Kredit/Page_DokumenChecking/button_Next""))",Chrome 150.0.7871.129,,,22-07-2026 11:00:20,22-07-2026 11:00:22,1.706s,PASSED
"click(findTestObject(""Pilar 1/Dokumen Go Live/UAT/CBU/Staff-CBU-Submit-Task/Dokumen-Persyaratan-Kredit/Page_DokumenChecking/button_Draft""))",Chrome 150.0.7871.129,,,22-07-2026 11:00:22,22-07-2026 11:00:22,0.002s,NOT_RUN
"click(findTestObject(""Pilar 1/Dokumen Go Live/UAT/CBU/Staff-CBU-Submit-Task/Dokumen-Persyaratan-Kredit/Page_DokumenChecking/button_Next""))",Chrome 150.0.7871.129,,,22-07-2026 11:00:22,22-07-2026 11:00:22,0.000s,NOT_RUN
,,,,,,,
Test Cases/Pilar 1/Dokumen Go Live/UAT/CBU/Staff-CBU-Dokumen-Objek_Pembiayaan,Chrome 150.0.7871.129,,,22-07-2026 11:00:22,22-07-2026 11:01:33,1m - 10.356s,PASSED
"callTestCase(findTestCase(""Pilar 1/Login/UAT/Staff-CBU""), [:], STOP_ON_FAILURE)",Chrome 150.0.7871.129,,,22-07-2026 11:00:22,22-07-2026 11:00:59,36.832s,PASSED
"click(findTestObject(""Pilar 1/Dokumen Go Live/UAT/CBU/Staff-CBU-Submit-Task/Dokumen-Persyaratan-Kredit/Page_Dashboard/div_b2-l1-16_3-b3-SubMenuHeader""))",Chrome 150.0.7871.129,,,22-07-2026 11:00:59,22-07-2026 11:01:06,6.892s,PASSED
"click(findTestObject(""Pilar 1/Dokumen Go Live/UAT/CBU/Staff-CBU-Submit-Task/Dokumen-Persyaratan-Kredit/Page_Dashboard/div_b2-l1-16_3-b4-l1-23_4-b1-SubMenuHeader""))",Chrome 150.0.7871.129,,,22-07-2026 11:01:06,22-07-2026 11:01:07,0.527s,PASSED
"click(findTestObject(""Pilar 1/Dokumen Go Live/UAT/CBU/Staff-CBU-Submit-Task/Dokumen-Persyaratan-Kredit/Page_Dashboard/a_Dokumen Golive""))",Chrome 150.0.7871.129,,,22-07-2026 11:01:07,22-07-2026 11:01:07,0.303s,PASSED
"setText(findTestObject(""Pilar 1/Dokumen Go Live/UAT/CBU/Staff-CBU-Submit-Task/Dokumen-Persyaratan-Kredit/Page_KelengkapanKredit/input_b3-b2-b1-Input_StartDate""), ""22-07-2026"")",Chrome 150.0.7871.129,,,22-07-2026 11:01:07,22-07-2026 11:01:10,2.838s,PASSED
"setText(findTestObject(""Pilar 1/Dokumen Go Live/UAT/CBU/Staff-CBU-Submit-Task/Dokumen-Persyaratan-Kredit/Page_KelengkapanKredit/input_b3-b2-b1-Input_StartDate2""), ""22-07-2026"")",Chrome 150.0.7871.129,,,22-07-2026 11:01:10,22-07-2026 11:01:10,0.565s,PASSED
"selectOptionByValue(findTestObject(""Pilar 1/Dokumen Go Live/UAT/CBU/Staff-CBU-Submit-Task/Dokumen-Persyaratan-Kredit/Page_KelengkapanKredit/select_b3-b2-b1-Dropdown1""), ""2"", false)",Chrome 150.0.7871.129,,,22-07-2026 11:01:10,22-07-2026 11:01:11,0.591s,PASSED
"selectOptionByValue(findTestObject(""Pilar 1/Dokumen Go Live/UAT/CBU/Staff-CBU-Submit-Task/Dokumen-Persyaratan-Kredit/Page_KelengkapanKredit/select_b3-b2-b1-Dropdown3""), ""1"", false)",Chrome 150.0.7871.129,,,22-07-2026 11:01:11,22-07-2026 11:01:11,0.528s,PASSED
"click(findTestObject(""Pilar 1/Dokumen Go Live/UAT/CBU/Staff-CBU-Submit-Task/Dokumen-Persyaratan-Kredit/Page_KelengkapanKredit/button_Cari""))",Chrome 150.0.7871.129,,,22-07-2026 11:01:11,22-07-2026 11:01:12,0.294s,PASSED
"click(findTestObject(""Pilar 1/Dokumen Go Live/UAT/CBU/Staff-CBU-Submit-Task/Dokumen-Persyaratan-Kredit/Page_KelengkapanKredit/action""))",Chrome 150.0.7871.129,,,22-07-2026 11:01:12,22-07-2026 11:01:12,0.744s,PASSED
"click(findTestObject(""Pilar 1/Dokumen Go Live/UAT/CBU/Staff-CBU-Submit-Task/Dokumen-Persyaratan-Kredit/Page_KelengkapanKredit/div_Pemeriksaan""))",Chrome 150.0.7871.129,,,22-07-2026 11:01:12,22-07-2026 11:01:13,0.507s,PASSED
"click(findTestObject(""Pilar 1/Dokumen Go Live/UAT/CBU/Staff-CBU-Submit-Task/Dokumen-Persyaratan-Kredit/Page_DokumenChecking/button_Draft""))",Chrome 150.0.7871.129,,,22-07-2026 11:01:13,22-07-2026 11:01:16,3.126s,PASSED
"click(findTestObject(""Pilar 1/Dokumen Go Live/UAT/CBU/Staff-CBU-Submit-Task/Dokumen-Persyaratan-Kredit/Page_DokumenChecking/button_Next""))",Chrome 150.0.7871.129,,,22-07-2026 11:01:16,22-07-2026 11:01:22,5.819s,PASSED
delay(5),Chrome 150.0.7871.129,,,22-07-2026 11:01:22,22-07-2026 11:01:27,5.019s,PASSED
"clickImage(findTestObject(""Pilar 1/Dokumen Go Live/UAT/CBU/Staff-CBU-Submit-Task/Dokumen-Objek-Pembiayaan/Page_DokumenChecking/Accordion_DokumenObjek_Pembiayaan""))",Chrome 150.0.7871.129,,,22-07-2026 11:01:27,22-07-2026 11:01:27,0.000s,NOT_RUN
"selectOptionByValue(findTestObject(""Pilar 1/Dokumen Go Live/UAT/CBU/Staff-CBU-Submit-Task/Dokumen-Objek-Pembiayaan/Page_DokumenChecking/select_b3-l2-562_1-b11-b3-l2-661_0-b2-l4_0-720_0""), ""0"", false)",Chrome 150.0.7871.129,,,22-07-2026 11:01:27,22-07-2026 11:01:27,0.000s,NOT_RUN
"selectOptionByValue(findTestObject(""Pilar 1/Dokumen Go Live/UAT/CBU/Staff-CBU-Submit-Task/Dokumen-Objek-Pembiayaan/Page_DokumenChecking/select_b3-l2-562_1-b11-b3-l2-661_0-b2-l4_0-720_0_1""), ""0"", false)",Chrome 150.0.7871.129,,,22-07-2026 11:01:27,22-07-2026 11:01:27,0.000s,NOT_RUN
"setText(findTestObject(""Pilar 1/Dokumen Go Live/UAT/CBU/Staff-CBU-Submit-Task/Dokumen-Objek-Pembiayaan/Page_DokumenChecking/textarea_b3-l2-562_1-b11-b3-l2-661_0-b2-l4_0-720""), ""Testing"")",Chrome 150.0.7871.129,,,22-07-2026 11:01:27,22-07-2026 11:01:27,0.000s,NOT_RUN
"click(findTestObject(""Pilar 1/Dokumen Go Live/UAT/CBU/Staff-CBU-Submit-Task/Dokumen-Persyaratan-Kredit/Page_DokumenChecking/button_Draft""))",Chrome 150.0.7871.129,,,22-07-2026 11:01:27,22-07-2026 11:01:27,0.321s,PASSED
delay(5),Chrome 150.0.7871.129,,,22-07-2026 11:01:27,22-07-2026 11:01:32,5.006s,PASSED
"click(findTestObject(""Pilar 1/Dokumen Go Live/UAT/CBU/Staff-CBU-Submit-Task/Dokumen-Persyaratan-Kredit/Page_DokumenChecking/button_Next""))",Chrome 150.0.7871.129,,,22-07-2026 11:01:32,22-07-2026 11:01:33,0.336s,PASSED
,,,,,,,
Test Cases/Pilar 1/Dokumen Go Live/UAT/CBU/Staff-CBU-Submit-Dokumen-Persetujuan,Chrome 150.0.7871.129,,,22-07-2026 11:01:33,22-07-2026 11:03:07,1m - 34.144s,PASSED
"callTestCase(findTestCase(""Pilar 1/Login/UAT/Staff-CBU""), [:], STOP_ON_FAILURE)",Chrome 150.0.7871.129,,,22-07-2026 11:01:33,22-07-2026 11:02:05,32.318s,PASSED
"click(findTestObject(""Pilar 1/Dokumen Go Live/UAT/CBU/Staff-CBU-Submit-Task/Dokumen-Persyaratan-Kredit/Page_Dashboard/div_b2-l1-16_3-b3-SubMenuHeader""))",Chrome 150.0.7871.129,,,22-07-2026 11:02:05,22-07-2026 11:02:10,4.749s,PASSED
"click(findTestObject(""Pilar 1/Dokumen Go Live/UAT/CBU/Staff-CBU-Submit-Task/Dokumen-Persyaratan-Kredit/Page_Dashboard/div_b2-l1-16_3-b4-l1-23_4-b1-SubMenuHeader""))",Chrome 150.0.7871.129,,,22-07-2026 11:02:10,22-07-2026 11:02:10,0.530s,PASSED
"click(findTestObject(""Pilar 1/Dokumen Go Live/UAT/CBU/Staff-CBU-Submit-Task/Dokumen-Persyaratan-Kredit/Page_Dashboard/a_Dokumen Golive""))",Chrome 150.0.7871.129,,,22-07-2026 11:02:10,22-07-2026 11:02:11,0.290s,PASSED
"setText(findTestObject(""Pilar 1/Dokumen Go Live/UAT/CBU/Staff-CBU-Submit-Task/Dokumen-Persyaratan-Kredit/Page_KelengkapanKredit/input_b3-b2-b1-Input_StartDate""), ""22-07-2026"")",Chrome 150.0.7871.129,,,22-07-2026 11:02:11,22-07-2026 11:02:13,2.832s,PASSED
"setText(findTestObject(""Pilar 1/Dokumen Go Live/UAT/CBU/Staff-CBU-Submit-Task/Dokumen-Persyaratan-Kredit/Page_KelengkapanKredit/input_b3-b2-b1-Input_StartDate2""), ""22-07-2026"")",Chrome 150.0.7871.129,,,22-07-2026 11:02:13,22-07-2026 11:02:14,0.578s,PASSED
"selectOptionByValue(findTestObject(""Pilar 1/Dokumen Go Live/UAT/CBU/Staff-CBU-Submit-Task/Dokumen-Persyaratan-Kredit/Page_KelengkapanKredit/select_b3-b2-b1-Dropdown1""), ""2"", false)",Chrome 150.0.7871.129,,,22-07-2026 11:02:14,22-07-2026 11:02:15,0.523s,PASSED
"selectOptionByValue(findTestObject(""Pilar 1/Dokumen Go Live/UAT/CBU/Staff-CBU-Submit-Task/Dokumen-Persyaratan-Kredit/Page_KelengkapanKredit/select_b3-b2-b1-Dropdown3""), ""1"", false)",Chrome 150.0.7871.129,,,22-07-2026 11:02:15,22-07-2026 11:02:15,0.514s,PASSED
"click(findTestObject(""Pilar 1/Dokumen Go Live/UAT/CBU/Staff-CBU-Submit-Task/Dokumen-Persyaratan-Kredit/Page_KelengkapanKredit/button_Cari""))",Chrome 150.0.7871.129,,,22-07-2026 11:02:15,22-07-2026 11:02:15,0.289s,PASSED
"click(findTestObject(""Pilar 1/Dokumen Go Live/UAT/CBU/Staff-CBU-Submit-Task/Dokumen-Persyaratan-Kredit/Page_KelengkapanKredit/action""))",Chrome 150.0.7871.129,,,22-07-2026 11:02:15,22-07-2026 11:02:16,0.636s,PASSED
"click(findTestObject(""Pilar 1/Dokumen Go Live/UAT/CBU/Staff-CBU-Submit-Task/Dokumen-Persyaratan-Kredit/Page_KelengkapanKredit/div_Pemeriksaan""))",Chrome 150.0.7871.129,,,22-07-2026 11:02:16,22-07-2026 11:02:16,0.509s,PASSED
"click(findTestObject(""Pilar 1/Dokumen Go Live/UAT/CBU/Staff-CBU-Submit-Task/Dokumen-Persyaratan-Kredit/Page_DokumenChecking/button_Draft""))",Chrome 150.0.7871.129,,,22-07-2026 11:02:16,22-07-2026 11:02:20,3.308s,PASSED
"click(findTestObject(""Pilar 1/Dokumen Go Live/UAT/CBU/Staff-CBU-Submit-Task/Dokumen-Persyaratan-Kredit/Page_DokumenChecking/button_Next""))",Chrome 150.0.7871.129,,,22-07-2026 11:02:20,22-07-2026 11:02:26,5.950s,PASSED
"click(findTestObject(""Pilar 1/Dokumen Go Live/UAT/CBU/Staff-CBU-Submit-Task/Dokumen-Persyaratan-Kredit/Page_DokumenChecking/button_Draft""))",Chrome 150.0.7871.129,,,22-07-2026 11:02:26,22-07-2026 11:02:26,0.537s,PASSED
"click(findTestObject(""Pilar 1/Dokumen Go Live/UAT/CBU/Staff-CBU-Submit-Task/Dokumen-Persyaratan-Kredit/Page_DokumenChecking/button_Next""))",Chrome 150.0.7871.129,,,22-07-2026 11:02:26,22-07-2026 11:02:32,5.451s,PASSED
"click(findTestObject(""Pilar 1/Dokumen Go Live/UAT/CBU/Staff-CBU-Submit-Task/Dokumen-Perjanjian/Page_DokumenChecking/i_icon accordion-icon-dokumen-persetujuan-kredit""))",Chrome 150.0.7871.129,,,22-07-2026 11:02:32,22-07-2026 11:02:32,0.556s,PASSED
"selectOptionByValue(findTestObject(""Pilar 1/Dokumen Go Live/UAT/CBU/Staff-CBU-Submit-Task/Dokumen-Perjanjian/Page_DokumenChecking/select_b3-l2-177_2-b11-b2-l1-328_0-b1-l4_0-329_0""), ""0"", false)",Chrome 150.0.7871.129,,,22-07-2026 11:02:32,22-07-2026 11:02:33,0.669s,PASSED
"selectOptionByValue(findTestObject(""Pilar 1/Dokumen Go Live/UAT/CBU/Staff-CBU-Submit-Task/Dokumen-Perjanjian/Page_DokumenChecking/select_b3-l2-177_2-b11-b2-l1-328_0-b1-l4_0-329_0_1""), ""0"", false)",Chrome 150.0.7871.129,,,22-07-2026 11:02:33,22-07-2026 11:02:33,0.544s,PASSED
"setText(findTestObject(""Pilar 1/Dokumen Go Live/UAT/CBU/Staff-CBU-Submit-Task/tambahan-text-area/Page_DokumenChecking/textarea_25""), ""testing"")",Chrome 150.0.7871.129,,,22-07-2026 11:02:33,22-07-2026 11:02:34,0.689s,PASSED
"selectOptionByValue(findTestObject(""Pilar 1/Dokumen Go Live/UAT/CBU/Staff-CBU-Submit-Task/Dokumen-Perjanjian/Page_DokumenChecking/select_b3-l2-177_2-b11-b2-l1-328_0-b1-l4_0-329_1""), ""0"", false)",Chrome 150.0.7871.129,,,22-07-2026 11:02:34,22-07-2026 11:02:35,0.764s,PASSED
"selectOptionByValue(findTestObject(""Pilar 1/Dokumen Go Live/UAT/CBU/Staff-CBU-Submit-Task/Dokumen-Perjanjian/Page_DokumenChecking/select_b3-l2-177_2-b11-b2-l1-328_0-b1-l4_0-329_1_1""), ""0"", false)",Chrome 150.0.7871.129,,,22-07-2026 11:02:35,22-07-2026 11:02:36,0.562s,PASSED
"setText(findTestObject(""Pilar 1/Dokumen Go Live/UAT/CBU/Staff-CBU-Submit-Task/tambahan-text-area/Page_DokumenChecking/textarea_26""), ""testing"")",Chrome 150.0.7871.129,,,22-07-2026 11:02:36,22-07-2026 11:02:36,0.695s,PASSED
"selectOptionByValue(findTestObject(""Pilar 1/Dokumen Go Live/UAT/CBU/Staff-CBU-Submit-Task/Dokumen-Perjanjian/Page_DokumenChecking/select_b3-l2-177_2-b11-b2-l1-328_0-b1-l4_0-329_2""), ""0"", false)",Chrome 150.0.7871.129,,,22-07-2026 11:02:36,22-07-2026 11:02:37,0.783s,PASSED
"selectOptionByValue(findTestObject(""Pilar 1/Dokumen Go Live/UAT/CBU/Staff-CBU-Submit-Task/Dokumen-Perjanjian/Page_DokumenChecking/select_b3-l2-177_2-b11-b2-l1-328_0-b1-l4_0-329_2_1""), ""0"", false)",Chrome 150.0.7871.129,,,22-07-2026 11:02:37,22-07-2026 11:02:38,0.570s,PASSED
"setText(findTestObject(""Pilar 1/Dokumen Go Live/UAT/CBU/Staff-CBU-Submit-Task/tambahan-text-area/Page_DokumenChecking/textarea_27""), ""testing"")",Chrome 150.0.7871.129,,,22-07-2026 11:02:38,22-07-2026 11:02:38,0.660s,PASSED
"selectOptionByValue(findTestObject(""Pilar 1/Dokumen Go Live/UAT/CBU/Staff-CBU-Submit-Task/Dokumen-Perjanjian/Page_DokumenChecking/select_b3-l2-177_2-b11-b2-l1-328_0-b1-l4_0-329_3""), ""0"", false)",Chrome 150.0.7871.129,,,22-07-2026 11:02:38,22-07-2026 11:02:39,0.771s,PASSED
"selectOptionByValue(findTestObject(""Pilar 1/Dokumen Go Live/UAT/CBU/Staff-CBU-Submit-Task/Dokumen-Perjanjian/Page_DokumenChecking/select_b3-l2-177_2-b11-b2-l1-328_0-b1-l4_0-329_3_1""), ""0"", false)",Chrome 150.0.7871.129,,,22-07-2026 11:02:39,22-07-2026 11:02:40,0.556s,PASSED
"setText(findTestObject(""Pilar 1/Dokumen Go Live/UAT/CBU/Staff-CBU-Submit-Task/tambahan-text-area/Page_DokumenChecking/textarea_28""), ""testing"")",Chrome 150.0.7871.129,,,22-07-2026 11:02:40,22-07-2026 11:02:40,0.764s,PASSED
"selectOptionByValue(findTestObject(""Pilar 1/Dokumen Go Live/UAT/CBU/Staff-CBU-Submit-Task/Dokumen-Perjanjian/Page_DokumenChecking/select_b3-l2-177_2-b11-b2-l1-328_0-b1-l4_0-329_4""), ""0"", false)",Chrome 150.0.7871.129,,,22-07-2026 11:02:40,22-07-2026 11:02:41,0.748s,PASSED
"selectOptionByValue(findTestObject(""Pilar 1/Dokumen Go Live/UAT/CBU/Staff-CBU-Submit-Task/Dokumen-Perjanjian/Page_DokumenChecking/select_b3-l2-177_2-b11-b2-l1-328_0-b1-l4_0-329_4_1""), ""0"", false)",Chrome 150.0.7871.129,,,22-07-2026 11:02:41,22-07-2026 11:02:42,0.533s,PASSED
"setText(findTestObject(""Pilar 1/Dokumen Go Live/UAT/CBU/Staff-CBU-Submit-Task/tambahan-text-area/Page_DokumenChecking/textarea_29""), ""testing"")",Chrome 150.0.7871.129,,,22-07-2026 11:02:42,22-07-2026 11:02:42,0.703s,PASSED
"selectOptionByValue(findTestObject(""Pilar 1/Dokumen Go Live/UAT/CBU/Staff-CBU-Submit-Task/Dokumen-Perjanjian/Page_DokumenChecking/select_b3-l2-177_2-b11-b2-l1-328_0-b1-l4_0-329_5""), ""0"", false)",Chrome 150.0.7871.129,,,22-07-2026 11:02:42,22-07-2026 11:02:43,0.769s,PASSED
"selectOptionByValue(findTestObject(""Pilar 1/Dokumen Go Live/UAT/CBU/Staff-CBU-Submit-Task/Dokumen-Perjanjian/Page_DokumenChecking/select_b3-l2-177_2-b11-b2-l1-328_0-b1-l4_0-329_5_1""), ""0"", false)",Chrome 150.0.7871.129,,,22-07-2026 11:02:43,22-07-2026 11:02:44,0.569s,PASSED
"setText(findTestObject(""Pilar 1/Dokumen Go Live/UAT/CBU/Staff-CBU-Submit-Task/tambahan-text-area/Page_DokumenChecking/textarea_30""), ""testing"")",Chrome 150.0.7871.129,,,22-07-2026 11:02:44,22-07-2026 11:02:44,0.730s,PASSED
"selectOptionByValue(findTestObject(""Pilar 1/Dokumen Go Live/UAT/CBU/Staff-CBU-Submit-Task/Dokumen-Perjanjian/Page_DokumenChecking/select_b3-l2-177_2-b11-b2-l1-328_0-b1-l4_0-329_6""), ""0"", false)",Chrome 150.0.7871.129,,,22-07-2026 11:02:44,22-07-2026 11:02:45,0.740s,PASSED
"selectOptionByValue(findTestObject(""Pilar 1/Dokumen Go Live/UAT/CBU/Staff-CBU-Submit-Task/Dokumen-Perjanjian/Page_DokumenChecking/select_b3-l2-177_2-b11-b2-l1-328_0-b1-l4_0-329_6_1""), ""0"", false)",Chrome 150.0.7871.129,,,22-07-2026 11:02:45,22-07-2026 11:02:46,0.555s,PASSED
"setText(findTestObject(""Pilar 1/Dokumen Go Live/UAT/CBU/Staff-CBU-Submit-Task/tambahan-text-area/Page_DokumenChecking/textarea_31""), ""testing"")",Chrome 150.0.7871.129,,,22-07-2026 11:02:46,22-07-2026 11:02:46,0.700s,PASSED
"selectOptionByValue(findTestObject(""Pilar 1/Dokumen Go Live/UAT/CBU/Staff-CBU-Submit-Task/Dokumen-Perjanjian/Page_DokumenChecking/select_b3-l2-177_2-b11-b2-l1-328_0-b1-l4_0-329_7""), ""0"", false)",Chrome 150.0.7871.129,,,22-07-2026 11:02:46,22-07-2026 11:02:47,0.780s,PASSED
"selectOptionByValue(findTestObject(""Pilar 1/Dokumen Go Live/UAT/CBU/Staff-CBU-Submit-Task/Dokumen-Perjanjian/Page_DokumenChecking/select_b3-l2-177_2-b11-b2-l1-328_0-b1-l4_0-329_7_1""), ""0"", false)",Chrome 150.0.7871.129,,,22-07-2026 11:02:47,22-07-2026 11:02:48,0.568s,PASSED
"setText(findTestObject(""Pilar 1/Dokumen Go Live/UAT/CBU/Staff-CBU-Submit-Task/tambahan-text-area/Page_DokumenChecking/textarea_32""), ""testing"")",Chrome 150.0.7871.129,,,22-07-2026 11:02:48,22-07-2026 11:02:48,0.707s,PASSED
"selectOptionByValue(findTestObject(""Pilar 1/Dokumen Go Live/UAT/CBU/Staff-CBU-Submit-Task/Dokumen-Perjanjian/Page_DokumenChecking/select_b3-l2-177_2-b11-b2-l1-328_0-b1-l4_0-329_8""), ""0"", false)",Chrome 150.0.7871.129,,,22-07-2026 11:02:48,22-07-2026 11:02:49,0.756s,PASSED
"selectOptionByValue(findTestObject(""Pilar 1/Dokumen Go Live/UAT/CBU/Staff-CBU-Submit-Task/Dokumen-Perjanjian/Page_DokumenChecking/select_b3-l2-177_2-b11-b2-l1-328_0-b1-l4_0-329_8_1""), ""0"", false)",Chrome 150.0.7871.129,,,22-07-2026 11:02:49,22-07-2026 11:02:50,0.563s,PASSED
"setText(findTestObject(""Pilar 1/Dokumen Go Live/UAT/CBU/Staff-CBU-Submit-Task/tambahan-text-area/Page_DokumenChecking/textarea_33""), ""testing"")",Chrome 150.0.7871.129,,,22-07-2026 11:02:50,22-07-2026 11:02:50,0.692s,PASSED
"selectOptionByValue(findTestObject(""Pilar 1/Dokumen Go Live/UAT/CBU/Staff-CBU-Submit-Task/Dokumen-Perjanjian/Page_DokumenChecking/select_b3-l2-177_2-b11-b2-l1-328_0-b1-l4_0-329_9""), ""0"", false)",Chrome 150.0.7871.129,,,22-07-2026 11:02:50,22-07-2026 11:02:51,0.765s,PASSED
"selectOptionByValue(findTestObject(""Pilar 1/Dokumen Go Live/UAT/CBU/Staff-CBU-Submit-Task/Dokumen-Perjanjian/Page_DokumenChecking/select_b3-l2-177_2-b11-b2-l1-328_0-b1-l4_0-329_9_1""), ""0"", false)",Chrome 150.0.7871.129,,,22-07-2026 11:02:51,22-07-2026 11:02:52,0.530s,PASSED
"setText(findTestObject(""Pilar 1/Dokumen Go Live/UAT/CBU/Staff-CBU-Submit-Task/tambahan-text-area/Page_DokumenChecking/textarea_34""), ""testing"")",Chrome 150.0.7871.129,,,22-07-2026 11:02:52,22-07-2026 11:02:52,0.667s,PASSED
"selectOptionByValue(findTestObject(""Pilar 1/Dokumen Go Live/UAT/CBU/Staff-CBU-Submit-Task/Dokumen-Perjanjian/Page_DokumenChecking/select_b3-l2-177_2-b11-b2-l1-328_0-b1-l4_0-329_1_2""), ""0"", false)",Chrome 150.0.7871.129,,,22-07-2026 11:02:52,22-07-2026 11:02:53,0.752s,PASSED
"selectOptionByValue(findTestObject(""Pilar 1/Dokumen Go Live/UAT/CBU/Staff-CBU-Submit-Task/Dokumen-Perjanjian/Page_DokumenChecking/select_b3-l2-177_2-b11-b2-l1-328_0-b1-l4_0-329_1_3""), ""0"", false)",Chrome 150.0.7871.129,,,22-07-2026 11:02:53,22-07-2026 11:02:54,0.564s,PASSED
"setText(findTestObject(""Pilar 1/Dokumen Go Live/UAT/CBU/Staff-CBU-Submit-Task/tambahan-text-area/Page_DokumenChecking/textarea_35""), ""testing"")",Chrome 150.0.7871.129,,,22-07-2026 11:02:54,22-07-2026 11:02:54,0.658s,PASSED
"selectOptionByValue(findTestObject(""Pilar 1/Dokumen Go Live/UAT/CBU/Staff-CBU-Submit-Task/Dokumen-Perjanjian/Page_DokumenChecking/select_b3-l2-177_2-b11-b2-l1-328_0-b1-l4_0-329_1_4""), ""0"", false)",Chrome 150.0.7871.129,,,22-07-2026 11:02:54,22-07-2026 11:02:55,0.745s,PASSED
"selectOptionByValue(findTestObject(""Pilar 1/Dokumen Go Live/UAT/CBU/Staff-CBU-Submit-Task/Dokumen-Perjanjian/Page_DokumenChecking/select_b3-l2-177_2-b11-b2-l1-328_0-b1-l4_0-329_1_5""), ""0"", false)",Chrome 150.0.7871.129,,,22-07-2026 11:02:55,22-07-2026 11:02:56,0.570s,PASSED
"setText(findTestObject(""Pilar 1/Dokumen Go Live/UAT/CBU/Staff-CBU-Submit-Task/tambahan-text-area/Page_DokumenChecking/textarea_36""), ""testing"")",Chrome 150.0.7871.129,,,22-07-2026 11:02:56,22-07-2026 11:02:56,0.676s,PASSED
"selectOptionByValue(findTestObject(""Pilar 1/Dokumen Go Live/UAT/CBU/Staff-CBU-Submit-Task/Dokumen-Perjanjian/Page_DokumenChecking/select_b3-l2-177_2-b11-b2-l1-328_0-b1-l4_0-329_1_6""), ""0"", false)",Chrome 150.0.7871.129,,,22-07-2026 11:02:56,22-07-2026 11:02:57,0.750s,PASSED
"selectOptionByValue(findTestObject(""Pilar 1/Dokumen Go Live/UAT/CBU/Staff-CBU-Submit-Task/Dokumen-Perjanjian/Page_DokumenChecking/select_b3-l2-177_2-b11-b2-l1-328_0-b1-l4_0-329_1_7""), ""0"", false)",Chrome 150.0.7871.129,,,22-07-2026 11:02:57,22-07-2026 11:02:58,0.533s,PASSED
"setText(findTestObject(""Pilar 1/Dokumen Go Live/UAT/CBU/Staff-CBU-Submit-Task/tambahan-text-area/Page_DokumenChecking/textarea_37""), ""testing"")",Chrome 150.0.7871.129,,,22-07-2026 11:02:58,22-07-2026 11:02:58,0.712s,PASSED
"selectOptionByValue(findTestObject(""Pilar 1/Dokumen Go Live/UAT/CBU/Staff-CBU-Submit-Task/Dokumen-Perjanjian/Page_DokumenChecking/select_b3-l2-177_2-b11-b2-l1-328_0-b1-l4_0-329_1_8""), ""0"", false)",Chrome 150.0.7871.129,,,22-07-2026 11:02:58,22-07-2026 11:02:59,0.749s,PASSED
"selectOptionByValue(findTestObject(""Pilar 1/Dokumen Go Live/UAT/CBU/Staff-CBU-Submit-Task/Dokumen-Perjanjian/Page_DokumenChecking/select_b3-l2-177_2-b11-b2-l1-328_0-b1-l4_0-329_1_9""), ""0"", false)",Chrome 150.0.7871.129,,,22-07-2026 11:02:59,22-07-2026 11:03:00,0.539s,PASSED
"setText(findTestObject(""Pilar 1/Dokumen Go Live/UAT/CBU/Staff-CBU-Submit-Task/tambahan-text-area/Page_DokumenChecking/textarea_38""), ""testing"")",Chrome 150.0.7871.129,,,22-07-2026 11:03:00,22-07-2026 11:03:00,0.680s,PASSED
"click(findTestObject(""Pilar 1/Dokumen Go Live/UAT/CBU/Staff-CBU-Submit-Task/Dokumen-Persyaratan-Kredit/Page_DokumenChecking/button_Draft""))",Chrome 150.0.7871.129,,,22-07-2026 11:03:00,22-07-2026 11:03:01,0.516s,PASSED
"click(findTestObject(""Pilar 1/Dokumen Go Live/UAT/CBU/Staff-CBU-Submit-Task/Dokumen-Persyaratan-Kredit/Page_DokumenChecking/button_Next""))",Chrome 150.0.7871.129,,,22-07-2026 11:03:01,22-07-2026 11:03:07,5.863s,PASSED
,,,,,,,
Test Cases/Pilar 1/Dokumen Go Live/UAT/CBU/Staff-CBU-Submit-Dokumen-Perjanjian,Chrome 150.0.7871.129,,,22-07-2026 11:03:07,22-07-2026 11:04:48,1m - 41.329s,PASSED
"callTestCase(findTestCase(""Pilar 1/Login/UAT/Staff-CBU""), [:], STOP_ON_FAILURE)",Chrome 150.0.7871.129,,,22-07-2026 11:03:07,22-07-2026 11:03:40,33.013s,PASSED
"click(findTestObject(""Pilar 1/Dokumen Go Live/UAT/CBU/Staff-CBU-Submit-Task/Dokumen-Persyaratan-Kredit/Page_Dashboard/div_b2-l1-16_3-b3-SubMenuHeader""))",Chrome 150.0.7871.129,,,22-07-2026 11:03:40,22-07-2026 11:03:43,3.479s,PASSED
"click(findTestObject(""Pilar 1/Dokumen Go Live/UAT/CBU/Staff-CBU-Submit-Task/Dokumen-Persyaratan-Kredit/Page_Dashboard/div_b2-l1-16_3-b4-l1-23_4-b1-SubMenuHeader""))",Chrome 150.0.7871.129,,,22-07-2026 11:03:43,22-07-2026 11:03:44,0.540s,PASSED
"click(findTestObject(""Pilar 1/Dokumen Go Live/UAT/CBU/Staff-CBU-Submit-Task/Dokumen-Persyaratan-Kredit/Page_Dashboard/a_Dokumen Golive""))",Chrome 150.0.7871.129,,,22-07-2026 11:03:44,22-07-2026 11:03:44,0.291s,PASSED
"setText(findTestObject(""Pilar 1/Dokumen Go Live/UAT/CBU/Staff-CBU-Submit-Task/Dokumen-Persyaratan-Kredit/Page_KelengkapanKredit/input_b3-b2-b1-Input_StartDate""), ""22-07-2026"")",Chrome 150.0.7871.129,,,22-07-2026 11:03:44,22-07-2026 11:03:47,2.933s,PASSED
"setText(findTestObject(""Pilar 1/Dokumen Go Live/UAT/CBU/Staff-CBU-Submit-Task/Dokumen-Persyaratan-Kredit/Page_KelengkapanKredit/input_b3-b2-b1-Input_StartDate2""), ""22-07-2026"")",Chrome 150.0.7871.129,,,22-07-2026 11:03:47,22-07-2026 11:03:48,0.556s,PASSED
"selectOptionByValue(findTestObject(""Pilar 1/Dokumen Go Live/UAT/CBU/Staff-CBU-Submit-Task/Dokumen-Persyaratan-Kredit/Page_KelengkapanKredit/select_b3-b2-b1-Dropdown1""), ""2"", false)",Chrome 150.0.7871.129,,,22-07-2026 11:03:48,22-07-2026 11:03:48,0.517s,PASSED
"selectOptionByValue(findTestObject(""Pilar 1/Dokumen Go Live/UAT/CBU/Staff-CBU-Submit-Task/Dokumen-Persyaratan-Kredit/Page_KelengkapanKredit/select_b3-b2-b1-Dropdown3""), ""1"", false)",Chrome 150.0.7871.129,,,22-07-2026 11:03:48,22-07-2026 11:03:49,0.497s,PASSED
"click(findTestObject(""Pilar 1/Dokumen Go Live/UAT/CBU/Staff-CBU-Submit-Task/Dokumen-Persyaratan-Kredit/Page_KelengkapanKredit/button_Cari""))",Chrome 150.0.7871.129,,,22-07-2026 11:03:49,22-07-2026 11:03:49,0.292s,PASSED
"click(findTestObject(""Pilar 1/Dokumen Go Live/UAT/CBU/Staff-CBU-Submit-Task/Dokumen-Persyaratan-Kredit/Page_KelengkapanKredit/action""))",Chrome 150.0.7871.129,,,22-07-2026 11:03:49,22-07-2026 11:03:50,0.842s,PASSED
"click(findTestObject(""Pilar 1/Dokumen Go Live/UAT/CBU/Staff-CBU-Submit-Task/Dokumen-Persyaratan-Kredit/Page_KelengkapanKredit/div_Pemeriksaan""))",Chrome 150.0.7871.129,,,22-07-2026 11:03:50,22-07-2026 11:03:50,0.512s,PASSED
"click(findTestObject(""Pilar 1/Dokumen Go Live/UAT/CBU/Staff-CBU-Submit-Task/Dokumen-Persyaratan-Kredit/Page_DokumenChecking/button_Draft""))",Chrome 150.0.7871.129,,,22-07-2026 11:03:50,22-07-2026 11:03:55,4.242s,PASSED
"click(findTestObject(""Pilar 1/Dokumen Go Live/UAT/CBU/Staff-CBU-Submit-Task/Dokumen-Persyaratan-Kredit/Page_DokumenChecking/button_Next""))",Chrome 150.0.7871.129,,,22-07-2026 11:03:55,22-07-2026 11:04:01,6.470s,PASSED
"click(findTestObject(""Pilar 1/Dokumen Go Live/UAT/CBU/Staff-CBU-Submit-Task/Dokumen-Persyaratan-Kredit/Page_DokumenChecking/button_Draft""))",Chrome 150.0.7871.129,,,22-07-2026 11:04:01,22-07-2026 11:04:02,0.562s,PASSED
"click(findTestObject(""Pilar 1/Dokumen Go Live/UAT/CBU/Staff-CBU-Submit-Task/Dokumen-Persyaratan-Kredit/Page_DokumenChecking/button_Next""))",Chrome 150.0.7871.129,,,22-07-2026 11:04:02,22-07-2026 11:04:07,5.308s,PASSED
"click(findTestObject(""Pilar 1/Dokumen Go Live/UAT/CBU/Staff-CBU-Submit-Task/Dokumen-Persyaratan-Kredit/Page_DokumenChecking/button_Draft""))",Chrome 150.0.7871.129,,,22-07-2026 11:04:07,22-07-2026 11:04:07,0.535s,PASSED
"click(findTestObject(""Pilar 1/Dokumen Go Live/UAT/CBU/Staff-CBU-Submit-Task/Dokumen-Persyaratan-Kredit/Page_DokumenChecking/button_Next""))",Chrome 150.0.7871.129,,,22-07-2026 11:04:07,22-07-2026 11:04:13,5.500s,PASSED
"click(findTestObject(""Pilar 1/Dokumen Go Live/UAT/CBU/Staff-CBU-Submit-Task/Dokumen-Perjanjian/Page_DokumenChecking/i_icon accordion-icon-dokumen-perjanjian""))",Chrome 150.0.7871.129,,,22-07-2026 11:04:13,22-07-2026 11:04:13,0.551s,PASSED
"selectOptionByValue(findTestObject(""Pilar 1/Dokumen Go Live/UAT/CBU/Staff-CBU-Submit-Task/Dokumen-Perjanjian/Page_DokumenChecking/select_b3-l2-177_3-b11-b2-l1-537_0-b1-l4_0-538_0""), ""0"", false)",Chrome 150.0.7871.129,,,22-07-2026 11:04:13,22-07-2026 11:04:14,0.645s,PASSED
"selectOptionByValue(findTestObject(""Pilar 1/Dokumen Go Live/UAT/CBU/Staff-CBU-Submit-Task/Dokumen-Perjanjian/Page_DokumenChecking/select_b3-l2-177_3-b11-b2-l1-537_0-b1-l4_0-538_0_1""), ""0"", false)",Chrome 150.0.7871.129,,,22-07-2026 11:04:14,22-07-2026 11:04:15,0.527s,PASSED
"setText(findTestObject(""Pilar 1/Dokumen Go Live/UAT/CBU/Staff-CBU-Submit-Task/Dokumen-Perjanjian/Page_DokumenChecking/textarea_b3-l2-177_3-b11-b2-l1-537_0-b1-l4_0-538""), ""testing"")",Chrome 150.0.7871.129,,,22-07-2026 11:04:15,22-07-2026 11:04:15,0.653s,PASSED
"selectOptionByValue(findTestObject(""Pilar 1/Dokumen Go Live/UAT/CBU/Staff-CBU-Submit-Task/Dokumen-Perjanjian/Page_DokumenChecking/select_b3-l2-177_3-b11-b2-l1-537_0-b1-l4_0-538_1""), ""0"", false)",Chrome 150.0.7871.129,,,22-07-2026 11:04:15,22-07-2026 11:04:16,0.769s,PASSED
"selectOptionByValue(findTestObject(""Pilar 1/Dokumen Go Live/UAT/CBU/Staff-CBU-Submit-Task/Dokumen-Perjanjian/Page_DokumenChecking/select_b3-l2-177_3-b11-b2-l1-537_0-b1-l4_0-538_1_1""), ""0"", false)",Chrome 150.0.7871.129,,,22-07-2026 11:04:16,22-07-2026 11:04:17,0.573s,PASSED
"setText(findTestObject(""Pilar 1/Dokumen Go Live/UAT/CBU/Staff-CBU-Submit-Task/Dokumen-Perjanjian/Page_DokumenChecking/textarea_b3-l2-177_3-b11-b2-l1-537_0-b1-l4_0-538_1""), ""testing"")",Chrome 150.0.7871.129,,,22-07-2026 11:04:17,22-07-2026 11:04:17,0.665s,PASSED
"selectOptionByValue(findTestObject(""Pilar 1/Dokumen Go Live/UAT/CBU/Staff-CBU-Submit-Task/Dokumen-Perjanjian/Page_DokumenChecking/select_b3-l2-177_3-b11-b2-l1-537_0-b1-l4_0-538_2""), ""0"", false)",Chrome 150.0.7871.129,,,22-07-2026 11:04:17,22-07-2026 11:04:18,0.765s,PASSED
"selectOptionByValue(findTestObject(""Pilar 1/Dokumen Go Live/UAT/CBU/Staff-CBU-Submit-Task/Dokumen-Perjanjian/Page_DokumenChecking/select_b3-l2-177_3-b11-b2-l1-537_0-b1-l4_0-538_2_1""), ""0"", false)",Chrome 150.0.7871.129,,,22-07-2026 11:04:18,22-07-2026 11:04:19,0.520s,PASSED
"setText(findTestObject(""Pilar 1/Dokumen Go Live/UAT/CBU/Staff-CBU-Submit-Task/Dokumen-Perjanjian/Page_DokumenChecking/textarea_b3-l2-177_3-b11-b2-l1-537_0-b1-l4_0-538_2""), ""testing"")",Chrome 150.0.7871.129,,,22-07-2026 11:04:19,22-07-2026 11:04:19,0.639s,PASSED
"selectOptionByValue(findTestObject(""Pilar 1/Dokumen Go Live/UAT/CBU/Staff-CBU-Submit-Task/Dokumen-Perjanjian/Page_DokumenChecking/select_b3-l2-177_3-b11-b2-l1-537_0-b1-l4_0-538_3""), ""0"", false)",Chrome 150.0.7871.129,,,22-07-2026 11:04:19,22-07-2026 11:04:20,0.748s,PASSED
"selectOptionByValue(findTestObject(""Pilar 1/Dokumen Go Live/UAT/CBU/Staff-CBU-Submit-Task/Dokumen-Perjanjian/Page_DokumenChecking/select_b3-l2-177_3-b11-b2-l1-537_0-b1-l4_0-538_3_1""), ""0"", false)",Chrome 150.0.7871.129,,,22-07-2026 11:04:20,22-07-2026 11:04:21,0.541s,PASSED
"setText(findTestObject(""Pilar 1/Dokumen Go Live/UAT/CBU/Staff-CBU-Submit-Task/Dokumen-Perjanjian/Page_DokumenChecking/textarea_b3-l2-177_3-b11-b2-l1-537_0-b1-l4_0-538_3""), ""testing"")",Chrome 150.0.7871.129,,,22-07-2026 11:04:21,22-07-2026 11:04:21,0.672s,PASSED
"selectOptionByValue(findTestObject(""Pilar 1/Dokumen Go Live/UAT/CBU/Staff-CBU-Submit-Task/Dokumen-Perjanjian/Page_DokumenChecking/select_b3-l2-177_3-b11-b2-l1-537_0-b1-l4_0-538_4""), ""0"", false)",Chrome 150.0.7871.129,,,22-07-2026 11:04:21,22-07-2026 11:04:22,0.715s,PASSED
"selectOptionByValue(findTestObject(""Pilar 1/Dokumen Go Live/UAT/CBU/Staff-CBU-Submit-Task/Dokumen-Perjanjian/Page_DokumenChecking/select_b3-l2-177_3-b11-b2-l1-537_0-b1-l4_0-538_4_1""), ""0"", false)",Chrome 150.0.7871.129,,,22-07-2026 11:04:22,22-07-2026 11:04:22,0.555s,PASSED
"setText(findTestObject(""Pilar 1/Dokumen Go Live/UAT/CBU/Staff-CBU-Submit-Task/Dokumen-Perjanjian/Page_DokumenChecking/textarea_b3-l2-177_3-b11-b2-l1-537_0-b1-l4_0-538_4""), ""testing"")",Chrome 150.0.7871.129,,,22-07-2026 11:04:22,22-07-2026 11:04:23,0.658s,PASSED
"selectOptionByValue(findTestObject(""Pilar 1/Dokumen Go Live/UAT/CBU/Staff-CBU-Submit-Task/Dokumen-Perjanjian/Page_DokumenChecking/select_b3-l2-177_3-b11-b2-l1-537_0-b1-l4_0-538_5""), ""0"", false)",Chrome 150.0.7871.129,,,22-07-2026 11:04:23,22-07-2026 11:04:24,0.747s,PASSED
"selectOptionByValue(findTestObject(""Pilar 1/Dokumen Go Live/UAT/CBU/Staff-CBU-Submit-Task/Dokumen-Perjanjian/Page_DokumenChecking/select_b3-l2-177_3-b11-b2-l1-537_0-b1-l4_0-538_5_1""), ""0"", false)",Chrome 150.0.7871.129,,,22-07-2026 11:04:24,22-07-2026 11:04:24,0.537s,PASSED
"setText(findTestObject(""Pilar 1/Dokumen Go Live/UAT/CBU/Staff-CBU-Submit-Task/Dokumen-Perjanjian/Page_DokumenChecking/textarea_b3-l2-177_3-b11-b2-l1-537_0-b1-l4_0-538_5""), ""testing"")",Chrome 150.0.7871.129,,,22-07-2026 11:04:24,22-07-2026 11:04:25,0.642s,PASSED
"selectOptionByValue(findTestObject(""Pilar 1/Dokumen Go Live/UAT/CBU/Staff-CBU-Submit-Task/Dokumen-Perjanjian/Page_DokumenChecking/select_b3-l2-177_3-b11-b2-l1-537_0-b1-l4_0-538_6""), ""0"", false)",Chrome 150.0.7871.129,,,22-07-2026 11:04:25,22-07-2026 11:04:26,0.722s,PASSED
"selectOptionByValue(findTestObject(""Pilar 1/Dokumen Go Live/UAT/CBU/Staff-CBU-Submit-Task/Dokumen-Perjanjian/Page_DokumenChecking/select_b3-l2-177_3-b11-b2-l1-537_0-b1-l4_0-538_6_1""), ""0"", false)",Chrome 150.0.7871.129,,,22-07-2026 11:04:26,22-07-2026 11:04:26,0.527s,PASSED
"setText(findTestObject(""Pilar 1/Dokumen Go Live/UAT/CBU/Staff-CBU-Submit-Task/Dokumen-Perjanjian/Page_DokumenChecking/textarea_b3-l2-177_3-b11-b2-l1-537_0-b1-l4_0-538_6""), ""testing"")",Chrome 150.0.7871.129,,,22-07-2026 11:04:26,22-07-2026 11:04:27,0.653s,PASSED
"selectOptionByValue(findTestObject(""Pilar 1/Dokumen Go Live/UAT/CBU/Staff-CBU-Submit-Task/Dokumen-Perjanjian/Page_DokumenChecking/select_b3-l2-177_3-b11-b2-l1-537_0-b1-l4_0-538_7""), ""0"", false)",Chrome 150.0.7871.129,,,22-07-2026 11:04:27,22-07-2026 11:04:28,0.755s,PASSED
"selectOptionByValue(findTestObject(""Pilar 1/Dokumen Go Live/UAT/CBU/Staff-CBU-Submit-Task/Dokumen-Perjanjian/Page_DokumenChecking/select_b3-l2-177_3-b11-b2-l1-537_0-b1-l4_0-538_7_1""), ""0"", false)",Chrome 150.0.7871.129,,,22-07-2026 11:04:28,22-07-2026 11:04:28,0.550s,PASSED
"setText(findTestObject(""Pilar 1/Dokumen Go Live/UAT/CBU/Staff-CBU-Submit-Task/Dokumen-Perjanjian/Page_DokumenChecking/textarea_b3-l2-177_3-b11-b2-l1-537_0-b1-l4_0-538_7""), ""testing"")",Chrome 150.0.7871.129,,,22-07-2026 11:04:28,22-07-2026 11:04:29,0.667s,PASSED
"selectOptionByValue(findTestObject(""Pilar 1/Dokumen Go Live/UAT/CBU/Staff-CBU-Submit-Task/Dokumen-Perjanjian/Page_DokumenChecking/Page_DokumenChecking/Page_DokumenChecking/select_b3-l2-172_3-b11-b2-l1-446_0-b1-l4_0-447_8""), ""0"", false)",Chrome 150.0.7871.129,,,22-07-2026 11:04:29,22-07-2026 11:04:30,0.751s,PASSED
"selectOptionByValue(findTestObject(""Pilar 1/Dokumen Go Live/UAT/CBU/Staff-CBU-Submit-Task/Dokumen-Perjanjian/Page_DokumenChecking/Page_DokumenChecking/Page_DokumenChecking/select_b3-l2-172_3-b11-b2-l1-446_0-b1-l4_0-447_8_1""), ""0"", false)",Chrome 150.0.7871.129,,,22-07-2026 11:04:30,22-07-2026 11:04:30,0.611s,PASSED
"setText(findTestObject(""Pilar 1/Dokumen Go Live/UAT/CBU/Staff-CBU-Submit-Task/Dokumen-Perjanjian/Page_DokumenChecking/Page_DokumenChecking/Page_DokumenChecking/textarea_b3-l2-172_3-b11-b2-l1-446_0-b1-l4_0-447""), ""testing"")",Chrome 150.0.7871.129,,,22-07-2026 11:04:30,22-07-2026 11:04:31,0.692s,PASSED
"selectOptionByValue(findTestObject(""Pilar 1/Dokumen Go Live/UAT/CBU/Staff-CBU-Submit-Task/Dokumen-Perjanjian/Page_DokumenChecking/Page_DokumenChecking/Page_DokumenChecking/select_b3-l2-172_3-b11-b2-l1-446_0-b1-l4_0-447_9""), ""0"", false)",Chrome 150.0.7871.129,,,22-07-2026 11:04:31,22-07-2026 11:04:32,0.765s,PASSED
"selectOptionByValue(findTestObject(""Pilar 1/Dokumen Go Live/UAT/CBU/Staff-CBU-Submit-Task/Dokumen-Perjanjian/Page_DokumenChecking/Page_DokumenChecking/Page_DokumenChecking/select_b3-l2-172_3-b11-b2-l1-446_0-b1-l4_0-447_9_1""), ""0"", false)",Chrome 150.0.7871.129,,,22-07-2026 11:04:32,22-07-2026 11:04:32,0.552s,PASSED
"setText(findTestObject(""Pilar 1/Dokumen Go Live/UAT/CBU/Staff-CBU-Submit-Task/Dokumen-Perjanjian/Page_DokumenChecking/Page_DokumenChecking/Page_DokumenChecking/textarea_b3-l2-172_3-b11-b2-l1-446_0-b1-l4_0-447_1""), ""testing"")",Chrome 150.0.7871.129,,,22-07-2026 11:04:32,22-07-2026 11:04:33,0.642s,PASSED
"click(findTestObject(""Pilar 1/Dokumen Go Live/UAT/CBU/Staff-CBU-Submit-Task/Dokumen-Perjanjian/Page_DokumenChecking/Page_DokumenChecking/input_Survey Pengurus_Checkbox""))",Chrome 150.0.7871.129,,,22-07-2026 11:04:33,22-07-2026 11:04:33,0.564s,PASSED
"click(findTestObject(""Pilar 1/Dokumen Go Live/UAT/CBU/Staff-CBU-Submit-Task/Dokumen-Perjanjian/Page_DokumenChecking/button_Draft""))",Chrome 150.0.7871.129,,,22-07-2026 11:04:33,22-07-2026 11:04:34,0.307s,PASSED
"click(findTestObject(""Pilar 1/Dokumen Go Live/UAT/CBU/Staff-CBU-Submit-Task/Dokumen-Perjanjian/Page_DokumenChecking/button_Submit""))",Chrome 150.0.7871.129,,,22-07-2026 11:04:34,22-07-2026 11:04:40,5.786s,PASSED
"click(findTestObject(""Pilar 1/Dokumen Go Live/UAT/CBU/Staff-CBU-Submit-Task/Dokumen-Perjanjian/Page_DokumenChecking/button_Submit_popup""))",Chrome 150.0.7871.129,,,22-07-2026 11:04:40,22-07-2026 11:04:40,0.603s,PASSED
delay(5),Chrome 150.0.7871.129,,,22-07-2026 11:04:40,22-07-2026 11:04:45,5.012s,PASSED
"selectOptionByValue(findTestObject(""Pilar 1/Dokumen Go Live/UAT/CBU/Staff-CBU-Submit-Task/Dokumen-Persyaratan-Kredit/Page_KelengkapanKredit/select_b3-b2-b1-Dropdown3""), ""2"", false)",Chrome 150.0.7871.129,,,22-07-2026 11:04:45,22-07-2026 11:04:48,2.557s,PASSED
"click(findTestObject(""Pilar 1/Dokumen Go Live/UAT/CBU/Staff-CBU-Submit-Task/Dokumen-Persyaratan-Kredit/Page_KelengkapanKredit/button_Cari""))",Chrome 150.0.7871.129,,,22-07-2026 11:04:48,22-07-2026 11:04:48,0.277s,PASSED
,,,,,,,
Test Cases/Pilar 1/Dokumen Go Live/UAT/CBU/SPV-CBU-Persetujuan-Before-Survey,Chrome 150.0.7871.129,,,22-07-2026 11:04:48,22-07-2026 11:05:47,58.805s,PASSED
"callTestCase(findTestCase(""Pilar 1/Login/UAT/SPV-CBU""), [:], STOP_ON_FAILURE)",Chrome 150.0.7871.129,,,22-07-2026 11:04:48,22-07-2026 11:05:21,32.642s,PASSED
"click(findTestObject(""Pilar 1/Dokumen Go Live/UAT/CBU/SPV-CBU-Persetujuan/Page_Dashboard/div_b2-l1-17_9-b3-SubMenuHeader""))",Chrome 150.0.7871.129,,,22-07-2026 11:05:21,22-07-2026 11:05:24,2.999s,PASSED
"click(findTestObject(""Pilar 1/Dokumen Go Live/UAT/CBU/SPV-CBU-Persetujuan/Page_Dashboard/div_b2-l1-17_9-b4-l1-35_4-b1-SubMenuHeader""))",Chrome 150.0.7871.129,,,22-07-2026 11:05:24,22-07-2026 11:05:26,2.337s,PASSED
"click(findTestObject(""Pilar 1/Dokumen Go Live/UAT/CBU/SPV-CBU-Persetujuan/Page_Dashboard/a_Dokumen Golive""))",Chrome 150.0.7871.129,,,22-07-2026 11:05:26,22-07-2026 11:05:26,0.290s,PASSED
"setText(findTestObject(""Pilar 1/Dokumen Go Live/UAT/CBU/SPV-CBU-Persetujuan/Page_ApprovalKelengkapanKredit/input_b3-b1-Input_StartDate""), ""22-07-2026"")",Chrome 150.0.7871.129,,,22-07-2026 11:05:26,22-07-2026 11:05:30,3.466s,PASSED
"setText(findTestObject(""Pilar 1/Dokumen Go Live/UAT/CBU/SPV-CBU-Persetujuan/Page_ApprovalKelengkapanKredit/input_b3-b1-Input_StartDate2""), ""22-07-2026"")",Chrome 150.0.7871.129,,,22-07-2026 11:05:30,22-07-2026 11:05:30,0.564s,PASSED
"selectOptionByValue(findTestObject(""Pilar 1/Dokumen Go Live/UAT/CBU/SPV-CBU-Persetujuan/Page_ApprovalKelengkapanKredit/select_b3-b1-Dropdown1""), ""2"", false)",Chrome 150.0.7871.129,,,22-07-2026 11:05:30,22-07-2026 11:05:31,0.518s,PASSED
"selectOptionByValue(findTestObject(""Pilar 1/Dokumen Go Live/UAT/CBU/SPV-CBU-Persetujuan/Page_ApprovalKelengkapanKredit/select_b3-b1-Dropdown3""), ""0"", false)",Chrome 150.0.7871.129,,,22-07-2026 11:05:31,22-07-2026 11:05:31,0.514s,PASSED
"click(findTestObject(""Pilar 1/Dokumen Go Live/UAT/CBU/SPV-CBU-Persetujuan/Page_ApprovalKelengkapanKredit/button_search""))",Chrome 150.0.7871.129,,,22-07-2026 11:05:31,22-07-2026 11:05:32,0.289s,PASSED
"click(findTestObject(""Pilar 1/Dokumen Go Live/UAT/CBU/SPV-CBU-Persetujuan/Page_ApprovalKelengkapanKredit/button_Persetujuan""))",Chrome 150.0.7871.129,,,22-07-2026 11:05:32,22-07-2026 11:05:33,0.850s,PASSED
"click(findTestObject(""Pilar 1/Dokumen Go Live/UAT/CBU/SPV-CBU-Persetujuan/Page_ApprovalKelengkapanKreditDetail/button_Next""))",Chrome 150.0.7871.129,,,22-07-2026 11:05:33,22-07-2026 11:05:36,3.850s,PASSED
"click(findTestObject(""Pilar 1/Dokumen Go Live/UAT/CBU/SPV-CBU-Persetujuan/Page_ApprovalKelengkapanKreditDetail/button_Next""))",Chrome 150.0.7871.129,,,22-07-2026 11:05:36,22-07-2026 11:05:38,1.723s,PASSED
"click(findTestObject(""Pilar 1/Dokumen Go Live/UAT/CBU/SPV-CBU-Persetujuan/Page_ApprovalKelengkapanKreditDetail/button_Next""))",Chrome 150.0.7871.129,,,22-07-2026 11:05:38,22-07-2026 11:05:39,1.012s,PASSED
"click(findTestObject(""Pilar 1/Dokumen Go Live/UAT/CBU/SPV-CBU-Persetujuan/Page_ApprovalKelengkapanKreditDetail/button_Next_GoToTAB_Survey""))",Chrome 150.0.7871.129,,,22-07-2026 11:05:39,22-07-2026 11:05:39,0.000s,NOT_RUN
"selectOptionByValue(findTestObject(""Pilar 1/Dokumen Go Live/UAT/CBU/SPV-CBU-Persetujuan/Page_ApprovalKelengkapanKreditDetail/select_b3-l2-316_3-b10-Status""), ""0"", false)",Chrome 150.0.7871.129,,,22-07-2026 11:05:39,22-07-2026 11:05:40,1.008s,PASSED
"selectOptionByValue(findTestObject(""Pilar 1/Dokumen Go Live/UAT/CBU/SPV-CBU-Persetujuan/Page_ApprovalKelengkapanKreditDetail/select_b3-l2-316_3-b10-Action""), ""0"", false)",Chrome 150.0.7871.129,,,22-07-2026 11:05:40,22-07-2026 11:05:41,0.523s,PASSED
"setText(findTestObject(""Pilar 1/Dokumen Go Live/UAT/CBU/SPV-CBU-Persetujuan/Page_ApprovalKelengkapanKreditDetail/textarea_b3-l2-316_3-b10-TextArea_Catatan""), ""testing"")",Chrome 150.0.7871.129,,,22-07-2026 11:05:41,22-07-2026 11:05:41,0.608s,PASSED
"click(findTestObject(""Pilar 1/Dokumen Go Live/UAT/CBU/SPV-CBU-Persetujuan/Page_ApprovalKelengkapanKreditDetail/button_Submit""))",Chrome 150.0.7871.129,,,22-07-2026 11:05:41,22-07-2026 11:05:42,0.530s,PASSED
"selectOptionByValue(findTestObject(""Pilar 1/Dokumen Go Live/UAT/CBU/SPV-CBU-Persetujuan/Page_ApprovalKelengkapanKreditDetail/select_Status_TAB_Survey""), ""0"", false)",Chrome 150.0.7871.129,,,22-07-2026 11:05:42,22-07-2026 11:05:42,0.002s,NOT_RUN
"setText(findTestObject(""Pilar 1/Dokumen Go Live/UAT/CBU/SPV-CBU-Persetujuan/Page_ApprovalKelengkapanKreditDetail/textarea_Catatan_TAB_Survey""), ""Okay survei sudah dilakukan, saya approved dan akan tindak lanjut"")",Chrome 150.0.7871.129,,,22-07-2026 11:05:42,22-07-2026 11:05:42,0.000s,NOT_RUN
"click(findTestObject(""Pilar 1/Dokumen Go Live/UAT/CBU/SPV-CBU-Persetujuan/Page_ApprovalKelengkapanKreditDetail/button_SubmitTAB_SurveyWeb""))",Chrome 150.0.7871.129,,,22-07-2026 11:05:42,22-07-2026 11:05:42,0.000s,NOT_RUN
delay(5),Chrome 150.0.7871.129,,,22-07-2026 11:05:42,22-07-2026 11:05:47,5.004s,PASSED
"selectOptionByValue(findTestObject(""Pilar 1/Dokumen Go Live/UAT/CBU/SPV-CBU-Persetujuan/Page_ApprovalKelengkapanKredit/select_b3-b1-Dropdown3""), ""1"", false)",Chrome 150.0.7871.129,,,22-07-2026 11:05:47,22-07-2026 11:05:47,0.000s,NOT_RUN
"click(findTestObject(""Pilar 1/Dokumen Go Live/UAT/CBU/SPV-CBU-Persetujuan/Page_ApprovalKelengkapanKredit/button_search""))",Chrome 150.0.7871.129,,,22-07-2026 11:05:47,22-07-2026 11:05:47,0.000s,NOT_RUN
,,,,,,,
Test Cases/Pilar 1/Dokumen Go Live/UAT/CBU/Staff-MCBU-Survey-Submit-Task,Chrome 150.0.7871.129,,,22-07-2026 11:05:47,22-07-2026 11:07:18,1m - 31.595s,PASSED
"callTestCase(findTestCase(""Pilar 1/Login/UAT/Mobile/Staff-MCBU""), [:], STOP_ON_FAILURE)",Chrome 150.0.7871.129,,,22-07-2026 11:05:47,22-07-2026 11:06:07,19.777s,PASSED
"waitForElementVisible(findTestObject(""Pilar 1/Dokumen Go Live/UAT/CBU/Staff-MCBU-Survey-Submit-Task/Page_Home/div_HomeStaff""), 5)",Chrome 150.0.7871.129,,,22-07-2026 11:06:07,22-07-2026 11:06:09,2.291s,PASSED
"click(findTestObject(""Pilar 1/Dokumen Go Live/UAT/CBU/Staff-MCBU-Survey-Submit-Task/Page_Home/span_Survey Kunjungan""))",Chrome 150.0.7871.129,,,22-07-2026 11:06:09,22-07-2026 11:06:12,2.742s,PASSED
"setText(findTestObject(""Pilar 1/Dokumen Go Live/UAT/CBU/Staff-MCBU-Survey-Submit-Task/Page_SurveyKunjungan/input_Input_TextSearch""), ""12302400043"")",Chrome 150.0.7871.129,,,22-07-2026 11:06:12,22-07-2026 11:06:14,2.280s,PASSED
"click(findTestObject(""Pilar 1/Dokumen Go Live/UAT/CBU/Staff-MCBU-Survey-Submit-Task/Page_SurveyKunjungan/i_icon_Search""))",Chrome 150.0.7871.129,,,22-07-2026 11:06:14,22-07-2026 11:06:14,0.295s,PASSED
"click(findTestObject(""Pilar 1/Dokumen Go Live/UAT/CBU/Staff-MCBU-Survey-Submit-Task/Page_SurveyKunjungan/div_SURVEY KUNJUNGANCBU_P1.1_07_26_007""))",Chrome 150.0.7871.129,,,22-07-2026 11:06:14,22-07-2026 11:06:16,1.573s,PASSED
"click(findTestObject(""Pilar 1/Dokumen Go Live/UAT/CBU/Staff-MCBU-Survey-Submit-Task/Page_SurveyKunjunganDetail/button_Start Survey""))",Chrome 150.0.7871.129,,,22-07-2026 11:06:16,22-07-2026 11:06:17,0.834s,PASSED
"click(findTestObject(""Pilar 1/Dokumen Go Live/UAT/CBU/Staff-MCBU-Survey-Submit-Task/Page_SurveyKunjunganDetail/button_Lanjutkan Survey""))",Chrome 150.0.7871.129,,,22-07-2026 11:06:17,22-07-2026 11:06:17,0.003s,NOT_RUN
"click(findTestObject(""Pilar 1/Dokumen Go Live/UAT/CBU/Staff-MCBU-Survey-Submit-Task/Page_SurveyAppointment/input_Checklist_Data_Confins""))",Chrome 150.0.7871.129,,,22-07-2026 11:06:17,22-07-2026 11:06:19,2.461s,PASSED
"click(findTestObject(""Pilar 1/Dokumen Go Live/UAT/CBU/Staff-MCBU-Survey-Submit-Task/Page_SurveyAppointment/button_Survey""))",Chrome 150.0.7871.129,,,22-07-2026 11:06:19,22-07-2026 11:06:20,0.709s,PASSED
"click(findTestObject(""Pilar 1/Dokumen Go Live/UAT/CBU/Staff-MCBU-Survey-Submit-Task/Page_SurveyQuestionAnswer/div_Accordion_SumberInformasi""))",Chrome 150.0.7871.129,,,22-07-2026 11:06:20,22-07-2026 11:06:21,1.061s,PASSED
"setText(findTestObject(""Pilar 1/Dokumen Go Live/UAT/CBU/Staff-MCBU-Survey-Submit-Task/Page_SurveyQuestionAnswer/input_Nama Sumber Informasi 1 __1""), ""Amanda"")",Chrome 150.0.7871.129,,,22-07-2026 11:06:21,22-07-2026 11:06:22,0.600s,PASSED
"selectOptionByValue(findTestObject(""Pilar 1/Dokumen Go Live/UAT/CBU/Staff-MCBU-Survey-Submit-Task/Page_SurveyQuestionAnswer/select_Hubungan sumber informasi 1 dengan custom""), ""0"", false)",Chrome 150.0.7871.129,,,22-07-2026 11:06:22,22-07-2026 11:06:22,0.516s,PASSED
"click(findTestObject(""Pilar 1/Dokumen Go Live/UAT/CBU/Staff-MCBU-Survey-Submit-Task/Page_SurveyQuestionAnswer/input_Ya""))",Chrome 150.0.7871.129,,,22-07-2026 11:06:22,22-07-2026 11:06:23,0.766s,PASSED
"setText(findTestObject(""Pilar 1/Dokumen Go Live/UAT/CBU/Staff-MCBU-Survey-Submit-Task/Page_SurveyQuestionAnswer/input_Nama Sumber Informasi 2 _""), ""Amina"")",Chrome 150.0.7871.129,,,22-07-2026 11:06:23,22-07-2026 11:06:24,0.942s,PASSED
"selectOptionByValue(findTestObject(""Pilar 1/Dokumen Go Live/UAT/CBU/Staff-MCBU-Survey-Submit-Task/Page_SurveyQuestionAnswer/select_Hubungan sumber informasi 2 dengan custom""), ""1"", false)",Chrome 150.0.7871.129,,,22-07-2026 11:06:24,22-07-2026 11:06:24,0.551s,PASSED
"click(findTestObject(""Pilar 1/Dokumen Go Live/UAT/CBU/Staff-MCBU-Survey-Submit-Task/Page_SurveyQuestionAnswer/input_Ya_1""))",Chrome 150.0.7871.129,,,22-07-2026 11:06:24,22-07-2026 11:06:25,0.758s,PASSED
"setText(findTestObject(""Pilar 1/Dokumen Go Live/UAT/CBU/Staff-MCBU-Survey-Submit-Task/Page_SurveyQuestionAnswer/input_Nama Sumber Informasi 3 _""), ""Asep"")",Chrome 150.0.7871.129,,,22-07-2026 11:06:25,22-07-2026 11:06:26,0.857s,PASSED
"selectOptionByValue(findTestObject(""Pilar 1/Dokumen Go Live/UAT/CBU/Staff-MCBU-Survey-Submit-Task/Page_SurveyQuestionAnswer/select_Hubungan sumber informasi 3 dengan custom""), ""9"", false)",Chrome 150.0.7871.129,,,22-07-2026 11:06:26,22-07-2026 11:06:27,0.530s,PASSED
"click(findTestObject(""Pilar 1/Dokumen Go Live/UAT/CBU/Staff-MCBU-Survey-Submit-Task/Page_SurveyQuestionAnswer/input_Ya_2""))",Chrome 150.0.7871.129,,,22-07-2026 11:06:27,22-07-2026 11:06:27,0.760s,PASSED
delay(3),Chrome 150.0.7871.129,,,22-07-2026 11:06:27,22-07-2026 11:06:30,3.003s,PASSED
"click(findTestObject(""Pilar 1/Dokumen Go Live/UAT/CBU/Staff-MCBU-Survey-Submit-Task/Page_SurveyQuestionAnswer/div_Accordion_FotoKunjungan""))",Chrome 150.0.7871.129,,,22-07-2026 11:06:30,22-07-2026 11:06:31,0.289s,PASSED
"click(findTestObject(""Pilar 1/Dokumen Go Live/UAT/CBU/Staff-MCBU-Survey-Submit-Task/Page_SurveyQuestionAnswer/div_Ambil Foto_1""))",Chrome 150.0.7871.129,,,22-07-2026 11:06:31,22-07-2026 11:06:31,0.327s,PASSED
"click(findTestObject(""Pilar 1/Dokumen Go Live/UAT/CBU/Staff-MCBU-Survey-Submit-Task/Page_SurveyQuestionAnswer/div_Kamera1""))",Chrome 150.0.7871.129,,,22-07-2026 11:06:31,22-07-2026 11:06:31,0.330s,PASSED
"switchToWindowTitle(""SurveyQuestionAnswer"")",Chrome 150.0.7871.129,,,22-07-2026 11:06:31,22-07-2026 11:06:31,0.056s,PASSED
delay(5),Chrome 150.0.7871.129,,,22-07-2026 11:06:31,22-07-2026 11:06:36,5.006s,PASSED
"click(findTestObject(""Pilar 1/Dokumen Go Live/UAT/CBU/Staff-MCBU-Survey-Submit-Task/Page_SurveyQuestionAnswer/input_Sesuai""))",Chrome 150.0.7871.129,,,22-07-2026 11:06:36,22-07-2026 11:06:37,1.196s,PASSED
"click(findTestObject(""Pilar 1/Dokumen Go Live/UAT/CBU/Staff-MCBU-Survey-Submit-Task/Page_SurveyQuestionAnswer/div_Ambil Foto_2""))",Chrome 150.0.7871.129,,,22-07-2026 11:06:37,22-07-2026 11:06:38,0.575s,PASSED
"click(findTestObject(""Pilar 1/Dokumen Go Live/UAT/CBU/Staff-MCBU-Survey-Submit-Task/Page_SurveyQuestionAnswer/div_Kamera2""))",Chrome 150.0.7871.129,,,22-07-2026 11:06:38,22-07-2026 11:06:38,0.382s,PASSED
delay(5),Chrome 150.0.7871.129,,,22-07-2026 11:06:38,22-07-2026 11:06:43,5.016s,PASSED
"click(findTestObject(""Pilar 1/Dokumen Go Live/UAT/CBU/Staff-MCBU-Survey-Submit-Task/Page_SurveyQuestionAnswer/input_Tidak Sesuai""))",Chrome 150.0.7871.129,,,22-07-2026 11:06:43,22-07-2026 11:06:44,0.329s,PASSED
"click(findTestObject(""Pilar 1/Dokumen Go Live/UAT/CBU/Staff-MCBU-Survey-Submit-Task/Page_SurveyQuestionAnswer/div_Ambil Foto_3""))",Chrome 150.0.7871.129,,,22-07-2026 11:06:44,22-07-2026 11:06:44,0.675s,PASSED
"click(findTestObject(""Pilar 1/Dokumen Go Live/UAT/CBU/Staff-MCBU-Survey-Submit-Task/Page_SurveyQuestionAnswer/div_Kamera3""))",Chrome 150.0.7871.129,,,22-07-2026 11:06:44,22-07-2026 11:06:45,0.329s,PASSED
delay(5),Chrome 150.0.7871.129,,,22-07-2026 11:06:45,22-07-2026 11:06:50,5.010s,PASSED
"click(findTestObject(""Pilar 1/Dokumen Go Live/UAT/CBU/Staff-MCBU-Survey-Submit-Task/Page_SurveyQuestionAnswer/input_Sesuai_1""))",Chrome 150.0.7871.129,,,22-07-2026 11:06:50,22-07-2026 11:06:50,0.384s,PASSED
"click(findTestObject(""Pilar 1/Dokumen Go Live/UAT/CBU/Staff-MCBU-Survey-Submit-Task/Page_SurveyQuestionAnswer/div_Ambil Foto_4""))",Chrome 150.0.7871.129,,,22-07-2026 11:06:50,22-07-2026 11:06:51,0.679s,PASSED
"click(findTestObject(""Pilar 1/Dokumen Go Live/UAT/CBU/Staff-MCBU-Survey-Submit-Task/Page_SurveyQuestionAnswer/div_Kamera4""))",Chrome 150.0.7871.129,,,22-07-2026 11:06:51,22-07-2026 11:06:51,0.326s,PASSED
delay(5),Chrome 150.0.7871.129,,,22-07-2026 11:06:51,22-07-2026 11:06:56,5.005s,PASSED
"click(findTestObject(""Pilar 1/Dokumen Go Live/UAT/CBU/Staff-MCBU-Survey-Submit-Task/Page_SurveyQuestionAnswer/input_Tidak Sesuai_1""))",Chrome 150.0.7871.129,,,22-07-2026 11:06:56,22-07-2026 11:06:57,0.334s,PASSED
"click(findTestObject(""Pilar 1/Dokumen Go Live/UAT/CBU/Staff-MCBU-Survey-Submit-Task/Page_SurveyQuestionAnswer/div_Ambil Foto_5""))",Chrome 150.0.7871.129,,,22-07-2026 11:06:57,22-07-2026 11:06:57,0.539s,PASSED
delay(5),Chrome 150.0.7871.129,,,22-07-2026 11:06:57,22-07-2026 11:07:02,5.001s,PASSED
"click(findTestObject(""Pilar 1/Dokumen Go Live/UAT/CBU/Staff-MCBU-Survey-Submit-Task/Page_SurveyQuestionAnswer/input_Sesuai_2""))",Chrome 150.0.7871.129,,,22-07-2026 11:07:02,22-07-2026 11:07:02,0.314s,PASSED
delay(3),Chrome 150.0.7871.129,,,22-07-2026 11:07:02,22-07-2026 11:07:05,3.012s,PASSED
"click(findTestObject(""Pilar 1/Dokumen Go Live/UAT/CBU/Staff-MCBU-Survey-Submit-Task/Page_SurveyQuestionAnswer/div_Accordion_HasilKunjungan""))",Chrome 150.0.7871.129,,,22-07-2026 11:07:05,22-07-2026 11:07:06,0.304s,PASSED
"click(findTestObject(""Pilar 1/Dokumen Go Live/UAT/CBU/Staff-MCBU-Survey-Submit-Task/Page_SurveyQuestionAnswer/input_Sesuai_Alamat""))",Chrome 150.0.7871.129,,,22-07-2026 11:07:06,22-07-2026 11:07:06,0.403s,PASSED
"click(findTestObject(""Pilar 1/Dokumen Go Live/UAT/CBU/Staff-MCBU-Survey-Submit-Task/Page_SurveyQuestionAnswer/input_Sesuai_Telepon""))",Chrome 150.0.7871.129,,,22-07-2026 11:07:06,22-07-2026 11:07:07,0.646s,PASSED
"selectOptionByValue(findTestObject(""Pilar 1/Dokumen Go Live/UAT/CBU/Staff-MCBU-Survey-Submit-Task/Page_SurveyQuestionAnswer/select_Akses Jalan""), ""1"", false)",Chrome 150.0.7871.129,,,22-07-2026 11:07:07,22-07-2026 11:07:08,0.761s,PASSED
"selectOptionByValue(findTestObject(""Pilar 1/Dokumen Go Live/UAT/CBU/Staff-MCBU-Survey-Submit-Task/Page_SurveyQuestionAnswer/select_Bentuk Bangunan""), ""4"", false)",Chrome 150.0.7871.129,,,22-07-2026 11:07:08,22-07-2026 11:07:08,0.756s,PASSED
"setText(findTestObject(""Pilar 1/Dokumen Go Live/UAT/CBU/Staff-MCBU-Survey-Submit-Task/Page_SurveyQuestionAnswer/input_Lama Usaha_Kerja_1""), ""5 Tahun"")",Chrome 150.0.7871.129,,,22-07-2026 11:07:08,22-07-2026 11:07:09,0.912s,PASSED
"selectOptionByValue(findTestObject(""Pilar 1/Dokumen Go Live/UAT/CBU/Staff-MCBU-Survey-Submit-Task/Page_SurveyQuestionAnswer/select_Status Kepemilikan _""), ""1"", false)",Chrome 150.0.7871.129,,,22-07-2026 11:07:09,22-07-2026 11:07:10,0.527s,PASSED
"setText(findTestObject(""Pilar 1/Dokumen Go Live/UAT/CBU/Staff-MCBU-Survey-Submit-Task/Page_SurveyQuestionAnswer/textarea_Catatan Hasil Survey""), ""Tidak Sesuai"")",Chrome 150.0.7871.129,,,22-07-2026 11:07:10,22-07-2026 11:07:11,1.082s,PASSED
"selectOptionByValue(findTestObject(""Pilar 1/Dokumen Go Live/UAT/CBU/Staff-MCBU-Survey-Submit-Task/Page_SurveyQuestionAnswer/select_Kategori Temuan""), ""1"", false)",Chrome 150.0.7871.129,,,22-07-2026 11:07:11,22-07-2026 11:07:12,0.771s,PASSED
"click(findTestObject(""Pilar 1/Dokumen Go Live/UAT/CBU/Staff-MCBU-Survey-Submit-Task/Page_SurveyQuestionAnswer/button_Draft""))",Chrome 150.0.7871.129,,,22-07-2026 11:07:12,22-07-2026 11:07:12,0.001s,NOT_RUN
"click(findTestObject(""Pilar 1/Dokumen Go Live/UAT/CBU/Staff-MCBU-Survey-Submit-Task/Page_SurveyQuestionAnswer/button_Submit""))",Chrome 150.0.7871.129,,,22-07-2026 11:07:12,22-07-2026 11:07:12,0.559s,PASSED
"click(findTestObject(""Pilar 1/Dokumen Go Live/UAT/CBU/Staff-MCBU-Survey-Submit-Task/Page_SurveyQuestionAnswer/button_Submit_PopUp""))",Chrome 150.0.7871.129,,,22-07-2026 11:07:12,22-07-2026 11:07:13,0.392s,PASSED
"click(findTestObject(""Pilar 1/Dokumen Go Live/UAT/CBU/Staff-MCBU-Survey-Submit-Task/Page_SurveyKunjunganDetail/button_SubmitAfter_AllTask""))",Chrome 150.0.7871.129,,,22-07-2026 11:07:13,22-07-2026 11:07:16,3.989s,PASSED
"setText(findTestObject(""Pilar 1/Dokumen Go Live/UAT/CBU/Staff-MCBU-Survey-Submit-Task/Page_SurveyKunjungan/input_Input_TextSearch""), ""12302400043"")",Chrome 150.0.7871.129,,,22-07-2026 11:07:17,22-07-2026 11:07:18,1.666s,PASSED
"click(findTestObject(""Pilar 1/Dokumen Go Live/UAT/CBU/Staff-MCBU-Survey-Submit-Task/Page_SurveyKunjungan/i_icon_Search""))",Chrome 150.0.7871.129,,,22-07-2026 11:07:18,22-07-2026 11:07:18,0.285s,PASSED
,,,,,,,
Test Cases/Pilar 1/Dokumen Go Live/UAT/CBU/SPV-CBU-Persetujuan-After-Survey,Chrome 150.0.7871.129,,,22-07-2026 11:07:18,22-07-2026 11:08:26,1m - 7.231s,PASSED
"callTestCase(findTestCase(""Pilar 1/Login/UAT/SPV-CBU""), [:], STOP_ON_FAILURE)",Chrome 150.0.7871.129,,,22-07-2026 11:07:19,22-07-2026 11:07:52,33.494s,PASSED
"click(findTestObject(""Pilar 1/Dokumen Go Live/UAT/CBU/SPV-CBU-Persetujuan/Page_Dashboard/div_b2-l1-17_9-b3-SubMenuHeader""))",Chrome 150.0.7871.129,,,22-07-2026 11:07:52,22-07-2026 11:07:56,3.561s,PASSED
"click(findTestObject(""Pilar 1/Dokumen Go Live/UAT/CBU/SPV-CBU-Persetujuan/Page_Dashboard/div_b2-l1-17_9-b4-l1-35_4-b1-SubMenuHeader""))",Chrome 150.0.7871.129,,,22-07-2026 11:07:56,22-07-2026 11:07:58,2.776s,PASSED
"click(findTestObject(""Pilar 1/Dokumen Go Live/UAT/CBU/SPV-CBU-Persetujuan/Page_Dashboard/a_Dokumen Golive""))",Chrome 150.0.7871.129,,,22-07-2026 11:07:58,22-07-2026 11:07:59,0.302s,PASSED
"setText(findTestObject(""Pilar 1/Dokumen Go Live/UAT/CBU/SPV-CBU-Persetujuan/Page_ApprovalKelengkapanKredit/input_b3-b1-Input_StartDate""), ""22-07-2026"")",Chrome 150.0.7871.129,,,22-07-2026 11:07:59,22-07-2026 11:08:03,4.562s,PASSED
"setText(findTestObject(""Pilar 1/Dokumen Go Live/UAT/CBU/SPV-CBU-Persetujuan/Page_ApprovalKelengkapanKredit/input_b3-b1-Input_StartDate2""), ""22-07-2026"")",Chrome 150.0.7871.129,,,22-07-2026 11:08:03,22-07-2026 11:08:04,0.568s,PASSED
"selectOptionByValue(findTestObject(""Pilar 1/Dokumen Go Live/UAT/CBU/SPV-CBU-Persetujuan/Page_ApprovalKelengkapanKredit/select_b3-b1-Dropdown1""), ""2"", false)",Chrome 150.0.7871.129,,,22-07-2026 11:08:04,22-07-2026 11:08:04,0.519s,PASSED
"selectOptionByValue(findTestObject(""Pilar 1/Dokumen Go Live/UAT/CBU/SPV-CBU-Persetujuan/Page_ApprovalKelengkapanKredit/select_b3-b1-Dropdown3""), ""0"", false)",Chrome 150.0.7871.129,,,22-07-2026 11:08:04,22-07-2026 11:08:05,0.507s,PASSED
"click(findTestObject(""Pilar 1/Dokumen Go Live/UAT/CBU/SPV-CBU-Persetujuan/Page_ApprovalKelengkapanKredit/button_search""))",Chrome 150.0.7871.129,,,22-07-2026 11:08:05,22-07-2026 11:08:05,0.302s,PASSED
"click(findTestObject(""Pilar 1/Dokumen Go Live/UAT/CBU/SPV-CBU-Persetujuan/Page_ApprovalKelengkapanKredit/button_Persetujuan""))",Chrome 150.0.7871.129,,,22-07-2026 11:08:05,22-07-2026 11:08:06,0.744s,PASSED
"click(findTestObject(""Pilar 1/Dokumen Go Live/UAT/CBU/SPV-CBU-Persetujuan/Page_ApprovalKelengkapanKreditDetail/button_Next""))",Chrome 150.0.7871.129,,,22-07-2026 11:08:06,22-07-2026 11:08:09,2.763s,PASSED
"click(findTestObject(""Pilar 1/Dokumen Go Live/UAT/CBU/SPV-CBU-Persetujuan/Page_ApprovalKelengkapanKreditDetail/button_Next""))",Chrome 150.0.7871.129,,,22-07-2026 11:08:09,22-07-2026 11:08:10,1.751s,PASSED
"click(findTestObject(""Pilar 1/Dokumen Go Live/UAT/CBU/SPV-CBU-Persetujuan/Page_ApprovalKelengkapanKreditDetail/button_Next""))",Chrome 150.0.7871.129,,,22-07-2026 11:08:10,22-07-2026 11:08:11,0.915s,PASSED
"click(findTestObject(""Pilar 1/Dokumen Go Live/UAT/CBU/SPV-CBU-Persetujuan/Page_ApprovalKelengkapanKreditDetail/button_Next_GoToTAB_Survey""))",Chrome 150.0.7871.129,,,22-07-2026 11:08:11,22-07-2026 11:08:13,1.543s,PASSED
"selectOptionByValue(findTestObject(""Pilar 1/Dokumen Go Live/UAT/CBU/SPV-CBU-Persetujuan/Page_ApprovalKelengkapanKreditDetail/select_b3-l2-316_3-b10-Status""), ""0"", false)",Chrome 150.0.7871.129,,,22-07-2026 11:08:13,22-07-2026 11:08:13,0.000s,NOT_RUN
"selectOptionByValue(findTestObject(""Pilar 1/Dokumen Go Live/UAT/CBU/SPV-CBU-Persetujuan/Page_ApprovalKelengkapanKreditDetail/select_b3-l2-316_3-b10-Action""), ""0"", false)",Chrome 150.0.7871.129,,,22-07-2026 11:08:13,22-07-2026 11:08:13,0.000s,NOT_RUN
"setText(findTestObject(""Pilar 1/Dokumen Go Live/UAT/CBU/SPV-CBU-Persetujuan/Page_ApprovalKelengkapanKreditDetail/textarea_b3-l2-316_3-b10-TextArea_Catatan""), ""testing"")",Chrome 150.0.7871.129,,,22-07-2026 11:08:13,22-07-2026 11:08:13,0.000s,NOT_RUN
"click(findTestObject(""Pilar 1/Dokumen Go Live/UAT/CBU/SPV-CBU-Persetujuan/Page_ApprovalKelengkapanKreditDetail/button_Submit""))",Chrome 150.0.7871.129,,,22-07-2026 11:08:13,22-07-2026 11:08:13,0.000s,NOT_RUN
"selectOptionByValue(findTestObject(""Pilar 1/Dokumen Go Live/UAT/CBU/SPV-CBU-Persetujuan/Page_ApprovalKelengkapanKreditDetail/select_Status_TAB_Survey""), ""0"", false)",Chrome 150.0.7871.129,,,22-07-2026 11:08:13,22-07-2026 11:08:14,1.134s,PASSED
"setText(findTestObject(""Pilar 1/Dokumen Go Live/UAT/CBU/SPV-CBU-Persetujuan/Page_ApprovalKelengkapanKreditDetail/textarea_Catatan_TAB_Survey""), ""Okay survei sudah dilakukan, saya approved dan akan tindak lanjut"")",Chrome 150.0.7871.129,,,22-07-2026 11:08:14,22-07-2026 11:08:15,0.768s,PASSED
"click(findTestObject(""Pilar 1/Dokumen Go Live/UAT/CBU/SPV-CBU-Persetujuan/Page_ApprovalKelengkapanKreditDetail/button_SubmitTAB_SurveyWeb""))",Chrome 150.0.7871.129,,,22-07-2026 11:08:15,22-07-2026 11:08:15,0.542s,PASSED
delay(5),Chrome 150.0.7871.129,,,22-07-2026 11:08:15,22-07-2026 11:08:20,5.007s,PASSED
"selectOptionByValue(findTestObject(""Pilar 1/Dokumen Go Live/UAT/CBU/SPV-CBU-Persetujuan/Page_ApprovalKelengkapanKredit/select_b3-b1-Dropdown3""), ""1"", false)",Chrome 150.0.7871.129,,,22-07-2026 11:08:20,22-07-2026 11:08:25,5.118s,PASSED
"click(findTestObject(""Pilar 1/Dokumen Go Live/UAT/CBU/SPV-CBU-Persetujuan/Page_ApprovalKelengkapanKredit/button_search""))",Chrome 150.0.7871.129,,,22-07-2026 11:08:25,22-07-2026 11:08:26,0.282s,PASSED
,,,,,,,
Test Cases/Pilar 1/Dokumen Go Live/UAT/CBU/SPV-CBU-Assign-PIC,Chrome 150.0.7871.129,,,22-07-2026 11:08:26,22-07-2026 11:09:23,56.863s,PASSED
"callTestCase(findTestCase(""Pilar 1/Login/UAT/SPV-CBU""), [:], STOP_ON_FAILURE)",Chrome 150.0.7871.129,,,22-07-2026 11:08:26,22-07-2026 11:08:59,33.379s,PASSED
"click(findTestObject(""Pilar 1/Dokumen Go Live/UAT/CBU/SPV-CBU-Assign-PIC/Page_Dashboard/div_b2-l1-16_10-b3-SubMenuHeader""))",Chrome 150.0.7871.129,,,22-07-2026 11:08:59,22-07-2026 11:09:02,3.017s,PASSED
"click(findTestObject(""Pilar 1/Dokumen Go Live/UAT/CBU/SPV-CBU-Assign-PIC/Page_Dashboard/div_b2-l1-16_10-b4-l1-44_4-b1-SubMenuHeader""))",Chrome 150.0.7871.129,,,22-07-2026 11:09:02,22-07-2026 11:09:05,2.887s,PASSED
"click(findTestObject(""Pilar 1/Dokumen Go Live/UAT/CBU/SPV-CBU-Assign-PIC/Page_Dashboard/a_Dokumen Golive""))",Chrome 150.0.7871.129,,,22-07-2026 11:09:05,22-07-2026 11:09:05,0.304s,PASSED
"setText(findTestObject(""Pilar 1/Dokumen Go Live/UAT/CBU/SPV-CBU-Assign-PIC/Page_TindakLanjut/input_b3-b2-b1-Input_StartDate3""), ""22-07-2026"")",Chrome 150.0.7871.129,,,22-07-2026 11:09:05,22-07-2026 11:09:10,4.501s,PASSED
"setText(findTestObject(""Pilar 1/Dokumen Go Live/UAT/CBU/SPV-CBU-Assign-PIC/Page_TindakLanjut/input_b3-b2-b1-Input_StartDate4""), ""22-07-2026"")",Chrome 150.0.7871.129,,,22-07-2026 11:09:10,22-07-2026 11:09:10,0.579s,PASSED
"selectOptionByValue(findTestObject(""Pilar 1/Dokumen Go Live/UAT/CBU/SPV-CBU-Assign-PIC/Page_TindakLanjut/select_b3-b2-b1-Dropdown2""), ""2"", false)",Chrome 150.0.7871.129,,,22-07-2026 11:09:10,22-07-2026 11:09:11,0.542s,PASSED
"selectOptionByValue(findTestObject(""Pilar 1/Dokumen Go Live/UAT/CBU/SPV-CBU-Assign-PIC/Page_TindakLanjut/select_b3-b2-b1-Dropdown5""), ""0"", false)",Chrome 150.0.7871.129,,,22-07-2026 11:09:11,22-07-2026 11:09:11,0.505s,PASSED
"click(findTestObject(""Pilar 1/Dokumen Go Live/UAT/CBU/SPV-CBU-Assign-PIC/Page_TindakLanjut/button_Cari""))",Chrome 150.0.7871.129,,,22-07-2026 11:09:11,22-07-2026 11:09:12,0.297s,PASSED
"click(findTestObject(""Pilar 1/Dokumen Go Live/UAT/CBU/SPV-CBU-Assign-PIC/Page_TindakLanjut/button_Tindak Lanjut""))",Chrome 150.0.7871.129,,,22-07-2026 11:09:12,22-07-2026 11:09:13,1.073s,PASSED
"click(findTestObject(""Pilar 1/Dokumen Go Live/UAT/CBU/SPV-CBU-Assign-PIC/Page_TindakLanjutDetail/checkbox_1""))",Chrome 150.0.7871.129,,,22-07-2026 11:09:13,22-07-2026 11:09:18,5.553s,PASSED
"click(findTestObject(""Pilar 1/Dokumen Go Live/UAT/CBU/SPV-CBU-Assign-PIC/Page_TindakLanjutDetail/button_Kirim Tindak Lanjut""))",Chrome 150.0.7871.129,,,22-07-2026 11:09:18,22-07-2026 11:09:19,0.567s,PASSED
"setText(findTestObject(""Pilar 1/Dokumen Go Live/UAT/CBU/SPV-CBU-Assign-PIC/Page_TindakLanjutDetail/input_b3-b1-b8-b2-NamaKaryawan""), ""Fatimah AZ"")",Chrome 150.0.7871.129,,,22-07-2026 11:09:19,22-07-2026 11:09:20,0.893s,PASSED
"setText(findTestObject(""Pilar 1/Dokumen Go Live/UAT/CBU/SPV-CBU-Assign-PIC/Page_TindakLanjutDetail/input_b3-b1-b8-b2-Jabatan""), ""IT Business Partner"")",Chrome 150.0.7871.129,,,22-07-2026 11:09:20,22-07-2026 11:09:20,0.623s,PASSED
"click(findTestObject(""Pilar 1/Dokumen Go Live/UAT/CBU/SPV-CBU-Assign-PIC/Page_TindakLanjutDetail/button_Cari""))",Chrome 150.0.7871.129,,,22-07-2026 11:09:20,22-07-2026 11:09:21,0.294s,PASSED
"click(findTestObject(""Pilar 1/Dokumen Go Live/UAT/CBU/SPV-CBU-Assign-PIC/Page_TindakLanjutDetail/input_b3-b1-b8-l1_0-491_0-IsPICUtama""))",Chrome 150.0.7871.129,,,22-07-2026 11:09:21,22-07-2026 11:09:22,0.727s,PASSED
"click(findTestObject(""Pilar 1/Dokumen Go Live/UAT/CBU/SPV-CBU-Assign-PIC/Page_TindakLanjutDetail/button_Kirim Tindak Lanjut_After_Check_PICUTAMA""))",Chrome 150.0.7871.129,,,22-07-2026 11:09:22,22-07-2026 11:09:22,0.517s,PASSED
"click(findTestObject(""Pilar 1/Dokumen Go Live/UAT/CBU/SPV-CBU-Assign-PIC/Page_TindakLanjutDetail/button_Kirim Tindak Lanjut_Popup""))",Chrome 150.0.7871.129,,,22-07-2026 11:09:22,22-07-2026 11:09:23,0.526s,PASSED
,,,,,,,
Test Cases/Pilar 1/Dokumen Go Live/UAT/CBU/PIC-CBU-Submit-Tindak-Lanjut,Chrome 150.0.7871.129,,,22-07-2026 11:09:23,22-07-2026 11:10:24,1m - 1.440s,PASSED
"DATA BINDING - {""(Default) Lorem"":""C:\\Users\\PPU\\Downloads\\Tester File\\Lorem1_PDF.pdf""}",,,,,,,
"callTestCase(findTestCase(""Pilar 1/Login/UAT/PIC-Fatimah""), [:], STOP_ON_FAILURE)",Chrome 150.0.7871.129,,,22-07-2026 11:09:23,22-07-2026 11:10:01,38.333s,PASSED
"click(findTestObject(""Pilar 1/Dokumen Go Live/UAT/CBU/PIC-CBU-Submit-Task/Page_Dashboard/div_b2-l1-16_1-b3-SubMenuHeader""))",Chrome 150.0.7871.129,,,22-07-2026 11:10:01,22-07-2026 11:10:04,3.246s,PASSED
"click(findTestObject(""Pilar 1/Dokumen Go Live/UAT/CBU/PIC-CBU-Submit-Task/Page_Dashboard/div_b2-l1-16_1-b4-l1-22_4-b1-SubMenuHeader""))",Chrome 150.0.7871.129,,,22-07-2026 11:10:04,22-07-2026 11:10:05,0.536s,PASSED
"click(findTestObject(""Pilar 1/Dokumen Go Live/UAT/CBU/PIC-CBU-Submit-Task/Page_Dashboard/a_Dokumen Golive""))",Chrome 150.0.7871.129,,,22-07-2026 11:10:05,22-07-2026 11:10:05,0.301s,PASSED
"selectOptionByValue(findTestObject(""Pilar 1/Dokumen Go Live/UAT/CBU/PIC-CBU-Submit-Task/Page_TindakLanjut/select_b3-b1-b1-BisnisUnit""), ""0"", false)",Chrome 150.0.7871.129,,,22-07-2026 11:10:05,22-07-2026 11:10:07,2.112s,PASSED
"selectOptionByValue(findTestObject(""Pilar 1/Dokumen Go Live/UAT/CBU/PIC-CBU-Submit-Task/Page_TindakLanjut/select_b3-b1-b1-Dropdown1""), ""2"", false)",Chrome 150.0.7871.129,,,22-07-2026 11:10:07,22-07-2026 11:10:08,0.945s,PASSED
"selectOptionByValue(findTestObject(""Pilar 1/Dokumen Go Live/UAT/CBU/PIC-CBU-Submit-Task/Page_TindakLanjut/select_b3-b1-b1-Dropdown3""), ""0"", false)",Chrome 150.0.7871.129,,,22-07-2026 11:10:08,22-07-2026 11:10:09,0.525s,PASSED
"click(findTestObject(""Pilar 1/Dokumen Go Live/UAT/CBU/PIC-CBU-Submit-Task/Page_TindakLanjut/button_Cari""))",Chrome 150.0.7871.129,,,22-07-2026 11:10:09,22-07-2026 11:10:09,0.290s,PASSED
"click(findTestObject(""Pilar 1/Dokumen Go Live/UAT/CBU/PIC-CBU-Submit-Task/Page_TindakLanjut/button_Tindak Lanjut""))",Chrome 150.0.7871.129,,,22-07-2026 11:10:09,22-07-2026 11:10:10,1.171s,PASSED
"setText(findTestObject(""Pilar 1/Dokumen Go Live/UAT/CBU/PIC-CBU-Submit-Task/Page_TindakLanjutDetail/input_b3-b2-l3-187_0-l3-188_0-b5-l5_0-189_0-Input""), ""31-07-2026"")",Chrome 150.0.7871.129,,,22-07-2026 11:10:10,22-07-2026 11:10:13,3.023s,PASSED
"setText(findTestObject(""Pilar 1/Dokumen Go Live/UAT/CBU/PIC-CBU-Submit-Task/Page_TindakLanjutDetail/textarea_b3-b2-l3-187_0-l3-188_0-b5-l5_0-189_0-T""), ""testing"")",Chrome 150.0.7871.129,,,22-07-2026 11:10:13,22-07-2026 11:10:14,0.568s,PASSED
"click(findTestObject(""Pilar 1/Dokumen Go Live/UAT/CBU/PIC-CBU-Submit-Task/Page_TindakLanjutDetail/button_Unggah""))",Chrome 150.0.7871.129,,,22-07-2026 11:10:14,22-07-2026 11:10:14,0.521s,PASSED
delay(7),Chrome 150.0.7871.129,,,22-07-2026 11:10:14,22-07-2026 11:10:21,7.007s,PASSED
"uploadFile(findTestObject(""Pilar 1/Dokumen Go Live/UAT/CBU/PIC-CBU-Submit-Task/Page_TindakLanjutDetail/div_b3-b2-l3-187_0-l3-188_0-b5-b3-dropzone""), Lorem)",Chrome 150.0.7871.129,,,22-07-2026 11:10:21,22-07-2026 11:10:21,0.001s,NOT_RUN
"click(findTestObject(""Pilar 1/Dokumen Go Live/UAT/CBU/PIC-CBU-Submit-Task/Page_TindakLanjutDetail/button_Upload""))",Chrome 150.0.7871.129,,,22-07-2026 11:10:21,22-07-2026 11:10:21,0.000s,NOT_RUN
"click(findTestObject(""Pilar 1/Dokumen Go Live/UAT/CBU/PIC-CBU-Submit-Task/Page_TindakLanjutDetail/button_Submit""))",Chrome 150.0.7871.129,,,22-07-2026 11:10:21,22-07-2026 11:10:21,0.289s,PASSED
"selectOptionByValue(findTestObject(""Pilar 1/Dokumen Go Live/UAT/CBU/PIC-CBU-Submit-Task/Page_TindakLanjut/select_b3-b1-b1-Dropdown3""), ""2"", false)",Chrome 150.0.7871.129,,,22-07-2026 11:10:21,22-07-2026 11:10:24,2.227s,PASSED
"click(findTestObject(""Pilar 1/Dokumen Go Live/UAT/CBU/PIC-CBU-Submit-Task/Page_TindakLanjut/button_Cari""))",Chrome 150.0.7871.129,,,22-07-2026 11:10:24,22-07-2026 11:10:24,0.282s,PASSED
,,,,,,,
Test Cases/Pilar 1/Dokumen Go Live/UAT/CBU/SPV-CBU-Submit-Tindak-Lanjut,Chrome 150.0.7871.129,,,22-07-2026 11:10:24,22-07-2026 11:11:34,1m - 9.891s,PASSED
"callTestCase(findTestCase(""Pilar 1/Login/UAT/SPV-CBU""), [:], STOP_ON_FAILURE)",Chrome 150.0.7871.129,,,22-07-2026 11:10:24,22-07-2026 11:11:01,36.459s,PASSED
"click(findTestObject(""Pilar 1/Dokumen Go Live/UAT/CBU/SPV-CBU-Assign-PIC/Page_Dashboard/div_b2-l1-16_10-b3-SubMenuHeader""))",Chrome 150.0.7871.129,,,22-07-2026 11:11:01,22-07-2026 11:11:06,5.167s,PASSED
"click(findTestObject(""Pilar 1/Dokumen Go Live/UAT/CBU/SPV-CBU-Assign-PIC/Page_Dashboard/div_b2-l1-16_10-b4-l1-44_4-b1-SubMenuHeader""))",Chrome 150.0.7871.129,,,22-07-2026 11:11:06,22-07-2026 11:11:09,2.959s,PASSED
"click(findTestObject(""Pilar 1/Dokumen Go Live/UAT/CBU/SPV-CBU-Assign-PIC/Page_Dashboard/a_Dokumen Golive""))",Chrome 150.0.7871.129,,,22-07-2026 11:11:09,22-07-2026 11:11:09,0.286s,PASSED
"setText(findTestObject(""Pilar 1/Dokumen Go Live/UAT/CBU/SPV-CBU-Assign-PIC/Page_TindakLanjut/input_b3-b2-b1-Input_StartDate3""), ""22-07-2026"")",Chrome 150.0.7871.129,,,22-07-2026 11:11:09,22-07-2026 11:11:13,4.364s,PASSED
"setText(findTestObject(""Pilar 1/Dokumen Go Live/UAT/CBU/SPV-CBU-Assign-PIC/Page_TindakLanjut/input_b3-b2-b1-Input_StartDate4""), ""22-07-2026"")",Chrome 150.0.7871.129,,,22-07-2026 11:11:13,22-07-2026 11:11:14,0.556s,PASSED
"selectOptionByValue(findTestObject(""Pilar 1/Dokumen Go Live/UAT/CBU/SPV-CBU-Assign-PIC/Page_TindakLanjut/select_b3-b2-b1-Dropdown2""), ""2"", false)",Chrome 150.0.7871.129,,,22-07-2026 11:11:14,22-07-2026 11:11:14,0.508s,PASSED
"selectOptionByValue(findTestObject(""Pilar 1/Dokumen Go Live/UAT/CBU/SPV-CBU-Assign-PIC/Page_TindakLanjut/select_b3-b2-b1-Dropdown5""), ""2"", false)",Chrome 150.0.7871.129,,,22-07-2026 11:11:14,22-07-2026 11:11:15,0.498s,PASSED
"click(findTestObject(""Pilar 1/Dokumen Go Live/UAT/CBU/SPV-CBU-Assign-PIC/Page_TindakLanjut/button_Cari""))",Chrome 150.0.7871.129,,,22-07-2026 11:11:15,22-07-2026 11:11:15,0.300s,PASSED
"click(findTestObject(""Pilar 1/Dokumen Go Live/UAT/CBU/SPV-CBU-Assign-PIC/Page_TindakLanjut/button_Tindak Lanjut""))",Chrome 150.0.7871.129,,,22-07-2026 11:11:15,22-07-2026 11:11:16,0.829s,PASSED
"click(findTestObject(""Pilar 1/Dokumen Go Live/UAT/CBU/SPV-CBU-Submit-Tindak-Lanjut/Page_TindakLanjutDetail/button_Tindak Lanjut""))",Chrome 150.0.7871.129,,,22-07-2026 11:11:16,22-07-2026 11:11:21,5.473s,PASSED
"click(findTestObject(""Pilar 1/Dokumen Go Live/UAT/CBU/SPV-CBU-Submit-Tindak-Lanjut/Page_TindakLanjutDocumentDetail/button_Lihat Dokumen""))",Chrome 150.0.7871.129,,,22-07-2026 11:11:21,22-07-2026 11:11:23,1.735s,PASSED
"selectOptionByValue(findTestObject(""Pilar 1/Dokumen Go Live/UAT/CBU/SPV-CBU-Submit-Tindak-Lanjut/Page_TindakLanjutDocumentDetail/select_b3-l1-787_0-b2-TindakLanjutStatus""), ""0"", false)",Chrome 150.0.7871.129,,,22-07-2026 11:11:23,22-07-2026 11:11:27,3.753s,PASSED
"setText(findTestObject(""Pilar 1/Dokumen Go Live/UAT/CBU/SPV-CBU-Submit-Tindak-Lanjut/Page_TindakLanjutDocumentDetail/textarea_b3-l1-787_0-b2-TextArea_HasilCatatan""), ""testing"")",Chrome 150.0.7871.129,,,22-07-2026 11:11:27,22-07-2026 11:11:28,0.598s,PASSED
"click(findTestObject(""Pilar 1/Dokumen Go Live/UAT/CBU/SPV-CBU-Submit-Tindak-Lanjut/Page_TindakLanjutDocumentDetail/button_Submit""))",Chrome 150.0.7871.129,,,22-07-2026 11:11:28,22-07-2026 11:11:28,0.522s,PASSED
"click(findTestObject(""Pilar 1/Dokumen Go Live/UAT/CBU/SPV-CBU-Submit-Tindak-Lanjut/Page_TindakLanjutDetail/button_Tindak Lanjut""))",Chrome 150.0.7871.129,,,22-07-2026 11:11:28,22-07-2026 11:11:34,5.793s,PASSED
